PlainPeptide,%Rank_bestAllele,Binding Level,Control,Unnamed: 0,Peptide,-10lgP,Mass,Length,ppm,m/z,RT,Intensity BB7.2 Filter1,Fraction,Scan,Source File,#Feature,#Feature BB7.2 Filter1,Accession,PTM,AScore,Found By,charge,Peptide_orig,Alternative_IL_Explanation,Intensity W632 F1,#Feature W632 F1,PTM detected
YQRQLSSTY,0.01,SB,,2262,YQRQLSSTY,31.91,1144.5513,9,2.3,573.2842,29.07,,7,6382,F20180830_KP_THP1_w632_filter1.raw,1,,P56817|BACE1_HUMAN,,,PEAKS DB,2,YQRQLSSTY,False,1940000.0,1.0,N
QQFPYGASY,0.01,SB,,3583,QQFPYGASY,13.46,1059.4661,9,1.7,1060.4751,60.48,,7,18833,F20180830_KP_THP1_w632_filter1.raw,1,,Q8NFD5|ARI1B_HUMAN,,,PEAKS DB,1,QQFPYGASY,False,1020000.0,1.0,N
HLRPESHSY,0.01,SB,,4895,HLRPESHSY,28.97,1124.5363,9,2.1,563.2766,19.6,,7,2643,F20180830_KP_THP1_w632_filter1.raw,1,,Q9Y618|NCOR2_HUMAN,,,PEAKS DB,2,HLRPESHSY,False,1410000.0,1.0,N
FQKASSIVY,0.01,SB,,8423,FQKASSIVY,26.21,1041.5494,9,2.9,521.7835,37.5,,9,9731,F20180830_KP_THP1_w632_filter3.raw,1,,P01730|CD4_HUMAN,,,PEAKS DB,2,FQKASSIVY,False,1010000.0,1.0,N
SQFGGGSQY,0.01,SB,,1062,SQFGGGSQY,26.37,929.3879,9,1.4,465.7019,37.26,,7,9620,F20180830_KP_THP1_w632_filter1.raw,1,,O15371|EIF3D_HUMAN,,,PEAKS DB,2,SQFGGGSQY,False,8220000.0,1.0,N
ILKEILQEY,0.01,SB,,1485,ILKEILQEY,25.47,1147.6488,9,2.5,574.8331,63.41,,7,20005,F20180830_KP_THP1_w632_filter1.raw,1,,P07332|FES_HUMAN,,,PEAKS DB,2,ILKEILQEY,False,1730000.0,1.0,N
YLYGQTTTY,0.01,SB,,1571,YLYGQTTTY,31.5,1108.5077,9,2.6,1109.5178,54.99,,7,16653,F20180830_KP_THP1_w632_filter1.raw,2,,P11388|TOP2A_HUMAN,,,PEAKS DB,1,YLYGQTTTY,False,167000000.0,2.0,N
LQRLENTQY,0.01,SB,,3875,LQRLENTQY,32.3,1163.5935,9,1.8,582.8051,32.57,,7,7768,F20180830_KP_THP1_w632_filter1.raw,1,,Q96D70|R3HD4_HUMAN,,,PEAKS DB,2,LQRLENTQY,False,28100000.0,1.0,N
YLISGGTSY,0.01,SB,,1591,YLISGGTSY,19.87,959.46,9,2.2,960.4694,58.4,,7,18017,F20180830_KP_THP1_w632_filter1.raw,1,,P12268|IMDH2_HUMAN,,,PEAKS DB,1,YLISGGTSY,False,4100000.0,1.0,N
TLKREQESY,0.01,SB,,3615,TLKREQESY,32.75,1152.5775,9,1.0,577.2966,20.23,,7,2896,F20180830_KP_THP1_w632_filter1.raw,1,,Q8TBA6|GOGA5_HUMAN,,,PEAKS DB,2,TLKREQESY,False,1450000.0,1.0,N
QQRQSLIEY,0.01,SB,,2875,QQRQSLIEY,25.84,1163.5935,9,2.1,582.8052,39.56,,7,10531,F20180830_KP_THP1_w632_filter1.raw,1,,Q15051|IQCB1_HUMAN,,,PEAKS DB,2,QQRQSLIEY,False,5490000.0,1.0,N
ALREEVESF,0.01,SB,,1878,ALREEVESF,24.05,1078.5294,9,1.7,540.2729,45.84,,7,13014,F20180830_KP_THP1_w632_filter1.raw,1,,P34896|GLYC_HUMAN,,,PEAKS DB,2,ALREEVESF,False,619000.0,1.0,N
ILKQEQEEY,0.01,SB,,577,ILKQEQEEY,14.91,1178.5819,9,1.1,590.2989,29.0,,7,6356,F20180830_KP_THP1_w632_filter1.raw,1,,B0I1T2|MYO1G_HUMAN,,,PEAKS DB,2,ILKQEQEEY,False,1450000.0,1.0,N
LQKANQEQY,0.01,SB,,4601,LQKANQEQY,18.6,1120.5513,9,1.5,561.2838,21.71,,7,3482,F20180830_KP_THP1_w632_filter1.raw,1,,Q9UBU8|MO4L1_HUMAN,,,PEAKS DB,2,LQKANQEQY,False,1030000.0,1.0,N
SQYQGVVVY,0.01,SB,,4777,SQYQGVVVY,28.05,1041.5131,9,2.4,1042.5228,58.59,,7,18088,F20180830_KP_THP1_w632_filter1.raw,2,,Q9Y221|NIP7_HUMAN,,,PEAKS DB,1,SQYQGVVVY,False,19800000.0,2.0,N
RQKEVNENF,0.01,SB,,7094,RQKEVNENF,30.61,1162.573,9,2.2,582.295,22.33,,8,3728,F20180830_KP_THP1_w632_filter2.raw,1,,O75380|NDUS6_HUMAN,,,PEAKS DB,2,RQKEVNENF,False,1530000.0,1.0,N
YLKLVGQQY,0.01,SB,,8630,YLKLVGQQY,34.84,1110.6073,9,2.5,556.3123,48.07,,9,13927,F20180830_KP_THP1_w632_filter3.raw,1,,Q9UJF2|NGAP_HUMAN,,,PEAKS DB,2,YLKLVGQQY,False,808000.0,1.0,N
LQRATPEQY,0.02,SB,,1629,LQRATPEQY,33.91,1104.5564,9,1.1,553.2861,26.93,,7,5536,F20180830_KP_THP1_w632_filter1.raw,1,,P14324|FPPS_HUMAN,,,PEAKS DB,2,LQRATPEQY,False,1590000.0,1.0,N
FIKDGSSTY,0.02,SB,,3111,FIKDGSSTY,27.5,1016.4814,9,2.3,509.2491,30.48,,7,6944,F20180830_KP_THP1_w632_filter1.raw,1,,Q5TEJ8|THMS2_HUMAN,,,PEAKS DB,2,FIKDGSSTY,False,2520000.0,1.0,N
LQYPFAVTSY,0.02,SB,,5165,LQYPFAVTSY,28.51,1187.5862,10,3.3,594.8023,85.47,,7,28841,F20180830_KP_THP1_w632_filter1.raw,1,,P14543|NID1_HUMAN,,,PEAKS DB,2,LQYPFAVTSY,False,613000.0,1.0,N
YLKRPGLTY,0.02,SB,,1007,YLKRPGLTY,29.66,1109.6233,9,2.0,555.82,32.34,,7,7678,F20180830_KP_THP1_w632_filter1.raw,1,,O14802|RPC1_HUMAN,,,PEAKS DB,2,YLKRPGLTY,False,1180000.0,1.0,N
FQKILTLTY,0.02,SB,,1511,FQKILTLTY,34.85,1125.6433,9,2.8,563.8305,63.79,,7,20160,F20180830_KP_THP1_w632_filter1.raw,1,,P08240|SRPRA_HUMAN,,,PEAKS DB,2,FQKILTLTY,False,5760000.0,1.0,N
HLKEDQTEY,0.02,SB,,1510,HLKEDQTEY,37.31,1161.5302,9,1.9,581.7734,21.46,,7,3384,F20180830_KP_THP1_w632_filter1.raw,1,,P08238|HS90B_HUMAN:P07900|HS90A_HUMAN,,,PEAKS DB,2,HLKEDQTEY,False,51100000.0,1.0,N
FVKRESQAY,0.02,SB,,7581,FVKRESQAY,21.24,1126.577,9,3.0,564.2975,21.32,,8,3328,F20180830_KP_THP1_w632_filter2.raw,1,,Q96FV2|SCRN2_HUMAN,,,PEAKS DB,2,FVKRESQAY,False,2060000.0,1.0,N
LMYGGVSSY,0.02,SB,,707,LMYGGVSSY,16.91,975.4371,9,1.7,976.4461,60.08,,7,18674,F20180830_KP_THP1_w632_filter1.raw,1,,,,,PEAKS DB,1,LMYGGVSSY,False,1700000.0,1.0,N
HLRETQAQY,0.02,SB,,4002,HLRETQAQY,35.21,1144.5625,9,1.7,573.2895,21.32,,7,3326,F20180830_KP_THP1_w632_filter1.raw,1,,Q96SB3|NEB2_HUMAN,,,PEAKS DB,2,HLRETQAQY,False,1540000.0,1.0,N
LLREELQAY,0.02,SB,,2808,LLREELQAY,35.1,1133.608,9,2.3,567.8126,49.2,,7,14340,F20180830_KP_THP1_w632_filter1.raw,1,,Q14674|ESPL1_HUMAN,,,PEAKS DB,2,LLREELQAY,False,28300000.0,1.0,N
NQKPPSAEY,0.02,SB,,4754,NQKPPSAEY,36.42,1032.4875,9,1.0,517.2516,23.85,,7,4318,F20180830_KP_THP1_w632_filter1.raw,1,,Q9UPN3|MACF1_HUMAN,,,PEAKS DB,2,NQKPPSAEY,False,4480000.0,1.0,N
YLFEWRTQY,0.02,SB,,1577,YLFEWRTQY,32.7,1304.6189,9,3.9,653.3193,73.14,,7,23906,F20180830_KP_THP1_w632_filter1.raw,0,,P11717|MPRI_HUMAN,,,PEAKS DB,2,YLFEWRTQY,False,0.0,0.0,N
LLKSEKSSY,0.02,SB,,2714,LLKSEKSSY,28.11,1053.5706,9,1.7,527.7935,21.44,,7,3374,F20180830_KP_THP1_w632_filter1.raw,1,,Q13772|NCOA4_HUMAN,,,PEAKS DB,2,LLKSEKSSY,False,3760000.0,1.0,N
HLKKLKESY,0.02,SB,,2379,HLKKLKESY,42.15,1144.6604,9,2.2,573.3387,19.74,,7,2702,F20180830_KP_THP1_w632_filter1.raw,1,,P63165|SUMO1_HUMAN,,,PEAKS DB,2,HLKKLKESY,False,14800000.0,1.0,N
RQFDLAWQY,0.02,SB,,8606,RQFDLAWQY,34.64,1225.588,9,2.9,613.803,68.22,,9,21975,F20180830_KP_THP1_w632_filter3.raw,1,,Q9HCU8|DPOD4_HUMAN,,,PEAKS DB,2,RQFDLAWQY,False,7460000.0,1.0,N
SQRLESVSF,0.02,SB,,1318,SQRLESVSF,25.79,1051.5298,9,1.4,526.7729,43.77,,7,12196,F20180830_KP_THP1_w632_filter1.raw,1,,O94913|PCF11_HUMAN,,,PEAKS DB,2,SQRLESVSF,False,1240000.0,1.0,N
RQFQEHFQF,0.02,SB,,7725,RQFQEHFQF,12.6,1265.5941,9,3.2,633.8063,42.13,,8,11565,F20180830_KP_THP1_w632_filter2.raw,1,,Q9UGR2|Z3H7B_HUMAN,,,PEAKS DB,2,RQFQEHFQF,False,497000.0,1.0,N
SMKEEGITF,0.02,SB,,1289,SMKEEGITF,10.42,1056.4797,9,2.6,529.2485,40.18,,7,10778,F20180830_KP_THP1_w632_filter1.raw,1,,O75886|STAM2_HUMAN,Oxidation (M),M2:Oxidation (M):1000.00,PEAKS DB,2,SM(+15.99)KEEGITF,False,989000.0,1.0,N
SMFDLTSEY,0.02,SB,,7511,SMFDLTSEY,16.28,1107.443,9,3.2,1108.4539,71.58,,8,23310,F20180830_KP_THP1_w632_filter2.raw,1,,Q8NF50|DOCK8_HUMAN,Oxidation (M),M2:Oxidation (M):1000.00,PEAKS DB,1,SM(+15.99)FDLTSEY,False,804000.0,1.0,N
ILKEEQELY,0.02,SB,,8632,ILKEEQELY,19.09,1163.6074,9,3.1,582.8128,42.74,,9,11809,F20180830_KP_THP1_w632_filter3.raw,1,,Q9UM54|MYO6_HUMAN,,,PEAKS DB,2,ILKEEQELY,False,2290000.0,1.0,N
VLKEEGVSF,0.02,SB,,2422,VLKEEGVSF,35.62,1006.5334,9,1.4,504.2747,45.25,,7,12785,F20180830_KP_THP1_w632_filter1.raw,2,,P78527|PRKDC_HUMAN,,,PEAKS DB,2,VLKEEGVSF,False,15200000.0,2.0,N
QLKEEFERY,0.02,SB,,8568,QLKEEFERY,30.98,1240.6088,9,3.7,621.314,33.78,,9,8253,F20180830_KP_THP1_w632_filter3.raw,1,,Q96CN9|GCC1_HUMAN,,,PEAKS DB,2,QLKEEFERY,False,1380000.0,1.0,N
QLKTETITY,0.02,SB,,4766,QLKTETITY,29.6,1095.5812,9,2.0,548.799,37.87,,7,9860,F20180830_KP_THP1_w632_filter1.raw,1,,Q9UPV9|TRAK1_HUMAN,,,PEAKS DB,2,QLKTETITY,False,2410000.0,1.0,N
FQKVITEY,0.02,SB,,387,FQKVITEY,30.74,1026.5386,8,2.4,514.2778,40.83,,7,11035,F20180830_KP_THP1_w632_filter1.raw,2,,Q7KZF4|SND1_HUMAN,,,PEAKS DB,2,FQKVITEY,False,31700000.0,2.0,N
VQYEMRTLY,0.03,SB,,2430,VQYEMRTLY,32.99,1201.5801,9,2.7,601.799,51.35,,7,15200,F20180830_KP_THP1_w632_filter1.raw,1,,P82664|RT10_HUMAN,,,PEAKS DB,2,VQYEMRTLY,False,3970000.0,1.0,N
RQFPSAFEF,0.03,SB,,7336,RQFPSAFEF,19.11,1127.5399,9,1.4,564.778,66.22,,8,21163,F20180830_KP_THP1_w632_filter2.raw,1,,Q13613|MTMR1_HUMAN,,,PEAKS DB,2,RQFPSAFEF,False,964000.0,1.0,N
FLHEEEKSY,0.03,SB,,976,FLHEEEKSY,34.36,1180.54,9,1.8,591.2784,27.04,,7,5583,F20180830_KP_THP1_w632_filter1.raw,1,,O00635|TRI38_HUMAN,,,PEAKS DB,2,FLHEEEKSY,False,579000.0,1.0,N
RQFEGLMRF,0.03,SB,,4711,RQFEGLMRF,32.9,1182.5968,9,2.7,592.3073,50.32,,7,14790,F20180830_KP_THP1_w632_filter1.raw,1,,Q9ULQ1|TPC1_HUMAN,,,PEAKS DB,2,RQFEGLMRF,False,15500000.0,1.0,N
MLYKGQTAY,0.03,SB,,1381,MLYKGQTAY,26.27,1073.5216,9,1.7,537.769,34.4,,7,8484,F20180830_KP_THP1_w632_filter1.raw,1,,O95789|ZMYM6_HUMAN,,,PEAKS DB,2,MLYKGQTAY,False,2100000.0,1.0,N
RQKSPLFQF,0.03,SB,,3714,RQKSPLFQF,22.54,1229.5957,9,3.5,615.8073,54.44,,7,16431,F20180830_KP_THP1_w632_filter1.raw,1,,Q8WY36|BBX_HUMAN,Phosphorylation (STY),S4:Phosphorylation (STY):1000.00,PEAKS DB,2,RQKS(+79.97)PLFQF,False,1440000.0,1.0,N
MMIPSQISY,0.03,SB,,2516,MMIPSQISY,28.01,1068.4984,9,2.7,1069.5085,75.57,,7,24884,F20180830_KP_THP1_w632_filter1.raw,2,,Q04637|IF4G1_HUMAN,,,PEAKS DB,1,MMIPSQISY,False,82900000.0,2.0,N
YMIDPSGVSY,0.03,SB,,5201,YMIDPSGVSY,30.54,1130.4954,10,1.2,1131.504,73.03,,7,23864,F20180830_KP_THP1_w632_filter1.raw,2,,P25788|PSA3_HUMAN,,,PEAKS DB,1,YMIDPSGVSY,False,630000000.0,2.0,N
IMRELDVSY,0.03,SB,,2034,IMRELDVSY,28.78,1124.5536,9,2.7,563.2856,51.8,,7,15379,F20180830_KP_THP1_w632_filter1.raw,1,,P46977|STT3A_HUMAN,,,PEAKS DB,2,IMRELDVSY,False,5510000.0,1.0,N
RLRVLNVSY,0.03,SB,,7481,RLRVLNVSY,13.26,1118.656,9,2.9,560.3369,35.26,,8,8835,F20180830_KP_THP1_w632_filter2.raw,0,,Q86YC3|NRROS_HUMAN,,,PEAKS DB,2,RLRVLNVSY,False,0.0,0.0,N
FQHLLRVAY,0.03,SB,,2709,FQHLLRVAY,38.83,1145.6345,9,1.4,573.8253,43.21,,7,11978,F20180830_KP_THP1_w632_filter1.raw,2,,Q13671|RIN1_HUMAN,,,PEAKS DB,2,FQHLLRVAY,False,3340000.0,2.0,N
RVQGFQVEY,0.04,SB,,1383,RVQGFQVEY,9.98,1124.5614,9,1.7,563.2889,29.22,,7,6441,F20180830_KP_THP1_w632_filter1.raw,1,,O95793|STAU1_HUMAN,,,PEAKS DB,2,RVQGFQVEY,False,5400000.0,1.0,N
YMRALQIVY,0.04,SB,,4195,YMRALQIVY,23.41,1155.6111,9,2.2,578.8141,61.1,,7,19082,F20180830_KP_THP1_w632_filter1.raw,1,,Q9BZD4|NUF2_HUMAN,,,PEAKS DB,2,YMRALQIVY,False,1490000.0,1.0,N
IMKLDIEQY,0.04,SB,,1995,IMKLDIEQY,30.68,1167.5846,9,2.9,584.8013,50.26,,7,14765,F20180830_KP_THP1_w632_filter1.raw,2,,P43304|GPDM_HUMAN,Oxidation (M),M2:Oxidation (M):1000.00,PEAKS DB,2,IM(+15.99)KLDIEQY,False,18300000.0,2.0,N
HLHPIQTSF,0.04,SB,,3651,HLHPIQTSF,34.58,1078.5559,9,2.0,540.2863,34.7,,7,8604,F20180830_KP_THP1_w632_filter1.raw,1,,Q8TEM1|PO210_HUMAN,,,PEAKS DB,2,HLHPIQTSF,False,1210000.0,1.0,N
FMAPAQMAY,0.04,SB,,3675,FMAPAQMAY,24.58,1028.4459,9,2.3,1029.4556,68.37,,7,21995,F20180830_KP_THP1_w632_filter1.raw,1,,Q8WU79|SMAP2_HUMAN,,,PEAKS DB,1,FMAPAQMAY,False,7170000.0,1.0,N
RQFPTAFEF,0.04,SB,,2700,RQFPTAFEF,31.8,1141.5555,9,2.7,571.7866,67.93,,7,21820,F20180830_KP_THP1_w632_filter1.raw,1,,Q13614|MTMR2_HUMAN,,,PEAKS DB,2,RQFPTAFEF,False,4600000.0,1.0,N
GLRLELTTY,0.04,SB,,4068,GLRLELTTY,22.67,1064.5865,9,2.2,533.3017,61.22,,7,19133,F20180830_KP_THP1_w632_filter1.raw,1,,Q99720|SGMR1_HUMAN,,,PEAKS DB,2,GLRLELTTY,False,3600000.0,1.0,N
FQFIMKQSY,0.04,SB,,4287,FQFIMKQSY,33.11,1190.5793,9,1.6,596.2979,60.59,,7,18879,F20180830_KP_THP1_w632_filter1.raw,1,,Q9H5I5|PIEZ2_HUMAN,,,PEAKS DB,2,FQFIMKQSY,False,802000.0,1.0,N
MLAPLSTTY,0.04,SB,,2217,MLAPLSTTY,28.39,995.4998,9,3.5,996.5105,71.09,,7,23085,F20180830_KP_THP1_w632_filter1.raw,2,,P53985|MOT1_HUMAN,,,PEAKS DB,1,MLAPLSTTY,False,19800000.0,2.0,N
SQYPFPVTLY,0.04,SB,,5558,SQYPFPVTLY,37.84,1213.6019,10,2.5,607.8098,93.94,,7,32225,F20180830_KP_THP1_w632_filter1.raw,1,,Q5R372|RBG1L_HUMAN,,,PEAKS DB,2,SQYPFPVTLY,False,3940000.0,1.0,N
RARELLVSY,0.04,SB,,4861,RARELLVSY,26.75,1105.6244,9,2.0,553.8206,35.76,,7,9026,F20180830_KP_THP1_w632_filter1.raw,1,,Q9Y4W2|LAS1L_HUMAN,,,PEAKS DB,2,RARELLVSY,False,44800000.0,1.0,N
ILRGEELTY,0.04,SB,,7753,ILRGEELTY,13.57,1092.5815,9,3.3,547.2999,44.41,,8,12462,F20180830_KP_THP1_w632_filter2.raw,1,,Q9UMN6|KMT2B_HUMAN,,,PEAKS DB,2,ILRGEELTY,False,791000.0,1.0,N
QLRAQILAY,0.04,SB,,2150,QLRAQILAY,28.21,1074.6185,9,2.9,538.3181,51.06,,7,15085,F20180830_KP_THP1_w632_filter1.raw,1,,P51531|SMCA2_HUMAN,,,PEAKS DB,2,QLRAQILAY,False,4460000.0,1.0,N
FLAPLVTEY,0.04,SB,,3962,FLAPLVTEY,27.66,1051.559,9,2.7,1052.5691,88.2,,7,29933,F20180830_KP_THP1_w632_filter1.raw,2,,Q96NL6|SCLT1_HUMAN,,,PEAKS DB,1,FLAPLVTEY,False,21400000.0,2.0,N
VLKIELETY,0.04,SB,,2964,VLKIELETY,27.33,1106.6223,9,2.0,554.3195,61.25,,7,19145,F20180830_KP_THP1_w632_filter1.raw,1,,Q16204|CCDC6_HUMAN,,,PEAKS DB,2,VLKIELETY,False,6660000.0,1.0,N
EMKELQTQY,0.04,SB,,3764,EMKELQTQY,24.88,1168.5435,9,1.6,585.28,36.95,,7,9495,F20180830_KP_THP1_w632_filter1.raw,1,,Q92614|MY18A_HUMAN,,,PEAKS DB,2,EMKELQTQY,False,1690000.0,1.0,N
RQIDATFVRF,0.04,SB,,5518,RQIDATFVRF,32.43,1251.6724,10,2.8,626.8452,50.73,,7,14952,F20180830_KP_THP1_w632_filter1.raw,1,,Q15435|PP1R7_HUMAN,,,PEAKS DB,2,RQIDATFVRF,False,4470000.0,1.0,N
YVHETLTVY,0.04,SB,,4009,YVHETLTVY,32.23,1123.5549,9,2.3,562.786,45.17,,7,12755,F20180830_KP_THP1_w632_filter1.raw,1,,Q96SW2|CRBN_HUMAN,,,PEAKS DB,2,YVHETLTVY,False,6600000.0,1.0,N
YLRKEDMEY,0.05,SB,,2644,YLRKEDMEY,33.61,1245.5699,9,2.3,623.7937,30.14,,7,6809,F20180830_KP_THP1_w632_filter1.raw,1,,Q13242|SRSF9_HUMAN,,,PEAKS DB,2,YLRKEDMEY,False,16600000.0,1.0,N
FLRDKIASY,0.05,SB,,3227,FLRDKIASY,29.6,1111.6025,9,1.7,556.8095,36.25,,7,9218,F20180830_KP_THP1_w632_filter1.raw,1,,Q6PJG6|BRAT1_HUMAN,,,PEAKS DB,2,FLRDKIASY,False,6890000.0,1.0,N
FQYESKVFY,0.05,SB,,2534,FQYESKVFY,40.31,1209.5706,9,1.1,605.7932,55.85,,7,16996,F20180830_KP_THP1_w632_filter1.raw,2,,Q04917|1433F_HUMAN,,,PEAKS DB,2,FQYESKVFY,False,82300000.0,2.0,N
LIKEDQVEY,0.05,SB,,3062,LIKEDQVEY,27.17,1135.576,9,1.3,568.7959999999998,38.52,,7,10120,F20180830_KP_THP1_w632_filter1.raw,1,,Q5JSL3|DOC11_HUMAN,,,PEAKS DB,2,LIKEDQVEY,False,7350000.0,1.0,N
EQIDLLQQY,0.05,SB,,6820,EQIDLLQQY,27.33,1148.5713,9,2.7,575.2945,79.24,,8,26361,F20180830_KP_THP1_w632_filter2.raw,1,,A6NHR9|SMHD1_HUMAN,,,PEAKS DB,2,EQIDLLQQY,False,471000.0,1.0,N
KQFPTAFEF,0.05,SB,,2683,KQFPTAFEF,33.77,1113.5494,9,2.9,557.7836,66.56,,7,21271,F20180830_KP_THP1_w632_filter1.raw,1,,Q13496|MTM1_HUMAN,,,PEAKS DB,2,KQFPTAFEF,False,6630000.0,1.0,N
FLFEDGESF,0.05,SB,,6901,FLFEDGESF,9.71,1089.4655,9,2.8,1090.4758,95.16,,8,32702,F20180830_KP_THP1_w632_filter2.raw,1,,,,,PEAKS DB,1,FLFEDGESF,False,15400000.0,1.0,N
FMSEVIQAY,0.05,SB,,7554,FMSEVIQAY,25.82,1086.5056,9,3.3,544.2619,74.72,,8,24554,F20180830_KP_THP1_w632_filter2.raw,1,,Q92797|SYMPK_HUMAN,,,PEAKS DB,2,FMSEVIQAY,False,464000.0,1.0,N
YLREEVKTF,0.05,SB,,3289,YLREEVKTF,32.55,1183.6237,9,2.4,592.8205,34.46,,7,8510,F20180830_KP_THP1_w632_filter1.raw,2,,Q71RC2|LARP4_HUMAN:Q92615|LAR4B_HUMAN,,,PEAKS DB,2,YLREEVKTF,False,12400000.0,2.0,N
RQKKIRIQL,0.05,SB,,7679,RQKKIRIQL,21.29,1181.772,9,3.4,591.8953,24.19,,8,4453,F20180830_KP_THP1_w632_filter2.raw,2,,Q9HD64|XAGE1_HUMAN,,,PEAKS DB,2,RQKKIRIQL,False,4270000.0,2.0,N
TQYESKVFY,0.05,SB,,2312,TQYESKVFY,38.42,1163.5498,9,2.4,582.7836,42.79,,7,11811,F20180830_KP_THP1_w632_filter1.raw,1,,P61981|1433G_HUMAN,,,PEAKS DB,2,TQYESKVFY,False,2340000.0,1.0,N
FLKPDDIQY,0.05,SB,,3577,FLKPDDIQY,26.99,1137.5706,9,2.0,569.7937,57.02,387000.0,52,13639,F20180830_KP_THP1_BB72_Filter2.raw,1,1.0,O75533|SF3B1_HUMAN,,,PEAKS DB,2,FLKPDDIQY,False,,,N
LLREENEGY,0.05,SB,,3602,LLREENEGY,31.35,1121.5353,9,1.8,561.7759,31.74,,7,7439,F20180830_KP_THP1_w632_filter1.raw,1,,Q8NI27|THOC2_HUMAN,,,PEAKS DB,2,LLREENEGY,False,940000.0,1.0,N
KQFAEILHF,0.05,SB,,4446,KQFAEILHF,33.4,1131.6077,9,3.2,566.8129,57.56,,7,17679,F20180830_KP_THP1_w632_filter1.raw,1,,Q9NUQ9|FA49B_HUMAN,,,PEAKS DB,2,KQFAEILHF,False,2340000.0,1.0,N
YLRLLTSGY,0.05,SB,,8572,YLRLLTSGY,38.83,1084.5917,9,3.9,543.3052,59.71,,9,18574,F20180830_KP_THP1_w632_filter3.raw,1,,Q96FW1|OTUB1_HUMAN,,,PEAKS DB,2,YLRLLTSGY,False,1860000.0,1.0,N
HLFDIITQY,0.05,SB,,3961,HLFDIITQY,38.32,1148.5865,9,2.6,575.3021,81.86,,7,27390,F20180830_KP_THP1_w632_filter1.raw,1,,Q96MW5|COG8_HUMAN,,,PEAKS DB,2,HLFDIITQY,False,889000.0,1.0,N
LMFLEISSY,0.05,SB,,3930,LMFLEISSY,15.55,1101.5416,9,3.1,1102.5524,101.85,,7,35366,F20180830_KP_THP1_w632_filter1.raw,1,,Q96JC1|VPS39_HUMAN,,,PEAKS DB,1,LMFLEISSY,False,891000.0,1.0,N
SLVGITSAY,0.06,SB,,1018,SLVGITSAY,26.28,909.4807,9,2.2,910.49,68.01,,7,21850,F20180830_KP_THP1_w632_filter1.raw,1,,O14974|MYPT1_HUMAN,,,PEAKS DB,1,SLVGITSAY,False,3700000.0,1.0,N
TMAPPVMAY,0.06,SB,,2680,TMAPPVMAY,38.23,979.4507,9,2.0,980.4599,67.99,,7,21842,F20180830_KP_THP1_w632_filter1.raw,2,,Q13492|PICAL_HUMAN,,,PEAKS DB,1,TMAPPVMAY,False,6300000.0,2.0,N
YLHEHKIVY,0.06,SB,,7393,YLHEHKIVY,33.27,1200.6292,9,2.9,601.3236,26.49,,8,5369,F20180830_KP_THP1_w632_filter2.raw,1,,Q16513|PKN2_HUMAN,,,PEAKS DB,2,YLHEHKIVY,False,2010000.0,1.0,N
HIKTETVTY,0.06,SB,,1160,HIKTETVTY,33.07,1090.5659,9,1.3,546.2909999999998,25.62,,7,5016,F20180830_KP_THP1_w632_filter1.raw,1,,O60296|TRAK2_HUMAN,,,PEAKS DB,2,HIKTETVTY,False,6370000.0,1.0,N
SIMEHNVAY,0.06,SB,,1465,SIMEHNVAY,17.46,1062.4805,9,1.7,532.2484,38.29,,7,10030,F20180830_KP_THP1_w632_filter1.raw,1,,P05771|KPCB_HUMAN,,,PEAKS DB,2,SIMEHNVAY,False,832000.0,1.0,N
TMKLELAQY,0.06,SB,,1771,TMKLELAQY,33.48,1095.5635,9,2.2,548.7902,55.11,,7,16699,F20180830_KP_THP1_w632_filter1.raw,1,,P25705|ATPA_HUMAN,,,PEAKS DB,2,TMKLELAQY,False,4850000.0,1.0,N
MQIDSFPQY,0.07,SB,,7295,MQIDSFPQY,10.64,1127.4957,9,3.8,1128.5073,75.34,,8,24801,F20180830_KP_THP1_w632_filter2.raw,0,,P78527|PRKDC_HUMAN,,,PEAKS DB,1,MQIDSFPQY,False,0.0,0.0,N
EQKELQALY,0.07,SB,,2521,EQKELQALY,18.84,1120.5764,9,2.3,561.2968,45.16,,7,12747,F20180830_KP_THP1_w632_filter1.raw,1,,Q04637|IF4G1_HUMAN,,,PEAKS DB,2,EQKELQALY,False,7090000.0,1.0,N
NQIESKAAY,0.07,SB,,2169,NQIESKAAY,29.34,1022.5032,9,1.6,512.2597,25.61,,7,5014,F20180830_KP_THP1_w632_filter1.raw,1,,P51784|UBP11_HUMAN,,,PEAKS DB,2,NQIESKAAY,False,3500000.0,1.0,N
LLFEEYISY,0.07,SB,,7651,LLFEEYISY,16.18,1175.575,9,2.3,1176.585,100.02,,8,34634,F20180830_KP_THP1_w632_filter2.raw,1,,Q9H583|HEAT1_HUMAN,,,PEAKS DB,1,LLFEEYISY,False,3980000.0,1.0,N
LIREEKNSY,0.07,SB,,2564,LIREEKNSY,30.88,1150.5981,9,1.6,576.3073,22.2,,7,3675,F20180830_KP_THP1_w632_filter1.raw,1,,Q08ER8|ZN543_HUMAN,,,PEAKS DB,2,LIREEKNSY,False,6130000.0,1.0,N
EQRNLQVEY,0.07,SB,,2028,EQRNLQVEY,19.04,1177.5728,9,2.3,589.795,36.66,,7,9382,F20180830_KP_THP1_w632_filter1.raw,1,,P46939|UTRO_HUMAN,,,PEAKS DB,2,EQRNLQVEY,False,319000.0,1.0,N
TLKGPDSHY,0.07,SB,,4229,TLKGPDSHY,25.9,1016.4927,9,-0.1,509.2536,22.45,,7,3772,F20180830_KP_THP1_w632_filter1.raw,1,,Q9H0C5|BTBD1_HUMAN,,,PEAKS DB,2,TLKGPDSHY,False,1900000.0,1.0,N
TVIPNSHVY,0.07,SB,,4316,TVIPNSHVY,23.33,1028.5291,9,2.2,515.2729,38.25,,7,10014,F20180830_KP_THP1_w632_filter1.raw,1,,Q9H9Y2|RPF1_HUMAN,,,PEAKS DB,2,TVIPNSHVY,False,940000.0,1.0,N
HLRDYFEQY,0.07,SB,,3008,HLRDYFEQY,28.25,1269.5778,9,2.2,635.7975,45.93,,7,13049,F20180830_KP_THP1_w632_filter1.raw,1,,Q32P51|RA1L2_HUMAN:P09651|ROA1_HUMAN,,,PEAKS DB,2,HLRDYFEQY,False,991000.0,1.0,N
GQYGNPLNKY,0.07,SB,,5027,GQYGNPLNKY,38.28,1152.5564,10,2.7,577.2869999999998,38.58,,7,10142,F20180830_KP_THP1_w632_filter1.raw,1,,O14672|ADA10_HUMAN,,,PEAKS DB,2,GQYGNPLNKY,False,11700000.0,1.0,N
TVIDSQTHY,0.07,SB,,4826,TVIDSQTHY,26.99,1062.4982,9,2.4,532.2576,32.17,,7,7612,F20180830_KP_THP1_w632_filter1.raw,1,,Q9Y3Q3|TMED3_HUMAN,,,PEAKS DB,2,TVIDSQTHY,False,42000000.0,1.0,N
HLIQTTHHY,0.07,SB,,7070,HLIQTTHHY,32.38,1148.5728,9,3.7,575.2958,21.4,,8,3358,F20180830_KP_THP1_w632_filter2.raw,1,,O60306|AQR_HUMAN,,,PEAKS DB,2,HLIQTTHHY,False,950000.0,1.0,N
FVKGWGAEY,0.07,SB,,2431,FVKGWGAEY,33.92,1055.5076,9,2.6,528.7625,48.12,,7,13911,F20180830_KP_THP1_w632_filter1.raw,1,,P84022|SMAD3_HUMAN:Q15796|SMAD2_HUMAN:Q15797|SMAD1_HUMAN:Q99717|SMAD5_HUMAN:O15198|SMAD9_HUMAN,,,PEAKS DB,2,FVKGWGAEY,False,8800000.0,1.0,N
LLADITSKY,0.07,SB,,2197,LLADITSKY,27.73,1022.5648,9,1.8,512.2906,52.85,,7,15794,F20180830_KP_THP1_w632_filter1.raw,1,,P52739|ZN131_HUMAN,,,PEAKS DB,2,LLADITSKY,False,14400000.0,1.0,N
FLKVAGMQY,0.07,SB,,1102,FLKVAGMQY,27.47,1055.5474,9,2.4,528.7822,56.32,,7,17186,F20180830_KP_THP1_w632_filter1.raw,1,,O43374|RASL2_HUMAN:C9J798|RAS4B_HUMAN,,,PEAKS DB,2,FLKVAGMQY,False,1090000.0,1.0,N
FIRDGELQY,0.07,SB,,4740,FIRDGELQY,28.14,1139.5610000000001,9,2.4,570.7892,48.02,,7,13875,F20180830_KP_THP1_w632_filter1.raw,1,,Q9UNK9|ANGE1_HUMAN,,,PEAKS DB,2,FIRDGELQY,False,9210000.0,1.0,N
YIFKERESF,0.07,SB,,3543,YIFKERESF,33.39,1217.608,9,1.7,609.8123,39.37,,7,10455,F20180830_KP_THP1_w632_filter1.raw,2,,Q8N9N2|ASCC1_HUMAN,,,PEAKS DB,2,YIFKERESF,False,84900000.0,2.0,N
MLRPEKEAF,0.08,SB,,4878,MLRPEKEAF,21.83,1119.5746,9,1.4,560.7953,31.82,,7,7471,F20180830_KP_THP1_w632_filter1.raw,1,,Q9Y5Q8|TF3C5_HUMAN,,,PEAKS DB,2,MLRPEKEAF,False,710000.0,1.0,N
ELKREHTSY,0.08,SB,,1349,ELKREHTSY,40.06,1161.5778,9,1.9,581.7972,19.13,,7,2459,F20180830_KP_THP1_w632_filter1.raw,1,,O95347|SMC2_HUMAN,,,PEAKS DB,2,ELKREHTSY,False,7190000.0,1.0,N
ELRSLTQSY,0.08,SB,,2202,ELRSLTQSY,32.54,1095.556,9,1.8,548.7863,40.25,,7,10806,F20180830_KP_THP1_w632_filter1.raw,1,,P52948|NUP98_HUMAN,,,PEAKS DB,2,ELRSLTQSY,False,4340000.0,1.0,N
FMRQAGEVTY,0.08,SB,,5449,FMRQAGEVTY,30.61,1200.5597,10,1.9,601.2883,38.44,,7,10089,F20180830_KP_THP1_w632_filter1.raw,1,,Q13247|SRSF6_HUMAN,,,PEAKS DB,2,FMRQAGEVTY,False,1700000.0,1.0,N
FLFDNSKITY,0.08,SB,,7851,FLFDNSKITY,24.66,1246.6233,10,4.0,624.3214,73.03,,8,23876,F20180830_KP_THP1_w632_filter2.raw,1,,O14920|IKKB_HUMAN,,,PEAKS DB,2,FLFDNSKITY,False,675000.0,1.0,N
VVAPITTGY,0.08,SB,,4329,VVAPITTGY,36.31,919.5015,9,2.6,920.5112,57.61,,7,17698,F20180830_KP_THP1_w632_filter1.raw,2,,Q9HB71|CYBP_HUMAN,,,PEAKS DB,1,VVAPITTGY,False,48800000.0,2.0,N
HQITVLHVY,0.08,SB,,4521,HQITVLHVY,36.45,1108.6029,9,1.4,555.3095,39.74,,7,10604,F20180830_KP_THP1_w632_filter1.raw,1,,Q9NYP7|ELOV5_HUMAN,,,PEAKS DB,2,HQITVLHVY,False,1670000.0,1.0,N
EQRRQNVAY,0.08,SB,,3407,EQRRQNVAY,20.51,1162.5842,9,1.8,582.3004,19.98,,7,2795,F20180830_KP_THP1_w632_filter1.raw,1,,Q86VI3|IQGA3_HUMAN,,,PEAKS DB,2,EQRRQNVAY,False,9700000.0,1.0,N
TMHASILAY,0.08,SB,,1021,TMHASILAY,26.54,1005.4954,9,2.0,503.756,49.29,,7,14376,F20180830_KP_THP1_w632_filter1.raw,2,,O14980|XPO1_HUMAN,,,PEAKS DB,2,TMHASILAY,False,4160000.0,2.0,N
QAYSGIQQY,0.08,SB,,1347,QAYSGIQQY,31.55,1056.4875,9,0.9,529.2515,45.64,,7,12937,F20180830_KP_THP1_w632_filter1.raw,1,,O95319|CELF2_HUMAN:Q92879|CELF1_HUMAN,,,PEAKS DB,2,QAYSGIQQY,False,3320000.0,1.0,N
YLNNSVMEY,0.08,SB,,2175,YLNNSVMEY,28.52,1147.4856,9,2.4,574.7515,48.39,,7,14019,F20180830_KP_THP1_w632_filter1.raw,1,,P51946|CCNH_HUMAN,Oxidation (M),M7:Oxidation (M):1000.00,PEAKS DB,2,YLNNSVM(+15.99)EY,False,3060000.0,1.0,N
HLAPNHTTF,0.08,SB,,4011,HLAPNHTTF,23.89,1036.509,9,0.4,519.262,26.13,,7,5220,F20180830_KP_THP1_w632_filter1.raw,1,,Q96T21|SEBP2_HUMAN,,,PEAKS DB,2,HLAPNHTTF,False,956000.0,1.0,N
TLRQERLSF,0.09,SB,,2891,TLRQERLSF,38.67,1148.6301,9,2.3,575.3237,35.06,,7,8747,F20180830_KP_THP1_w632_filter1.raw,2,,Q15149|PLEC_HUMAN,,,PEAKS DB,2,TLRQERLSF,False,8530000.0,2.0,N
QMSNITVTY,0.09,SB,,2333,QMSNITVTY,24.57,1055.4957,9,-9.2,528.7503,58.07,,7,17885,F20180830_KP_THP1_w632_filter1.raw,0,,P62318|SMD3_HUMAN,,,PEAKS DB,2,QMSNITVTY,False,0.0,0.0,N
NQIRPGLQY,0.09,SB,,4006,NQIRPGLQY,36.58,1087.5774,9,2.3,544.7972,37.92,,7,9880,F20180830_KP_THP1_w632_filter1.raw,1,,Q96SI9|STRBP_HUMAN,,,PEAKS DB,2,NQIRPGLQY,False,1430000.0,1.0,N
VVKPPGSSL,0.09,SB,,3745,VVKPPGSSL,31.52,882.5175,9,2.5,442.2671,31.63,,7,7396,F20180830_KP_THP1_w632_filter1.raw,1,,Q92560|BAP1_HUMAN,,,PEAKS DB,2,VVKPPGSSL,False,8490000.0,1.0,N
FMIQVNHEY,0.09,SB,,3995,FMIQVNHEY,25.79,1179.5383,9,2.2,590.7777,53.31,,7,15980,F20180830_KP_THP1_w632_filter1.raw,1,,Q96RT7|GCP6_HUMAN,,,PEAKS DB,2,FMIQVNHEY,False,647000.0,1.0,N
RQFGKKHLF,0.09,SB,,8539,RQFGKKHLF,17.9,1159.6614,9,2.0,580.8391,23.32,,9,4116,F20180830_KP_THP1_w632_filter3.raw,1,,Q86WQ0|NR2CA_HUMAN,,,PEAKS DB,2,RQFGKKHLF,False,1410000.0,1.0,N
KQFELALQL,0.09,SB,,3928,KQFELALQL,27.29,1088.6229,9,3.1,545.3204,71.94,,7,23423,F20180830_KP_THP1_w632_filter1.raw,1,,Q96JC1|VPS39_HUMAN,,,PEAKS DB,2,KQFELALQL,False,1040000.0,1.0,N
FLNKASAVY,0.09,SB,,3126,FLNKASAVY,30.86,1011.5389,9,1.9,506.7777,38.7,,7,10192,F20180830_KP_THP1_w632_filter1.raw,1,,Q5VWZ2|LYPL1_HUMAN,,,PEAKS DB,2,FLNKASAVY,False,4520000.0,1.0,N
HLRDYFEEY,0.09,SB,,1741,HLRDYFEEY,36.13,1270.5618,9,2.3,636.2896,47.64,,7,13721,F20180830_KP_THP1_w632_filter1.raw,1,,P22626|ROA2_HUMAN,,,PEAKS DB,2,HLRDYFEEY,False,9610000.0,1.0,N
ILHANVVVY,0.09,SB,,1679,ILHANVVVY,20.03,1026.5862,9,1.8,514.3013,47.96,,7,13851,F20180830_KP_THP1_w632_filter1.raw,1,,P18074|ERCC2_HUMAN,,,PEAKS DB,2,ILHANVVVY,False,1910000.0,1.0,N
ISREEMVSY,0.09,SB,,3328,ISREEMVSY,34.5,1112.5172,9,2.2,557.2671,38.38,,7,10065,F20180830_KP_THP1_w632_filter1.raw,1,,Q7LDG7|GRP2_HUMAN,,,PEAKS DB,2,ISREEMVSY,False,26900000.0,1.0,N
MVKDGEIVY,0.09,SB,,1380,MVKDGEIVY,19.47,1052.5212,9,1.9,527.2689,40.11,,7,10752,F20180830_KP_THP1_w632_filter1.raw,1,,O95714|HERC2_HUMAN,,,PEAKS DB,2,MVKDGEIVY,False,1260000.0,1.0,N
FVAEQKVEY,0.1,SB,,2520,FVAEQKVEY,37.56,1111.5549,9,2.0,556.7858,37.86,,7,9858,F20180830_KP_THP1_w632_filter1.raw,2,,Q04637|IF4G1_HUMAN,,,PEAKS DB,2,FVAEQKVEY,False,58700000.0,2.0,N
ILGPPGSVY,0.1,SB,,2178,ILGPPGSVY,34.3,901.4909,9,2.8,902.5007,64.68,,7,20516,F20180830_KP_THP1_w632_filter1.raw,2,,P51965|UB2E1_HUMAN:Q96LR5|UB2E2_HUMAN:Q969T4|UB2E3_HUMAN,,,PEAKS DB,1,ILGPPGSVY,False,312000000.0,2.0,N
MMKTEGPSY,0.1,SB,,1293,MMKTEGPSY,41.21,1042.4463,9,1.6,522.2313,29.77,,7,6661,F20180830_KP_THP1_w632_filter1.raw,1,,O75909|CCNK_HUMAN,,,PEAKS DB,2,MMKTEGPSY,False,3380000.0,1.0,N
FAFEHSEEY,0.1,SB,,4097,FAFEHSEEY,37.89,1157.4666,9,2.2,579.7418,47.64,,7,13723,F20180830_KP_THP1_w632_filter1.raw,1,,Q9BQ70|TCF25_HUMAN,,,PEAKS DB,2,FAFEHSEEY,False,67900000.0,1.0,N
TLFPFGSIAY,0.1,SB,,5879,TLFPFGSIAY,15.13,1114.5698,10,2.5,558.2936,104.78,,7,36534,F20180830_KP_THP1_w632_filter1.raw,1,,Q9NX78|TM260_HUMAN,,,PEAKS DB,2,TLFPFGSIAY,False,1040000.0,1.0,N
FLHEHKIVY,0.1,SB,,2966,FLHEHKIVY,36.52,1184.6342,9,1.1,593.325,29.6,,7,6595,F20180830_KP_THP1_w632_filter1.raw,2,,Q16512|PKN1_HUMAN,,,PEAKS DB,2,FLHEHKIVY,False,14900000.0,2.0,N
SLRLEVTEF,0.1,SB,,3249,SLRLEVTEF,24.36,1092.5815,9,2.9,547.2996,64.82,,7,20573,F20180830_KP_THP1_w632_filter1.raw,1,,Q6TFL3|CC171_HUMAN,,,PEAKS DB,2,SLRLEVTEF,False,977000.0,1.0,N
LLKLETNEF,0.2,SB,,3286,LLKLETNEF,23.83,1105.6019,9,2.8,553.8098,58.48,,7,18046,F20180830_KP_THP1_w632_filter1.raw,1,,Q70UQ0|IKIP_HUMAN,,,PEAKS DB,2,LLKLETNEF,False,2080000.0,1.0,N
SLKVDNLTY,0.2,SB,,7301,SLKVDNLTY,27.58,1051.5549,9,2.2,526.7859,48.38,,8,14039,F20180830_KP_THP1_w632_filter2.raw,1,,Q01130|SRSF2_HUMAN,,,PEAKS DB,2,SLKVDNLTY,False,5090000.0,1.0,N
MLAGATAVY,0.2,SB,,3797,MLAGATAVY,27.8,895.4473,9,2.0,896.4564,57.28,,7,17568,F20180830_KP_THP1_w632_filter1.raw,1,,Q92878|RAD50_HUMAN,,,PEAKS DB,1,MLAGATAVY,False,7750000.0,1.0,N
SLPDFGISY,0.2,SB,,3400,SLPDFGISY,15.96,997.4756,9,3.0,998.4860000000001,87.97,,7,29839,F20180830_KP_THP1_w632_filter1.raw,1,,Q86UX7|URP2_HUMAN,,,PEAKS DB,1,SLPDFGISY,False,74500000.0,1.0,N
EQILATAVY,0.2,SB,,4378,EQILATAVY,22.74,1006.5335,9,2.8,1007.5436,69.36,,7,22395,F20180830_KP_THP1_w632_filter1.raw,2,,Q9NPJ6|MED4_HUMAN,,,PEAKS DB,1,EQILATAVY,False,35000000.0,2.0,N
SQHYHQGYY,0.2,SB,,2470,SQHYHQGYY,39.57,1181.489,9,1.3,591.7526,22.34,,7,3731,F20180830_KP_THP1_w632_filter1.raw,1,,Q00839|HNRPU_HUMAN,,,PEAKS DB,2,SQHYHQGYY,False,2020000.0,1.0,N
FAHASGMQY,0.2,SB,,4439,FAHASGMQY,27.75,1010.428,9,1.0,506.2218,32.62,,7,7788,F20180830_KP_THP1_w632_filter1.raw,1,,Q9NUA8|ZBT40_HUMAN,,,PEAKS DB,2,FAHASGMQY,False,1330000.0,1.0,N
IMREEVSFF,0.2,SB,,4762,IMREEVSFF,27.03,1156.5586,9,1.5,579.2874,65.49,,7,20842,F20180830_KP_THP1_w632_filter1.raw,1,,Q9UPR0|PLCL2_HUMAN,,,PEAKS DB,2,IMREEVSFF,False,1770000.0,1.0,N
YVAHERLSY,0.2,SB,,3695,YVAHERLSY,34.68,1136.5614,9,1.4,569.2888,28.29,,7,6076,F20180830_KP_THP1_w632_filter1.raw,1,,Q8WVJ9|TWST2_HUMAN:Q15672|TWST1_HUMAN,,,PEAKS DB,2,YVAHERLSY,False,11200000.0,1.0,N
FMKRDLTEF,0.2,SB,,4484,FMKRDLTEF,29.72,1185.5852,9,2.0,593.8011,41.77,,7,11407,F20180830_KP_THP1_w632_filter1.raw,1,,Q9NW68|BSDC1_HUMAN,,,PEAKS DB,2,FMKRDLTEF,False,5900000.0,1.0,N
TLHLERLAY,0.2,SB,,2407,TLHLERLAY,33.92,1114.6135,9,1.4,558.3148,44.59,,7,12521,F20180830_KP_THP1_w632_filter1.raw,1,,P78395|PRAME_HUMAN,,,PEAKS DB,2,TLHLERLAY,False,2150000.0,1.0,N
TLNVSTTRY,0.2,SB,,4507,TLNVSTTRY,23.9,1053.5454,9,2.1,527.7811,34.01,,7,8338,F20180830_KP_THP1_w632_filter1.raw,1,,Q9NXR5|ANR10_HUMAN,,,PEAKS DB,2,TLNVSTTRY,False,920000.0,1.0,N
TMAAIHESF,0.2,SB,,7312,TMAAIHESF,24.15,1005.459,9,2.7,503.7381,43.01,,8,11903,F20180830_KP_THP1_w632_filter2.raw,1,,Q05084|ICA69_HUMAN,,,PEAKS DB,2,TMAAIHESF,False,4850000.0,1.0,N
RQIFLEMGF,0.2,SB,,4797,RQIFLEMGF,27.15,1139.5797,9,2.8,570.7987,77.82,,7,25773,F20180830_KP_THP1_w632_filter1.raw,1,,Q9Y285|SYFA_HUMAN,,,PEAKS DB,2,RQIFLEMGF,False,300000.0,1.0,N
WMAEQKISY,0.2,SB,,3419,WMAEQKISY,36.58,1170.538,9,2.1,586.2775,41.65,,7,11360,F20180830_KP_THP1_w632_filter1.raw,1,,Q86X95|CIR1_HUMAN,Oxidation (M),M2:Oxidation (M):1000.00,PEAKS DB,2,WM(+15.99)AEQKISY,False,8570000.0,1.0,N
FVAEERVSF,0.2,SB,,3282,FVAEERVSF,38.86,1082.5396,9,2.9,542.2786,50.9,,7,15018,F20180830_KP_THP1_w632_filter1.raw,1,,Q6ZS81|WDFY4_HUMAN,,,PEAKS DB,2,FVAEERVSF,False,49800000.0,1.0,N
TIKSGDLEY,0.2,SB,,3893,TIKSGDLEY,24.49,1024.5077,9,2.4,513.2623,36.03,,7,9131,F20180830_KP_THP1_w632_filter1.raw,1,,Q96EU7|C1GLC_HUMAN,,,PEAKS DB,2,TIKSGDLEY,False,13600000.0,1.0,N
LVFGGMVEY,0.2,SB,,7259,LVFGGMVEY,11.24,1013.4892,9,2.3,1014.4988,86.1,,8,29104,F20180830_KP_THP1_w632_filter2.raw,1,,P51610|HCFC1_HUMAN,,,PEAKS DB,1,LVFGGMVEY,False,2480000.0,1.0,N
TLKVDNLTY,0.2,SB,,4106,TLKVDNLTY,31.0,1065.5706,9,2.6,533.7939,49.14,,7,14315,F20180830_KP_THP1_w632_filter1.raw,1,,Q9BRL6|SRSF8_HUMAN,,,PEAKS DB,2,TLKVDNLTY,False,1750000.0,1.0,N
TLADIICEY,0.2,SB,,6994,TLADIICEY,18.14,1039.4896,9,3.1,1040.5001,96.65,,8,33293,F20180830_KP_THP1_w632_filter2.raw,1,,,,,PEAKS DB,1,TLADIICEY,False,4380000.0,1.0,N
RQYAKDIGF,0.2,SB,,7283,RQYAKDIGF,19.25,1096.5665,9,2.3,549.2918,33.85,,8,8278,F20180830_KP_THP1_w632_filter2.raw,1,,P62273|RS29_HUMAN,,,PEAKS DB,2,RQYAKDIGF,False,1130000.0,1.0,N
AAFPGASLY,0.2,SB,,2868,AAFPGASLY,33.02,895.4439,9,2.8,896.4537,72.33,,7,23581,F20180830_KP_THP1_w632_filter1.raw,2,,Q15038|DAZP2_HUMAN,,,PEAKS DB,1,AAFPGASLY,False,210000000.0,2.0,N
HAFESSQKY,0.2,SB,,3986,HAFESSQKY,25.68,1095.4985,9,1.4,548.7573,22.17,,7,3664,F20180830_KP_THP1_w632_filter1.raw,1,,Q96QA6|YPEL2_HUMAN:O60688|YPEL1_HUMAN,,,PEAKS DB,2,HAFESSQKY,False,1270000.0,1.0,N
TAMPYLTSY,0.2,SB,,4869,TAMPYLTSY,32.14,1061.474,9,2.2,1062.4836,57.42,,7,17623,F20180830_KP_THP1_w632_filter1.raw,2,,Q9Y5A9|YTHD2_HUMAN,Oxidation (M),M3:Oxidation (M):1000.00,PEAKS DB,1,TAM(+15.99)PYLTSY,False,12100000.0,2.0,N
TLKEDWIAY,0.2,SB,,7126,TLKEDWIAY,22.82,1137.5706,9,2.9,1138.5812,61.52,,8,19282,F20180830_KP_THP1_w632_filter2.raw,2,,O95819|M4K4_HUMAN,,,PEAKS DB,1,TLKEDWIAY,False,24200000.0,2.0,N
RQFAGQINL,0.2,SB,,7545,RQFAGQINL,23.75,1045.5669,9,3.1,523.7924,46.88,,8,13442,F20180830_KP_THP1_w632_filter2.raw,1,,Q92502|STAR8_HUMAN,,,PEAKS DB,2,RQFAGQINL,False,493000.0,1.0,N
YSFGENEVY,0.2,SB,,3975,YSFGENEVY,14.62,1106.4556,9,1.5,554.2359,65.2,,7,20726,F20180830_KP_THP1_w632_filter1.raw,1,,Q96PD7|DGAT2_HUMAN,,,PEAKS DB,2,YSFGENEVY,False,401000.0,1.0,N
TQPLHEVVY,0.2,SB,,4585,TQPLHEVVY,11.54,1084.5553,9,1.6,543.2858,45.37,,7,12831,F20180830_KP_THP1_w632_filter1.raw,1,,Q9UBD5|ORC3_HUMAN,,,PEAKS DB,2,TQPLHEVVY,False,2080000.0,1.0,N
FVRKEDMTY,0.2,SB,,2555,FVRKEDMTY,31.5,1187.5645,9,2.5,594.7909999999998,28.43,,7,6132,F20180830_KP_THP1_w632_filter1.raw,1,,Q07955|SRSF1_HUMAN,,,PEAKS DB,2,FVRKEDMTY,False,12200000.0,1.0,N
ILAIERESF,0.2,SB,,4276,ILAIERESF,29.6,1076.5865,9,1.7,539.3015,55.7,,7,16936,F20180830_KP_THP1_w632_filter1.raw,1,,Q9H4A3|WNK1_HUMAN,,,PEAKS DB,2,ILAIERESF,False,23500000.0,1.0,N
TLMLEHQAF,0.2,SB,,4848,TLMLEHQAF,37.02,1088.5325,9,2.4,545.2748,54.12,,7,16305,F20180830_KP_THP1_w632_filter1.raw,1,,Q9Y4A5|TRRAP_HUMAN,,,PEAKS DB,2,TLMLEHQAF,False,17900000.0,1.0,N
HAIQGTLSY,0.2,SB,,2528,HAIQGTLSY,25.6,988.4978,9,1.8,495.2571,36.23,,7,9211,F20180830_KP_THP1_w632_filter1.raw,1,,Q04721|NOTC2_HUMAN,,,PEAKS DB,2,HAIQGTLSY,False,4290000.0,1.0,N
QERPSVTSY,0.2,SB,,4663,QERPSVTSY,29.12,1065.509,9,1.4,533.7625,28.84,,7,6296,F20180830_KP_THP1_w632_filter1.raw,1,,Q9UJX3|APC7_HUMAN,,,PEAKS DB,2,QERPSVTSY,False,23900000.0,1.0,N
RQNKLTYTM,0.2,SB,,3880,RQNKLTYTM,35.83,1169.5863,9,2.1,585.8016,21.66,,7,3460,F20180830_KP_THP1_w632_filter1.raw,1,,Q96DI7|SNR40_HUMAN,Oxidation (M),M9:Oxidation (M):1000.00,PEAKS DB,2,RQNKLTYTM(+15.99),False,1580000.0,1.0,N
TAIKIQSVY,0.2,SB,,3489,TAIKIQSVY,32.87,1021.5807,9,2.2,511.7988,45.09,,7,12722,F20180830_KP_THP1_w632_filter1.raw,1,,Q8IZT6|ASPM_HUMAN,,,PEAKS DB,2,TAIKIQSVY,False,2800000.0,1.0,N
VMFPGNSPSY,0.2,SB,,5880,VMFPGNSPSY,35.53,1097.4851,10,1.5,549.7507,63.42,,7,20011,F20180830_KP_THP1_w632_filter1.raw,2,,Q9NY27|PP4R2_HUMAN,,,PEAKS DB,2,VMFPGNSPSY,False,6030000.0,2.0,N
RQYGSEGRFTF,0.2,SB,,8160,RQYGSEGRFTF,17.67,1346.6367,11,3.2,674.3278,37.97,,8,9913,F20180830_KP_THP1_w632_filter2.raw,1,,Q7Z7H5|TMED4_HUMAN,,,PEAKS DB,2,RQYGSEGRFTF,False,687000.0,1.0,N
YMRALDEYY,0.2,SB,,1933,YMRALDEYY,11.84,1222.5328,9,3.3,612.2757,54.37,,7,16402,F20180830_KP_THP1_w632_filter1.raw,1,,P38606|VATA_HUMAN,,,PEAKS DB,2,YMRALDEYY,False,1390000.0,1.0,N
ELKAPGISY,0.2,SB,,8562,ELKAPGISY,25.86,976.5229,9,2.8,489.2701,48.36,,9,14043,F20180830_KP_THP1_w632_filter3.raw,1,,Q8WYR1|PI3R5_HUMAN,,,PEAKS DB,2,ELKAPGISY,False,2740000.0,1.0,N
QLIENVSIY,0.2,SB,,613,QLIENVSIY,10.44,1077.5706,9,2.5,539.7939,75.4,,7,24814,F20180830_KP_THP1_w632_filter1.raw,1,,,,,PEAKS DB,2,QLIENVSIY,False,257000.0,1.0,N
YLHSRDVVY,0.2,SB,,1846,YLHSRDVVY,33.72,1150.577,9,1.8,576.2968,30.25,,7,6852,F20180830_KP_THP1_w632_filter1.raw,1,,P31751|AKT2_HUMAN,,,PEAKS DB,2,YLHSRDVVY,False,619000.0,1.0,N
HLRGNEVLY,0.2,SB,,1838,HLRGNEVLY,23.08,1099.5774,9,1.0,550.7965,29.8,,7,6672,F20180830_KP_THP1_w632_filter1.raw,1,,P30876|RPB2_HUMAN,,,PEAKS DB,2,HLRGNEVLY,False,3910000.0,1.0,N
DQREGGQVY,0.2,SB,,1791,DQREGGQVY,30.11,1050.473,9,1.6,526.2446,25.7,,7,5049,F20180830_KP_THP1_w632_filter1.raw,1,,P28065|PSB9_HUMAN,,,PEAKS DB,2,DQREGGQVY,False,3120000.0,1.0,N
IIKSGDQTF,0.2,SB,,811,IIKSGDQTF,17.97,1007.5287,9,2.5,504.7729,31.77,,7,7453,F20180830_KP_THP1_w632_filter1.raw,1,,,,,PEAKS DB,2,IIKSGDQTF,False,669000.0,1.0,N
FLQESNVLY,0.2,SB,,1951,FLQESNVLY,29.64,1111.5549,9,2.7,556.7863,72.53,,7,23663,F20180830_KP_THP1_w632_filter1.raw,2,,P40763|STAT3_HUMAN,,,PEAKS DB,2,FLQESNVLY,False,7860000.0,2.0,N
FVISNTTGY,0.2,SB,,8463,FVISNTTGY,24.08,1000.4866,9,3.8,1001.4977,61.99,,9,19486,F20180830_KP_THP1_w632_filter3.raw,1,,P49354|FNTA_HUMAN,,,PEAKS DB,1,FVISNTTGY,False,2100000.0,1.0,N
QQMWISKQEY,0.2,SB,,5344,QQMWISKQEY,34.68,1355.6179,10,1.8,678.8174,39.86,,7,10651,F20180830_KP_THP1_w632_filter1.raw,1,,P60709|ACTB_HUMAN:P63261|ACTG_HUMAN:O96019|ACL6A_HUMAN,Oxidation (M),M3:Oxidation (M):1000.00,PEAKS DB,2,QQM(+15.99)WISKQEY,False,1300000.0,1.0,N
IVRLERETF,0.2,SB,,939,IVRLERETF,29.43,1161.6505,9,1.9,581.8336,36.6,,7,9356,F20180830_KP_THP1_w632_filter1.raw,2,,O00267|SPT5H_HUMAN,,,PEAKS DB,2,IVRLERETF,False,2070000.0,2.0,N
RQIQPSPPWSY,0.2,SB,,6173,RQIQPSPPWSY,36.04,1437.6442,11,1.1,719.8301,67.34,,7,21582,F20180830_KP_THP1_w632_filter1.raw,1,,Q01196|RUNX1_HUMAN,Phosphorylation (STY),S6:Phosphorylation (STY):22.37,PEAKS DB,2,RQIQPS(+79.97)PPWSY,False,882000.0,1.0,N
RMMQTILHF,0.2,SB,,1153,RMMQTILHF,19.3,1175.5944,9,2.6,588.806,53.44,,7,16032,F20180830_KP_THP1_w632_filter1.raw,1,,O60287|NPA1P_HUMAN,,,PEAKS DB,2,RMMQTILHF,False,346000.0,1.0,N
EIREELEQY,0.2,SB,,1368,EIREELEQY,27.08,1207.572,9,1.9,604.7944,46.33,,7,13201,F20180830_KP_THP1_w632_filter1.raw,1,,O95602|RPA1_HUMAN,,,PEAKS DB,2,EIREELEQY,False,3560000.0,1.0,N
EQRSGDITY,0.2,SB,,8346,EQRSGDITY,18.42,1067.4883,9,2.6,534.7528,28.65,,9,6228,F20180830_KP_THP1_w632_filter3.raw,1,,,,,PEAKS DB,2,EQRSGDITY,False,7200000.0,1.0,N
ELREGFVEY,0.2,SB,,1190,ELREGFVEY,25.58,1140.545,9,2.7,571.2813,53.09,,7,15891,F20180830_KP_THP1_w632_filter1.raw,1,,O60518|RNBP6_HUMAN,,,PEAKS DB,2,ELREGFVEY,False,2390000.0,1.0,N
YARDETEFY,0.2,SB,,1682,YARDETEFY,32.56,1192.5037,9,2.2,597.2604,41.32,,7,11228,F20180830_KP_THP1_w632_filter1.raw,1,,P18077|RL35A_HUMAN,,,PEAKS DB,2,YARDETEFY,False,16000000.0,1.0,N
YTNPEDGVTY,0.2,SB,,4978,YTNPEDGVTY,14.45,1157.4877,10,2.1,579.7523,49.97,,7,14649,F20180830_KP_THP1_w632_filter1.raw,1,,,,,PEAKS DB,2,YTNPEDGVTY,False,834000.0,1.0,N
QMHLDRQQF,0.2,SB,,1314,QMHLDRQQF,29.94,1217.5612,9,0.1,609.7879,25.22,,7,4861,F20180830_KP_THP1_w632_filter1.raw,1,,O94855|SC24D_HUMAN,Oxidation (M),M2:Oxidation (M):1000.00,PEAKS DB,2,QM(+15.99)HLDRQQF,False,1880000.0,1.0,N
FLIDLKTRY,0.2,SB,,2176,FLIDLKTRY,24.27,1167.6652,9,2.8,390.2301,57.35,,7,17595,F20180830_KP_THP1_w632_filter1.raw,2,,P51946|CCNH_HUMAN,,,PEAKS DB,3,FLIDLKTRY,False,1160000.0,2.0,N
ELAKQITSY,0.2,SB,,2139,ELAKQITSY,39.52,1051.5549,9,2.5,526.7861,39.34,,7,10448,F20180830_KP_THP1_w632_filter1.raw,1,,P50990|TCPQ_HUMAN,,,PEAKS DB,2,ELAKQITSY,False,90100000.0,1.0,N
RQIDLVDNYF,0.2,SB,,5931,RQIDLVDNYF,35.57,1281.6353,10,2.0,641.8262,70.74,,7,22946,F20180830_KP_THP1_w632_filter1.raw,1,,Q9UPN9|TRI33_HUMAN,,,PEAKS DB,2,RQIDLVDNYF,False,5840000.0,1.0,N
AQFEHTILL,0.2,SB,,1274,AQFEHTILL,30.02,1070.576,9,3.5,536.2972,60.65,24700000.0,51,15783,F20180830_KP_THP1_BB72_Filter1.raw,2,2.0,P50579|MAP2_HUMAN,,,PEAKS DB,2,AQFEHTILL,False,,,N
ILHKSKLRY,0.2,SB,,1753,ILHKSKLRY,32.81,1156.708,9,2.1,579.3625,116.1,10900000.0,51,37662,F20180830_KP_THP1_BB72_Filter1.raw,2,2.0,Q6NSI4|CX057_HUMAN,,,PEAKS DB,2,ILHKSKLRY,False,,,N
FLFDGSPTY,0.2,SB,,2071,FLFDGSPTY,18.43,1045.4756,9,3.2,1046.4862,89.49,,7,30450,F20180830_KP_THP1_w632_filter1.raw,1,,P49327|FAS_HUMAN,,,PEAKS DB,1,FLFDGSPTY,False,5890000.0,1.0,N
RQNVQVFEF,0.2,SB,,2199,RQNVQVFEF,30.02,1165.588,9,2.3,583.8026,58.81,,7,18177,F20180830_KP_THP1_w632_filter1.raw,1,,P52895|AK1C2_HUMAN,,,PEAKS DB,2,RQNVQVFEF,False,1820000.0,1.0,N
KLFQGQLVL,0.3,SB,,900,KLFQGQLVL,21.85,1044.6332,9,2.0,523.3249,64.66,8180000.0,51,17369,F20180830_KP_THP1_BB72_Filter1.raw,1,1.0,O94782|UBP1_HUMAN,,,PEAKS DB,2,KLFQGQLVL,False,,,N
HLQFPGAVY,0.3,SB,,2249,HLQFPGAVY,32.16,1030.5236,9,2.3,1031.5332,58.26,,7,17958,F20180830_KP_THP1_w632_filter1.raw,2,,P55211|CASP9_HUMAN,,,PEAKS DB,1,HLQFPGAVY,False,7060000.0,2.0,N
IMKANPALY,0.3,SB,,3205,IMKANPALY,28.73,1019.5474,9,1.1,510.7815,39.65,,7,10569,F20180830_KP_THP1_w632_filter1.raw,1,,Q6P2Q9|PRP8_HUMAN,,,PEAKS DB,2,IMKANPALY,False,859000.0,1.0,N
EQIKEVITF,0.3,SB,,7302,EQIKEVITF,11.01,1105.6019,9,3.5,553.8102,60.17,,8,18740,F20180830_KP_THP1_w632_filter2.raw,1,,Q01518|CAP1_HUMAN,,,PEAKS DB,2,EQIKEVITF,False,292000.0,1.0,N
NQRLAYVTY,0.3,SB,,977,NQRLAYVTY,32.53,1126.5771,9,0.1,564.2959,43.43,,7,12066,F20180830_KP_THP1_w632_filter1.raw,1,,O00716|E2F3_HUMAN,,,PEAKS DB,2,NQRLAYVTY,False,1250000.0,1.0,N
FLIDRSPEY,0.3,SB,,3308,FLIDRSPEY,37.53,1138.5658,9,1.9,570.2913,55.21,,7,16742,F20180830_KP_THP1_w632_filter1.raw,1,,Q7L273|KCTD9_HUMAN,,,PEAKS DB,2,FLIDRSPEY,False,1090000.0,1.0,N
HSKEDRLAY,0.3,SB,,3924,HSKEDRLAY,28.33,1117.5516,9,2.2,559.7843,20.84,,7,3136,F20180830_KP_THP1_w632_filter1.raw,1,,Q96IK0|TM101_HUMAN,,,PEAKS DB,2,HSKEDRLAY,False,2580000.0,1.0,N
TAIDDMEAY,0.3,SB,,4831,TAIDDMEAY,24.59,1043.4117,9,2.2,522.7143,44.7,,7,12566,F20180830_KP_THP1_w632_filter1.raw,1,,Q9Y3Z3|SAMH1_HUMAN,Oxidation (M),M6:Oxidation (M):1000.00,PEAKS DB,2,TAIDDM(+15.99)EAY,False,3840000.0,1.0,N
QVADIDGQY,0.3,SB,,8450,QVADIDGQY,18.47,1007.4559,9,3.4,504.73699999999997,48.4,,9,14059,F20180830_KP_THP1_w632_filter3.raw,1,,P35222|CTNB1_HUMAN,,,PEAKS DB,2,QVADIDGQY,False,1020000.0,1.0,N
WLYQEYNAY,0.3,SB,,3788,WLYQEYNAY,32.77,1248.5452,9,3.8,625.2822,77.26,,7,25558,F20180830_KP_THP1_w632_filter1.raw,1,,Q92797|SYMPK_HUMAN,,,PEAKS DB,2,WLYQEYNAY,False,1670000.0,1.0,N
MAHSFGESY,0.3,SB,,3346,MAHSFGESY,26.86,1027.4069,9,2.0,514.7117,34.46,,7,8507,F20180830_KP_THP1_w632_filter1.raw,1,,Q7Z403|TMC6_HUMAN,,,PEAKS DB,2,MAHSFGESY,False,4000000.0,1.0,N
NMNDLVSEY,0.3,SB,,1494,NMNDLVSEY,24.58,1099.4492,9,2.2,550.7331,53.7,,7,16136,F20180830_KP_THP1_w632_filter1.raw,1,,P07437|TBB5_HUMAN:P04350|TBB4A_HUMAN:P68371|TBB4B_HUMAN,Oxidation (M),M2:Oxidation (M):1000.00,PEAKS DB,2,NM(+15.99)NDLVSEY,False,1040000.0,1.0,N
EMMKVVQVY,0.3,SB,,4760,EMMKVVQVY,15.7,1157.546,9,1.9,579.7814,34.23,,7,8419,F20180830_KP_THP1_w632_filter1.raw,1,,Q9UPN9|TRI33_HUMAN,Oxidation (M),M2:Oxidation (M):1000.00;M3:Oxidation (M):1000.00,PEAKS DB,2,EM(+15.99)M(+15.99)KVVQVY,False,1400000.0,1.0,N
ELHRLQVSY,0.3,SB,,1435,ELHRLQVSY,30.61,1143.6036,9,1.8,572.8101,35.1,,7,8760,F20180830_KP_THP1_w632_filter1.raw,1,,P04150|GCR_HUMAN,,,PEAKS DB,2,ELHRLQVSY,False,932000.0,1.0,N
KAMKIEKSF,0.3,SB,,1150,KAMKIEKSF,12.24,1096.595,9,9.6,549.31,36.27,,7,9226,F20180830_KP_THP1_w632_filter1.raw,1,,O60271|JIP4_HUMAN,Oxidation (M),M3:Oxidation (M):1000.00,PEAKS DB,2,KAM(+15.99)KIEKSF,False,463000.0,1.0,N
KQLDENISLF,0.3,SB,,5845,KQLDENISLF,21.01,1205.6292,10,0.7,603.8223,65.6,,7,20885,F20180830_KP_THP1_w632_filter1.raw,1,,Q9H583|HEAT1_HUMAN,,,PEAKS DB,2,KQLDENISLF,False,474000.0,1.0,N
HLIDDYGNTY,0.3,SB,,8060,HLIDDYGNTY,41.39,1209.5302,10,2.8,605.774,48.14,,8,13945,F20180830_KP_THP1_w632_filter2.raw,1,,Q9Y223|GLCNE_HUMAN,,,PEAKS DB,2,HLIDDYGNTY,False,1640000.0,1.0,N
LSHEESVSF,0.3,SB,,1179,LSHEESVSF,29.97,1033.4716,9,1.2,517.7437,37.69,,7,9789,F20180830_KP_THP1_w632_filter1.raw,1,,O60381|HBP1_HUMAN,,,PEAKS DB,2,LSHEESVSF,False,7050000.0,1.0,N
ELMKNLTQY,0.3,SB,,3484,ELMKNLTQY,33.12,1138.5692,9,2.2,570.2932,50.33,,7,14792,F20180830_KP_THP1_w632_filter1.raw,1,,Q8IZD4|DCP1B_HUMAN,,,PEAKS DB,2,ELMKNLTQY,False,3550000.0,1.0,N
FTNEETVSF,0.3,SB,,4445,FTNEETVSF,21.73,1072.4713,9,2.4,537.2442,62.62,,7,19690,F20180830_KP_THP1_w632_filter1.raw,2,,Q9NUQ9|FA49B_HUMAN,,,PEAKS DB,2,FTNEETVSF,False,40900000.0,2.0,N
VEKAPQETY,0.3,SB,,2321,VEKAPQETY,25.37,1063.5186,9,1.4,532.7673,25.15,,7,4832,F20180830_KP_THP1_w632_filter1.raw,1,,P62191|PRS4_HUMAN,,,PEAKS DB,2,VEKAPQETY,False,1460000.0,1.0,N
FLREEYGTF,0.3,SB,,4500,FLREEYGTF,29.29,1160.5502,9,2.0,581.2835,54.35,,7,16394,F20180830_KP_THP1_w632_filter1.raw,1,,Q9NX78|TM260_HUMAN,,,PEAKS DB,2,FLREEYGTF,False,1510000.0,1.0,N
NQQWTTAHY,0.3,SB,,3586,NQQWTTAHY,27.72,1147.5046,9,2.4,574.761,35.44,,7,8898,F20180830_KP_THP1_w632_filter1.raw,1,,Q8NFH3|NUP43_HUMAN,,,PEAKS DB,2,NQQWTTAHY,False,689000.0,1.0,N
FSYDENTVY,0.3,SB,,8351,FSYDENTVY,15.58,1136.4662,9,3.9,1137.4779,62.29,,9,19604,F20180830_KP_THP1_w632_filter3.raw,1,,,,,PEAKS DB,1,FSYDENTVY,False,6450000.0,1.0,N
RPKKPGQSF,0.3,SB,,1031,RPKKPGQSF,39.34,1043.5875,9,2.1,522.8021,19.07,,7,2435,F20180830_KP_THP1_w632_filter1.raw,1,,O15042|SR140_HUMAN,,,PEAKS DB,2,RPKKPGQSF,False,6900000.0,1.0,N
RQLNLITRF,0.3,SB,,792,RQLNLITRF,11.69,1159.6825,9,1.9,580.8496,45.13,,7,12739,F20180830_KP_THP1_w632_filter1.raw,1,,,,,PEAKS DB,2,RQLNLITRF,False,728000.0,1.0,N
MMMGGGGSF,0.3,SB,,2577,MMMGGGGSF,14.26,873.3184,9,2.6,874.3279,60.07,,7,18671,F20180830_KP_THP1_w632_filter1.raw,1,,Q10713|MPPA_HUMAN,,,PEAKS DB,1,MMMGGGGSF,False,2630000.0,1.0,N
ALKYLNIAF,0.3,SB,,784,ALKYLNIAF,11.03,1051.6066,9,2.6,526.812,66.85,,7,21387,F20180830_KP_THP1_w632_filter1.raw,1,,,,,PEAKS DB,2,ALKYLNIAF,False,5810000.0,1.0,N
IQRTPKIQVY,0.3,SB,,2803,IQRTPKIQVY,39.69,1244.7241,10,4.1,623.3719,33.24,149000000.0,51,5259,F20180830_KP_THP1_BB72_Filter1.raw,3,3.0,P61769|B2MG_HUMAN,,,PEAKS DB,2,IQRTPKIQVY,False,,,N
HLYPLIETQY,0.3,SB,,5936,HLYPLIETQY,42.31,1275.6499,10,2.6,638.8339,64.22,,7,20333,F20180830_KP_THP1_w632_filter1.raw,2,,Q9UPZ6|THS7A_HUMAN,,,PEAKS DB,2,HLYPLIETQY,False,31700000.0,2.0,N
HMHVTAKEY,0.3,SB,,2631,HMHVTAKEY,40.0,1114.5229,9,2.3,558.27,20.76,,7,3106,F20180830_KP_THP1_w632_filter1.raw,1,,Q13144|EI2BE_HUMAN,,,PEAKS DB,2,HMHVTAKEY,False,4130000.0,1.0,N
EVAPAGASY,0.3,SB,,7715,EVAPAGASY,32.35,863.4025,9,3.3,864.4126,37.58,,8,9758,F20180830_KP_THP1_w632_filter2.raw,1,,Q9NZM5|GSCR2_HUMAN,,,PEAKS DB,1,EVAPAGASY,False,23800000.0,1.0,N
MLYDTSILY,0.3,SB,,6863,MLYDTSILY,14.45,1117.5365,9,2.4,1118.5465,89.47,,8,30453,F20180830_KP_THP1_w632_filter2.raw,1,,,,,PEAKS DB,1,MLYDTSILY,False,7800000.0,1.0,N
LLYPYEQAQY,0.3,SB,,4962,LLYPYEQAQY,13.47,1286.6183,10,4.1,644.319,71.74,,7,23346,F20180830_KP_THP1_w632_filter1.raw,1,,,,,PEAKS DB,2,LLYPYEQAQY,False,1110000.0,1.0,N
SLHALSSSL,0.3,SB,,3512,SLHALSSSL,14.82,913.4869,9,1.7,457.7515,34.42,1070000.0,52,5492,F20180830_KP_THP1_BB72_Filter2.raw,1,1.0,,,,PEAKS DB,2,SLHALSSSL,False,,,N
EQRLILQY,0.3,SB,,526,EQRLILQY,25.08,1061.5869,8,-0.9,531.8002,53.98,,7,16246,F20180830_KP_THP1_w632_filter1.raw,1,,Q9Y4B6|VPRBP_HUMAN,,,PEAKS DB,2,EQRLILQY,False,5530000.0,1.0,N
MLKIAEMEY,0.3,SB,,2721,MLKIAEMEY,13.06,1126.5403,9,2.0,564.2786,60.52,,7,18849,F20180830_KP_THP1_w632_filter1.raw,0,,Q13895|BYST_HUMAN,,,PEAKS DB,2,MLKIAEMEY,False,0.0,0.0,N
MLHQDHITF,0.3,SB,,2765,MLHQDHITF,34.08,1140.5386,9,3.1,571.2783,38.2,,7,9992,F20180830_KP_THP1_w632_filter1.raw,1,,Q14204|DYHC1_HUMAN,,,PEAKS DB,2,MLHQDHITF,False,6990000.0,1.0,N
HMHNRFVVY,0.3,SB,,1761,HMHNRFVVY,38.38,1201.5814,9,2.2,601.7993,30.39,,7,6906,F20180830_KP_THP1_w632_filter1.raw,1,,P25098|ARBK1_HUMAN,,,PEAKS DB,2,HMHNRFVVY,False,3680000.0,1.0,N
FLNDSYLKY,0.3,SB,,7498,FLNDSYLKY,18.69,1161.5706,9,1.8,581.7936,61.07,,8,19101,F20180830_KP_THP1_w632_filter2.raw,1,,Q8N3U4|STAG2_HUMAN,,,PEAKS DB,2,FLNDSYLKY,False,1090000.0,1.0,N
WIIDTTIAY,0.3,SB,,635,WIIDTTIAY,15.39,1094.5648,9,2.3,548.2909999999998,96.33,,7,33167,F20180830_KP_THP1_w632_filter1.raw,1,,,,,PEAKS DB,2,WIIDTTIAY,False,490000.0,1.0,N
KLQEPDINF,0.3,SB,,723,KLQEPDINF,10.2,1103.5498,9,4.0,552.7844,36.99,,7,9513,F20180830_KP_THP1_w632_filter1.raw,1,,,Deamidation (NQ),Q3:Deamidation (NQ):17.25,PEAKS DB,2,KLQ(+.98)EPDINF,False,337000.0,1.0,N
ELFDTVQVY,0.3,SB,,742,ELFDTVQVY,13.22,1112.5389,9,4.3,557.2791,86.75,,7,29353,F20180830_KP_THP1_w632_filter1.raw,1,,,,,PEAKS DB,2,ELFDTVQVY,False,472000.0,1.0,N
LSIEDFTAY,0.3,SB,,2956,LSIEDFTAY,20.33,1057.4967,9,3.0,1058.5072,93.53,,7,32061,F20180830_KP_THP1_w632_filter1.raw,1,,Q15904|VAS1_HUMAN,,,PEAKS DB,1,LSIEDFTAY,False,19000000.0,1.0,N
LFRDETLTY,0.3,SB,,645,LFRDETLTY,18.7,1156.5764,9,2.0,579.2966,54.0,,7,16254,F20180830_KP_THP1_w632_filter1.raw,1,,,,,PEAKS DB,2,LFRDETLTY,False,2110000.0,1.0,N
FSREELTGY,0.3,SB,,3637,FSREELTGY,32.34,1100.5138,9,2.1,551.2653,44.16,,7,12353,F20180830_KP_THP1_w632_filter1.raw,1,,Q8TDF6|GRP4_HUMAN,,,PEAKS DB,2,FSREELTGY,False,1550000.0,1.0,N
YAIHDETSY,0.3,SB,,2158,YAIHDETSY,24.2,1097.4666,9,1.9,549.7416,34.79,,7,8641,F20180830_KP_THP1_w632_filter1.raw,1,,P51587|BRCA2_HUMAN,,,PEAKS DB,2,YAIHDETSY,False,591000.0,1.0,N
YVHDDGRVSY,0.3,SB,,5056,YVHDDGRVSY,34.47,1209.5414,10,2.0,605.7792,25.94,,7,5147,F20180830_KP_THP1_w632_filter1.raw,2,,O60234|GMFG_HUMAN,,,PEAKS DB,2,YVHDDGRVSY,False,11300000.0,2.0,N
QSKTIKVSY,0.3,SB,,2933,QSKTIKVSY,38.0,1052.5865,9,1.8,527.3015,25.59,,7,5005,F20180830_KP_THP1_w632_filter1.raw,1,,Q15717|ELAV1_HUMAN,,,PEAKS DB,2,QSKTIKVSY,False,4130000.0,1.0,N
YLGEFSITY,0.3,SB,,7287,YLGEFSITY,10.84,1091.5175,9,3.4,1092.5284,87.06,,8,29490,F20180830_KP_THP1_w632_filter2.raw,1,,P62841|RS15_HUMAN,,,PEAKS DB,1,YLGEFSITY,False,3660000.0,1.0,N
RQQGRYAPSY,0.4,SB,,5912,RQQGRYAPSY,11.35,1225.5839999999996,10,1.5,613.8002,22.77,,7,3903,F20180830_KP_THP1_w632_filter1.raw,1,,Q9UID3|VPS51_HUMAN,Deamidation (NQ),Q2:Deamidation (NQ):12.28,PEAKS DB,2,RQ(+.98)QGRYAPSY,False,3140000.0,1.0,N
EMRKIVAEY,0.4,SB,,741,EMRKIVAEY,13.17,1153.5801,9,2.1,577.7985,26.83,,7,5496,F20180830_KP_THP1_w632_filter1.raw,1,,,Oxidation (M),M2:Oxidation (M):1000.00,PEAKS DB,2,EM(+15.99)RKIVAEY,False,1140000.0,1.0,N
VGIDLGTTY,0.4,SB,,7152,VGIDLGTTY,19.01,937.4756,9,3.8,938.4865,72.13,,8,23521,F20180830_KP_THP1_w632_filter2.raw,1,,P11021|GRP78_HUMAN:P11142|HSP7C_HUMAN,,,PEAKS DB,1,VGIDLGTTY,False,20100000.0,1.0,N
YGKLEAVQY,0.4,SB,,8422,YGKLEAVQY,25.53,1069.5444,9,1.7,535.7804,41.28,,9,11234,F20180830_KP_THP1_w632_filter3.raw,1,,P01040|CYTA_HUMAN,,,PEAKS DB,2,YGKLEAVQY,False,6320000.0,1.0,N
FIMPIEVHF,0.4,SB,,630,FIMPIEVHF,17.11,1147.5736,9,2.6,574.7956,75.86,222000.0,51,21795,F20180830_KP_THP1_BB72_Filter1.raw,1,1.0,,Oxidation (M),M3:Oxidation (M):1000.00,PEAKS DB,2,FIM(+15.99)PIEVHF,False,,,N
RSRGFLLGY,0.4,SB,,6963,RSRGFLLGY,13.26,1067.5875,9,3.1,534.8027,40.14,,8,10775,F20180830_KP_THP1_w632_filter2.raw,1,,,,,PEAKS DB,2,RSRGFLLGY,False,5100000.0,1.0,N
MARYEREQY,0.4,SB,,4157,MARYEREQY,35.42,1244.5608,9,1.7,623.2888,23.61,,7,4224,F20180830_KP_THP1_w632_filter1.raw,2,,Q9BWF3|RBM4_HUMAN,,,PEAKS DB,2,MARYEREQY,False,20800000.0,2.0,N
KRFEAAEQSY,0.4,SB,,5561,KRFEAAEQSY,30.55,1227.5884,10,1.1,614.8021,24.95,,7,4753,F20180830_KP_THP1_w632_filter1.raw,1,,Q5T4D3|TMTC4_HUMAN,,,PEAKS DB,2,KRFEAAEQSY,False,2320000.0,1.0,N
MQYPGRSLVF,0.4,SB,,5831,MQYPGRSLVF,39.89,1196.6012,10,2.8,599.3096,60.77,,7,18951,F20180830_KP_THP1_w632_filter1.raw,1,,Q9GZR7|DDX24_HUMAN,,,PEAKS DB,2,MQYPGRSLVF,False,5570000.0,1.0,N
KSKNPGEAL,0.4,SB,,950,KSKNPGEAL,31.35,942.5134,9,1.5,472.2647,19.99,,7,2800,F20180830_KP_THP1_w632_filter1.raw,1,,O00329|PK3CD_HUMAN,,,PEAKS DB,2,KSKNPGEAL,False,685000.0,1.0,N
AQNGQLFGRF,0.4,SB,,5262,AQNGQLFGRF,32.46,1136.5726,10,2.3,569.2949,53.22,,7,15944,F20180830_KP_THP1_w632_filter1.raw,1,,P42694|HELZ_HUMAN,,,PEAKS DB,2,AQNGQLFGRF,False,1580000.0,1.0,N
SGRKDQVAY,0.4,SB,,973,SGRKDQVAY,25.1,1022.5145,9,1.6,512.2653,20.07,,7,2833,F20180830_KP_THP1_w632_filter1.raw,1,,O00629|IMA3_HUMAN,,,PEAKS DB,2,SGRKDQVAY,False,2850000.0,1.0,N
KQWETQPGF,0.4,SB,,4638,KQWETQPGF,10.63,1119.5349,9,2.6,560.7762,42.44,,7,11672,F20180830_KP_THP1_w632_filter1.raw,1,,Q9UI26|IPO11_HUMAN,,,PEAKS DB,2,KQWETQPGF,False,438000.0,1.0,N
KQYGNEVFL,0.4,SB,,1281,KQYGNEVFL,32.01,1096.5553,9,2.5,549.2863,48.35,28300000.0,51,10975,F20180830_KP_THP1_BB72_Filter1.raw,1,1.0,P50990|TCPQ_HUMAN,,,PEAKS DB,2,KQYGNEVFL,False,,,N
YSNGFCTVY,0.4,SB,,7268,YSNGFCTVY,15.57,1052.4274,9,2.0,1053.4368,67.93,,8,21848,F20180830_KP_THP1_w632_filter2.raw,1,,P52907|CAZA1_HUMAN,,,PEAKS DB,1,YSNGFCTVY,False,6090000.0,1.0,N
LLAQPGEAL,0.4,SB,,4513,LLAQPGEAL,25.65,910.5123,9,2.8,911.5222,60.18,,7,18715,F20180830_KP_THP1_w632_filter1.raw,1,,Q9NYB0|TE2IP_HUMAN,,,PEAKS DB,1,LLAQPGEAL,False,6240000.0,1.0,N
WFREEEVQY,0.4,SB,,8419,WFREEEVQY,23.87,1284.5775,9,2.5,643.2976,53.5,,9,16096,F20180830_KP_THP1_w632_filter3.raw,1,,O95786|DDX58_HUMAN,,,PEAKS DB,2,WFREEEVQY,False,4140000.0,1.0,N
VQALGLTVL,0.4,SB,,7416,VQALGLTVL,11.89,912.5644,9,3.3,913.5747,90.42,,8,30828,F20180830_KP_THP1_w632_filter2.raw,0,,Q58EX7|PKHG4_HUMAN,,,PEAKS DB,1,VQALGLTVL,False,0.0,0.0,N
QERGINESY,0.4,SB,,2130,QERGINESY,26.08,1094.4993,9,1.8,548.2579,26.98,,7,5559,F20180830_KP_THP1_w632_filter1.raw,1,,P50897|PPT1_HUMAN,,,PEAKS DB,2,QERGINESY,False,980000.0,1.0,N
ELAKQVIEY,0.4,SB,,2049,ELAKQVIEY,30.87,1091.5862,9,2.7,546.8018,45.59,,7,12917,F20180830_KP_THP1_w632_filter1.raw,1,,P48556|PSMD8_HUMAN,,,PEAKS DB,2,ELAKQVIEY,False,5700000.0,1.0,N
YLKMGDLYY,0.4,SB,,3151,YLKMGDLYY,29.71,1164.5525,9,1.9,583.2846,64.72,,7,20533,F20180830_KP_THP1_w632_filter1.raw,1,,Q68CR1|SE1L3_HUMAN,,,PEAKS DB,2,YLKMGDLYY,False,4820000.0,1.0,N
LMRIERLQF,0.4,SB,,2618,LMRIERLQF,34.87,1204.675,9,2.1,402.5665,53.94,,7,16232,F20180830_KP_THP1_w632_filter1.raw,2,,Q13098|CSN1_HUMAN,,,PEAKS DB,3,LMRIERLQF,False,7210000.0,2.0,N
NMKTELEKY,0.4,SB,,2031,NMKTELEKY,12.5,1154.5641,9,1.1,578.29,31.74,,7,7442,F20180830_KP_THP1_w632_filter1.raw,1,,P46940|IQGA1_HUMAN,,,PEAKS DB,2,NMKTELEKY,False,455000.0,1.0,N
YPQPPSQSY,0.4,SB,,1712,YPQPPSQSY,29.27,1065.4767,9,2.3,533.7468,44.88,,7,12636,F20180830_KP_THP1_w632_filter1.raw,1,,P20073|ANXA7_HUMAN,,,PEAKS DB,2,YPQPPSQSY,False,1530000.0,1.0,N
AGHLSTAQY,0.4,SB,,2525,AGHLSTAQY,31.75,946.4508,9,1.4,474.2333,26.04,,7,5185,F20180830_KP_THP1_w632_filter1.raw,1,,Q04637|IF4G1_HUMAN,,,PEAKS DB,2,AGHLSTAQY,False,3970000.0,1.0,N
YPKKLVQTY,0.4,SB,,1745,YPKKLVQTY,41.36,1138.6387,9,2.0,570.3278,29.33,,7,6486,F20180830_KP_THP1_w632_filter1.raw,1,,P23258|TBG1_HUMAN:Q9NRH3|TBG2_HUMAN,,,PEAKS DB,2,YPKKLVQTY,False,54400000.0,1.0,N
IAREEASNF,0.4,SB,,1776,IAREEASNF,27.06,1035.4985,9,3.2,518.7582,29.11,,7,6398,F20180830_KP_THP1_w632_filter1.raw,1,,P25788|PSA3_HUMAN,,,PEAKS DB,2,IAREEASNF,False,1010000.0,1.0,N
FANLPNQVY,0.4,SB,,2962,FANLPNQVY,32.06,1064.5291,9,5.9,533.275,66.54,,7,21263,F20180830_KP_THP1_w632_filter1.raw,1,,Q16181|SEPT7_HUMAN,,,PEAKS DB,2,FANLPNQVY,False,1180000.0,1.0,N
RRFDVQTGSSY,0.4,SB,,6268,RRFDVQTGSSY,23.23,1314.6316,11,1.3,658.3239,29.82,,7,6680,F20180830_KP_THP1_w632_filter1.raw,1,,Q8TCT8|SPP2A_HUMAN,,,PEAKS DB,2,RRFDVQTGSSY,False,2580000.0,1.0,N
FARPGDVEF,0.4,SB,,2929,FARPGDVEF,21.77,1036.4978,9,1.7,519.2571,51.87,,7,15404,F20180830_KP_THP1_w632_filter1.raw,1,,Q15642|CIP4_HUMAN,,,PEAKS DB,2,FARPGDVEF,False,5040000.0,1.0,N
FMNTELAAF,0.4,SB,,1848,FMNTELAAF,19.39,1042.4794,9,2.9,1043.4896,84.5,,7,28451,F20180830_KP_THP1_w632_filter1.raw,1,,P31949|S10AB_HUMAN,,,PEAKS DB,1,FMNTELAAF,False,6860000.0,1.0,N
NLYRQLISY,0.4,SB,,1858,NLYRQLISY,32.95,1168.624,9,1.2,585.32,60.66,,7,18906,F20180830_KP_THP1_w632_filter1.raw,1,,P33991|MCM4_HUMAN,,,PEAKS DB,2,NLYRQLISY,False,1870000.0,1.0,N
WSIEHVEQY,0.4,SB,,7750,WSIEHVEQY,29.15,1189.5404,9,2.0,595.7787,55.49,,8,16871,F20180830_KP_THP1_w632_filter2.raw,1,,Q9ULT8|HECD1_HUMAN,,,PEAKS DB,2,WSIEHVEQY,False,1800000.0,1.0,N
HAADVFEAY,0.4,SB,,7428,HAADVFEAY,41.95,1021.4504,9,2.5,1022.4603,48.76,,8,14191,F20180830_KP_THP1_w632_filter2.raw,1,,Q5T4S7|UBR4_HUMAN,,,PEAKS DB,1,HAADVFEAY,False,2340000.0,1.0,N
TGRPEFVTY,0.4,SB,,3261,TGRPEFVTY,21.99,1068.5239,9,3.4,535.2711,42.89,,7,11848,F20180830_KP_THP1_w632_filter1.raw,1,,Q6W2J9|BCOR_HUMAN,,,PEAKS DB,2,TGRPEFVTY,False,902000.0,1.0,N
RQASVIIQRF,0.4,SB,,4932,RQASVIIQRF,33.06,1216.704,10,2.3,609.3607,36.5,,7,9317,F20180830_KP_THP1_w632_filter1.raw,1,,B2RTY4|MYO9A_HUMAN,,,PEAKS DB,2,RQASVIIQRF,False,5850000.0,1.0,N
EMKETIIAF,0.4,SB,,2257,EMKETIIAF,10.59,1096.5474,9,2.8,549.2825,58.39,,7,18010,F20180830_KP_THP1_w632_filter1.raw,1,,P55884|EIF3B_HUMAN,Oxidation (M),M2:Oxidation (M):1000.00,PEAKS DB,2,EM(+15.99)KETIIAF,False,1550000.0,1.0,N
MLFEERNHF,0.4,SB,,1340,MLFEERNHF,31.75,1221.5601,9,2.7,611.7889,44.25,,7,12390,F20180830_KP_THP1_w632_filter1.raw,2,,O95239|KIF4A_HUMAN,,,PEAKS DB,2,MLFEERNHF,False,2180000.0,2.0,N
ELMGLKQVY,0.4,SB,,3464,ELMGLKQVY,34.27,1079.5685,9,2.0,540.7926,56.41,,7,17222,F20180830_KP_THP1_w632_filter1.raw,1,,Q8IXM6|NRM_HUMAN,,,PEAKS DB,2,ELMGLKQVY,False,1990000.0,1.0,N
FLRDWDSPY,0.4,SB,,3440,FLRDWDSPY,11.99,1197.5454,9,1.3,599.7808,62.91,,7,19806,F20180830_KP_THP1_w632_filter1.raw,1,,Q8IV08|PLD3_HUMAN,,,PEAKS DB,2,FLRDWDSPY,False,455000.0,1.0,N
QARIEIESF,0.4,SB,,1560,QARIEIESF,32.2,1091.5610000000001,9,2.3,1092.5708,52.89,,7,15812,F20180830_KP_THP1_w632_filter1.raw,2,,P11021|GRP78_HUMAN,,,PEAKS DB,1,QARIEIESF,False,210000000.0,2.0,N
GSRENSLLY,0.4,SB,,3387,GSRENSLLY,15.17,1037.5142,9,-2.3,519.7632,37.29,,7,9631,F20180830_KP_THP1_w632_filter1.raw,1,,Q86TI2|DPP9_HUMAN,,,PEAKS DB,2,GSRENSLLY,False,1630000.0,1.0,N
IGIDLGTTY,0.4,SB,,2231,IGIDLGTTY,15.21,951.4913,9,2.9,952.5013,77.96,,7,25829,F20180830_KP_THP1_w632_filter1.raw,1,,P54652|HSP72_HUMAN,,,PEAKS DB,1,IGIDLGTTY,False,6740000.0,1.0,N
QGYGQQNQY,0.4,SB,,1908,QGYGQQNQY,32.41,1084.4574,9,2.7,543.2374,30.12,,7,6798,F20180830_KP_THP1_w632_filter1.raw,1,,P35637|FUS_HUMAN,,,PEAKS DB,2,QGYGQQNQY,False,35900000.0,1.0,N
IMKIDIEKF,0.4,SB,,3298,IMKIDIEKF,36.32,1135.6311,9,2.0,568.8240000000002,55.33,,7,16790,F20180830_KP_THP1_w632_filter1.raw,1,,Q7KZ85|SPT6H_HUMAN,,,PEAKS DB,2,IMKIDIEKF,False,2720000.0,1.0,N
FQNKKSLVAF,0.4,SB,,5169,FQNKKSLVAF,13.13,1181.6444,10,5.9,591.8329,39.72,,7,10595,F20180830_KP_THP1_w632_filter1.raw,1,,P15927|RFA2_HUMAN,Deamidation (NQ),Q2:Deamidation (NQ):0.00,PEAKS DB,2,FQ(+.98)NKKSLVAF,False,2020000.0,1.0,N
IQYSGEVRRF,0.4,SB,,7883,IQYSGEVRRF,26.64,1253.6516,10,2.2,627.8345,33.53,,8,8151,F20180830_KP_THP1_w632_filter2.raw,1,,P04040|CATA_HUMAN,,,PEAKS DB,2,IQYSGEVRRF,False,4110000.0,1.0,N
RRYGEQPASY,0.4,SB,,7967,RRYGEQPASY,22.78,1225.5839999999996,10,2.4,613.8007,22.8,,8,3908,F20180830_KP_THP1_w632_filter2.raw,1,,Q53H80|AKIR2_HUMAN,,,PEAKS DB,2,RRYGEQPASY,False,3700000.0,1.0,N
YEREAILEY,0.5,WB,,8639,YEREAILEY,23.45,1184.5713,9,8.3,593.2979,50.33,,9,14829,F20180830_KP_THP1_w632_filter3.raw,1,,Q9Y314|NOSIP_HUMAN,,,PEAKS DB,2,YEREAILEY,False,1740000.0,1.0,N
ELYLQVIQY,0.5,WB,,7616,ELYLQVIQY,31.66,1167.6176,9,3.0,584.8178,91.83,,8,31375,F20180830_KP_THP1_w632_filter2.raw,1,,Q9BRS2|RIOK1_HUMAN,,,PEAKS DB,2,ELYLQVIQY,False,380000.0,1.0,N
RPFEQPQEY,0.5,WB,,4485,RPFEQPQEY,33.25,1192.5513,9,2.3,597.2843,35.45,,7,8903,F20180830_KP_THP1_w632_filter1.raw,1,,Q9NWB7|IFT57_HUMAN,,,PEAKS DB,2,RPFEQPQEY,False,882000.0,1.0,N
NVYDFKTTY,0.5,WB,,4371,NVYDFKTTY,36.54,1149.5342,9,2.3,575.7757,51.84,,7,15392,F20180830_KP_THP1_w632_filter1.raw,2,,Q9NP77|SSU72_HUMAN,,,PEAKS DB,2,NVYDFKTTY,False,16500000.0,2.0,N
RRKDFVSEAY,0.5,WB,,5618,RRKDFVSEAY,29.28,1269.6465,10,2.2,424.2237,26.27,,7,5275,F20180830_KP_THP1_w632_filter1.raw,2,,Q7L576|CYFP1_HUMAN,,,PEAKS DB,3,RRKDFVSEAY,False,5860000.0,2.0,N
QGKDLLIAY,0.5,WB,,7195,QGKDLLIAY,12.84,1019.5651,9,1.9,510.7908,53.72,,8,16172,F20180830_KP_THP1_w632_filter2.raw,1,,P30101|PDIA3_HUMAN,,,PEAKS DB,2,QGKDLLIAY,False,6820000.0,1.0,N
LAKQITSY,0.5,WB,,283,LAKQITSY,27.66,922.5123,8,1.7,462.2642,31.03,,7,7161,F20180830_KP_THP1_w632_filter1.raw,1,,P50990|TCPQ_HUMAN,,,PEAKS DB,2,LAKQITSY,False,3470000.0,1.0,N
GQMAYILQL,0.5,WB,,3580,GQMAYILQL,15.72,1035.5422,9,2.1,1036.5516,91.35,286000.0,52,27171,F20180830_KP_THP1_BB72_Filter2.raw,1,1.0,O76094|SRP72_HUMAN,,,PEAKS DB,1,GQMAYILQL,False,,,N
MGKPSILTY,0.5,WB,,4182,MGKPSILTY,14.49,1024.5262,9,2.4,513.2716,42.34,,7,11632,F20180830_KP_THP1_w632_filter1.raw,1,,Q9BXW7|CECR5_HUMAN,Oxidation (M),M1:Oxidation (M):1000.00,PEAKS DB,2,M(+15.99)GKPSILTY,False,2530000.0,1.0,N
SPMPTVSSY,0.5,WB,,1940,SPMPTVSSY,33.0,967.4321,9,4.3,968.4435,53.29,,7,15972,F20180830_KP_THP1_w632_filter1.raw,2,,P39880|CUX1_HUMAN,,,PEAKS DB,1,SPMPTVSSY,False,10500000.0,2.0,N
ESRQITQVY,0.5,WB,,2383,ESRQITQVY,28.47,1122.5669,9,1.9,562.2918,33.89,,7,8294,F20180830_KP_THP1_w632_filter1.raw,1,,P67775|PP2AA_HUMAN,,,PEAKS DB,2,ESRQITQVY,False,8560000.0,1.0,N
QGRSTGEAF,0.5,WB,,2255,QGRSTGEAF,28.35,951.441,9,1.4,476.7285,24.14,,7,4435,F20180830_KP_THP1_w632_filter1.raw,1,,P55795|HNRH2_HUMAN:P31943|HNRH1_HUMAN,,,PEAKS DB,2,QGRSTGEAF,False,8380000.0,1.0,N
RRFDQQVEKY,0.5,WB,,5846,RRFDQQVEKY,14.8,1367.6946,10,1.0,456.9059,25.22,,7,4859,F20180830_KP_THP1_w632_filter1.raw,1,,Q9H816|DCR1B_HUMAN,,,PEAKS DB,3,RRFDQQVEKY,False,3060000.0,1.0,N
ELMSSLIEY,0.5,WB,,7633,ELMSSLIEY,10.15,1083.5157,9,2.9,1084.5261,88.5,,8,30064,F20180830_KP_THP1_w632_filter2.raw,1,,Q9BZ67|FRMD8_HUMAN,,,PEAKS DB,1,ELMSSLIEY,False,4360000.0,1.0,N
RQNEINNPKF,0.5,WB,,5519,RQNEINNPKF,24.23,1258.6418,10,1.7,630.3293,26.75,,7,5466,F20180830_KP_THP1_w632_filter1.raw,1,,Q15459|SF3A1_HUMAN,,,PEAKS DB,2,RQNEINNPKF,False,886000.0,1.0,N
AFKPGDLVF,0.5,WB,,6976,AFKPGDLVF,18.89,992.5331,9,3.0,497.2753,69.26,,8,22378,F20180830_KP_THP1_w632_filter2.raw,1,,,,,PEAKS DB,2,AFKPGDLVF,False,874000.0,1.0,N
NMHRNVAQY,0.5,WB,,3639,NMHRNVAQY,28.54,1131.5244,9,1.9,566.7706,21.51,,7,3402,F20180830_KP_THP1_w632_filter1.raw,1,,Q8TDZ2|MICA1_HUMAN,,,PEAKS DB,2,NMHRNVAQY,False,542000.0,1.0,N
VGYPGRQYY,0.5,WB,,3642,VGYPGRQYY,37.99,1101.5243,9,2.7,551.7709,38.05,,7,9931,F20180830_KP_THP1_w632_filter1.raw,1,,Q8TEB9|RHBL4_HUMAN,,,PEAKS DB,2,VGYPGRQYY,False,38500000.0,1.0,N
HLITFETEVY,0.5,WB,,5253,HLITFETEVY,35.51,1250.6183,10,2.2,626.3178,65.49,,7,20841,F20180830_KP_THP1_w632_filter1.raw,2,,P40763|STAT3_HUMAN,,,PEAKS DB,2,HLITFETEVY,False,5150000.0,2.0,N
FANIDQETY,0.5,WB,,7357,FANIDQETY,29.13,1099.4822,9,2.9,550.7499,56.95,,8,17453,F20180830_KP_THP1_w632_filter2.raw,2,,Q14289|FAK2_HUMAN,,,PEAKS DB,2,FANIDQETY,False,4270000.0,2.0,N
YIHVELIGY,0.5,WB,,1376,YIHVELIGY,27.45,1105.5808,9,2.7,553.7992,69.73,,7,22543,F20180830_KP_THP1_w632_filter1.raw,1,,O95714|HERC2_HUMAN,,,PEAKS DB,2,YIHVELIGY,False,3890000.0,1.0,N
FGRPVIVAY,0.5,WB,,1445,FGRPVIVAY,30.5,1020.5756,9,2.3,511.2963,52.67,,7,15723,F20180830_KP_THP1_w632_filter1.raw,1,,P04843|RPN1_HUMAN,,,PEAKS DB,2,FGRPVIVAY,False,10400000.0,1.0,N
FFRAEELEY,0.5,WB,,3383,FFRAEELEY,27.52,1202.5608,9,2.1,602.2889,58.82,,7,18179,F20180830_KP_THP1_w632_filter1.raw,1,,Q86T82|UBP37_HUMAN,,,PEAKS DB,2,FFRAEELEY,False,6680000.0,1.0,N
EVSKIVQTY,0.5,WB,,1599,EVSKIVQTY,25.84,1065.5706,9,1.8,533.7935,37.16,,7,9580,F20180830_KP_THP1_w632_filter1.raw,1,,P12814|ACTN1_HUMAN,,,PEAKS DB,2,EVSKIVQTY,False,3290000.0,1.0,N
FLNEKARLSY,0.5,WB,,5421,FLNEKARLSY,28.05,1319.6274,10,2.8,660.8228,46.44,,7,13246,F20180830_KP_THP1_w632_filter1.raw,2,,Q05655|KPCD_HUMAN,Phosphorylation (STY),S9:Phosphorylation (STY):0.00,PEAKS DB,2,FLNEKARLS(+79.97)Y,False,2790000.0,2.0,N
MAKENMVTF,0.5,WB,,3244,MAKENMVTF,28.01,1085.4885,9,2.5,543.7529,40.7,,7,10985,F20180830_KP_THP1_w632_filter1.raw,1,,Q6T4P5|PLPR3_HUMAN,Oxidation (M),M1:Oxidation (M):29.88,PEAKS DB,2,M(+15.99)AKENMVTF,False,9400000.0,1.0,N
MVNPFAYEEY,0.5,WB,,7809,MVNPFAYEEY,11.64,1261.5325,10,4.7,631.7765,86.55,,8,29283,F20180830_KP_THP1_w632_filter2.raw,1,,,,,PEAKS DB,2,MVNPFAYEEY,False,1310000.0,1.0,N
FLHHTLALY,0.5,WB,,1887,FLHHTLALY,30.24,1113.597,9,3.7,557.8079,44.8,,7,12604,F20180830_KP_THP1_w632_filter1.raw,1,,P35236|PTN7_HUMAN,,,PEAKS DB,2,FLHHTLALY,False,2780000.0,1.0,N
YAVSTLTTY,0.5,WB,,2957,YAVSTLTTY,17.44,1017.5019,9,2.2,1018.5114,62.38,,7,19593,F20180830_KP_THP1_w632_filter1.raw,2,,Q15904|VAS1_HUMAN,,,PEAKS DB,1,YAVSTLTTY,False,3460000.0,2.0,N
MVVEERCVY,0.5,WB,,7765,MVVEERCVY,36.23,1126.5151,9,4.1,564.2672,43.67,,8,12167,F20180830_KP_THP1_w632_filter2.raw,1,,Q9Y255|PRLD1_HUMAN,,,PEAKS DB,2,MVVEERCVY,False,2050000.0,1.0,N
TAIREAQTF,0.5,WB,,4648,TAIREAQTF,27.66,1035.5349,9,2.0,518.7758,33.47,,7,8127,F20180830_KP_THP1_w632_filter1.raw,1,,Q9UIG0|BAZ1B_HUMAN,,,PEAKS DB,2,TAIREAQTF,False,725000.0,1.0,N
KVQLMLYTY,0.5,WB,,883,KVQLMLYTY,9.91,1157.6155,9,5.4,579.8181,41.47,,7,11287,F20180830_KP_THP1_w632_filter1.raw,0,,,,,PEAKS DB,2,KVQLMLYTY,False,0.0,0.0,N
HLVLETISF,0.5,WB,,4908,HLVLETISF,27.21,1057.5808,9,3.1,529.7993,74.83,,7,24586,F20180830_KP_THP1_w632_filter1.raw,1,,Q9Y6G5|COMDA_HUMAN,,,PEAKS DB,2,HLVLETISF,False,2690000.0,1.0,N
EQLEKAITY,0.6,WB,,6894,EQLEKAITY,9.66,1093.5656,9,2.9,547.7916,41.87,,8,11463,F20180830_KP_THP1_w632_filter2.raw,1,,,,,PEAKS DB,2,EQLEKAITY,False,5200000.0,1.0,N
AVRRFQAQL,0.6,WB,,6913,AVRRFQAQL,9.73,1087.625,9,2.8,544.8213,35.94,,8,9109,F20180830_KP_THP1_w632_filter2.raw,1,,,,,PEAKS DB,2,AVRRFQAQL,False,352000000.0,1.0,N
GLAEPSTNISF,0.6,WB,,6116,GLAEPSTNISF,11.26,1214.522,11,2.2,608.2696,81.1,,7,27088,F20180830_KP_THP1_w632_filter1.raw,1,,P42704|LPPRC_HUMAN,Phosphorylation (STY),T7:Phosphorylation (STY):0.00,PEAKS DB,2,GLAEPST(+79.97)NISF,False,1190000.0,1.0,N
FIFREGDGVYY,0.6,WB,,6259,FIFREGDGVYY,22.04,1364.64,11,3.0,683.3293,67.39,,7,21603,F20180830_KP_THP1_w632_filter1.raw,1,,Q8N7H5|PAF1_HUMAN,,,PEAKS DB,2,FIFREGDGVYY,False,1470000.0,1.0,N
SGYPGPQVSY,0.6,WB,,5035,SGYPGPQVSY,29.19,1053.4767,10,2.1,527.7467,54.22,,7,16343,F20180830_KP_THP1_w632_filter1.raw,2,,O15162|PLS1_HUMAN,,,PEAKS DB,2,SGYPGPQVSY,False,6520000.0,2.0,N
IERLVIQSY,0.6,WB,,4865,IERLVIQSY,31.88,1119.6288,9,2.2,560.8229,51.43,,7,15230,F20180830_KP_THP1_w632_filter1.raw,1,,Q9Y547|IFT25_HUMAN,,,PEAKS DB,2,IERLVIQSY,False,2040000.0,1.0,N
TLQPTPALTY,0.6,WB,,4951,TLQPTPALTY,11.25,1104.5703,10,2.6,1105.5804,79.53,,7,26455,F20180830_KP_THP1_w632_filter1.raw,1,,,Deamidation (NQ),Q3:Deamidation (NQ):1000.00,PEAKS DB,1,TLQ(+.98)PTPALTY,False,9810000.0,1.0,N
YAKSSVGETVY,0.6,WB,,6001,YAKSSVGETVY,28.93,1202.5819,11,1.7,602.2993,32.14,,7,7601,F20180830_KP_THP1_w632_filter1.raw,1,,O00267|SPT5H_HUMAN,,,PEAKS DB,2,YAKSSVGETVY,False,1020000.0,1.0,N
HSSSIVTAY,0.6,WB,,4841,HSSSIVTAY,35.06,963.4661,9,1.8,482.7412,33.37,,7,8084,F20180830_KP_THP1_w632_filter1.raw,1,,Q9Y4A5|TRRAP_HUMAN,,,PEAKS DB,2,HSSSIVTAY,False,1230000.0,1.0,N
KRYGEDSEQF,0.6,WB,,5090,KRYGEDSEQF,26.02,1257.5625,10,1.4,629.7894,25.22,,7,4862,F20180830_KP_THP1_w632_filter1.raw,1,,O75787|RENR_HUMAN,,,PEAKS DB,2,KRYGEDSEQF,False,7700000.0,1.0,N
SSKPWPDATY,0.6,WB,,5946,SSKPWPDATY,39.63,1150.5294,10,2.1,576.2732,44.45,,7,12470,F20180830_KP_THP1_w632_filter1.raw,1,,Q9Y2W1|TR150_HUMAN,,,PEAKS DB,2,SSKPWPDATY,False,13200000.0,1.0,N
WVKLERIQF,0.6,WB,,2762,WVKLERIQF,22.75,1217.692,9,3.4,609.8553,57.85,,7,17797,F20180830_KP_THP1_w632_filter1.raw,2,,Q14204|DYHC1_HUMAN,,,PEAKS DB,2,WVKLERIQF,False,5180000.0,2.0,N
RPREIINTY,0.6,WB,,4356,RPREIINTY,36.43,1160.6301,9,2.7,581.3239,29.1,,7,6395,F20180830_KP_THP1_w632_filter1.raw,1,,Q9HCS7|SYF1_HUMAN,,,PEAKS DB,2,RPREIINTY,False,14200000.0,1.0,N
ELISTTANY,0.6,WB,,2623,ELISTTANY,19.66,1010.492,9,1.4,506.254,56.12,,7,17104,F20180830_KP_THP1_w632_filter1.raw,1,,Q13123|RED_HUMAN,,,PEAKS DB,2,ELISTTANY,False,571000.0,1.0,N
EMITQLLAY,0.6,WB,,2542,EMITQLLAY,28.98,1080.5525,9,2.1,541.2847,95.63,,7,32888,F20180830_KP_THP1_w632_filter1.raw,1,,Q06203|PUR1_HUMAN,,,PEAKS DB,2,EMITQLLAY,False,686000.0,1.0,N
KLVDFVIHF,0.6,WB,,2268,KLVDFVIHF,39.04,1116.6332,9,2.8,559.3254,73.97,,7,24241,F20180830_KP_THP1_w632_filter1.raw,1,,P59998|ARPC4_HUMAN,,,PEAKS DB,2,KLVDFVIHF,False,1880000.0,1.0,N
QEYLFQEQY,0.6,WB,,2267,QEYLFQEQY,31.35,1246.5505,9,2.6,624.2842,73.28,,7,23961,F20180830_KP_THP1_w632_filter1.raw,1,,P57772|SELB_HUMAN,,,PEAKS DB,2,QEYLFQEQY,False,481000.0,1.0,N
HLVAVFNEY,0.6,WB,,2142,HLVAVFNEY,35.99,1090.5447,9,2.3,546.2809,58.84,,7,18188,F20180830_KP_THP1_w632_filter1.raw,1,,P50995|ANX11_HUMAN,,,PEAKS DB,2,HLVAVFNEY,False,8200000.0,1.0,N
EVNKFQMAY,0.6,WB,,1919,EVNKFQMAY,15.69,1128.5273,9,2.8,565.2725,46.56,,7,13295,F20180830_KP_THP1_w632_filter1.raw,1,,P37108|SRP14_HUMAN,,,PEAKS DB,2,EVNKFQMAY,False,3710000.0,1.0,N
YMKSEDPLF,0.6,WB,,1801,YMKSEDPLF,35.76,1128.5161,9,1.9,565.2664,52.55,,7,15675,F20180830_KP_THP1_w632_filter1.raw,1,,P28340|DPOD1_HUMAN,,,PEAKS DB,2,YMKSEDPLF,False,4730000.0,1.0,N
EVIFSLETY,0.6,WB,,1514,EVIFSLETY,11.35,1099.5437,9,3.5,550.7811,92.04,,7,31466,F20180830_KP_THP1_w632_filter1.raw,1,,P08243|ASNS_HUMAN,,,PEAKS DB,2,EVIFSLETY,False,1090000.0,1.0,N
RPISPGLSY,0.6,WB,,2963,RPISPGLSY,28.42,1068.5005,9,2.0,535.2586,53.63,,7,16108,F20180830_KP_THP1_w632_filter1.raw,1,,Q16204|CCDC6_HUMAN,Phosphorylation (STY),S4:Phosphorylation (STY):40.19,PEAKS DB,2,RPIS(+79.97)PGLSY,False,8170000.0,1.0,N
DQFLQLSQY,0.6,WB,,1361,DQFLQLSQY,26.14,1140.5452,9,2.9,571.2815,87.26,,7,29556,F20180830_KP_THP1_w632_filter1.raw,1,,O95479|G6PE_HUMAN,,,PEAKS DB,2,DQFLQLSQY,False,1080000.0,1.0,N
HERPEFIAY,0.6,WB,,8433,HERPEFIAY,24.77,1160.5614,9,2.3,581.2893,38.71,,9,10212,F20180830_KP_THP1_w632_filter3.raw,1,,P12074|CX6A1_HUMAN,,,PEAKS DB,2,HERPEFIAY,False,1660000.0,1.0,N
EAKQELITY,0.6,WB,,8477,EAKQELITY,23.15,1093.5656,9,3.3,547.7919,41.83,,9,11453,F20180830_KP_THP1_w632_filter3.raw,1,,P78332|RBM6_HUMAN,,,PEAKS DB,2,EAKQELITY,False,5780000.0,1.0,N
RGIWSIHVY,0.6,WB,,8510,RGIWSIHVY,18.1,1129.6033,9,1.8,565.8099,52.53,,9,15710,F20180830_KP_THP1_w632_filter3.raw,1,,Q16222|UAP1_HUMAN,,,PEAKS DB,2,RGIWSIHVY,False,920000.0,1.0,N
NAIEGLTEY,0.6,WB,,876,NAIEGLTEY,19.75,1008.4764,9,3.4,1009.4871,65.41,,7,20811,F20180830_KP_THP1_w632_filter1.raw,1,,,,,PEAKS DB,1,NAIEGLTEY,False,20500000.0,1.0,N
TLQRSLLFY,0.6,WB,,644,TLQRSLLFY,11.43,1139.6339,9,2.7,570.8257,56.27,,7,17164,F20180830_KP_THP1_w632_filter1.raw,1,,,,,PEAKS DB,2,TLQRSLLFY,False,1190000.0,1.0,N
TIYGQIFSF,0.6,WB,,589,TIYGQIFSF,13.53,1074.5386,9,-0.8,1075.545,77.71,,7,25730,F20180830_KP_THP1_w632_filter1.raw,1,,,,,PEAKS DB,1,TIYGQIFSF,False,6470000.0,1.0,N
EVFPDTKVY,0.6,WB,,3503,EVFPDTKVY,13.07,1096.5441,9,3.8,1097.5555,63.1,698000.0,52,16019,F20180830_KP_THP1_BB72_Filter2.raw,1,1.0,,,,PEAKS DB,1,EVFPDTKVY,False,,,N
LIRSQVQQL,0.6,WB,,829,LIRSQVQQL,13.42,1084.624,9,2.4,1085.6339,62.64,3230000.0,51,16573,F20180830_KP_THP1_BB72_Filter1.raw,1,1.0,O60306|AQR_HUMAN,Deamidation (NQ),Q7:Deamidation (NQ):0.00,PEAKS DB,1,LIRSQVQ(+.98)QL,False,,,N
EIMREGSAF,0.6,WB,,1145,EIMREGSAF,30.65,1038.4803,9,2.3,520.2487,40.77,,7,11011,F20180830_KP_THP1_w632_filter1.raw,1,,O60216|RAD21_HUMAN,,,PEAKS DB,2,EIMREGSAF,False,3760000.0,1.0,N
LGIKATSVY,0.6,WB,,3309,LGIKATSVY,27.55,950.5436,9,1.9,476.28,42.29,,7,11615,F20180830_KP_THP1_w632_filter1.raw,1,,Q7L273|KCTD9_HUMAN,,,PEAKS DB,2,LGIKATSVY,False,2580000.0,1.0,N
HVMKAMQSL,0.6,WB,,2026,HVMKAMQSL,34.63,1043.5256,9,1.1,522.7707,29.68,,7,6625,F20180830_KP_THP1_w632_filter1.raw,1,,P46783|RS10_HUMAN,,,PEAKS DB,2,HVMKAMQSL,False,1220000.0,1.0,N
RRFAPDISSY,0.6,WB,,8723,RRFAPDISSY,30.68,1210.6094,10,2.3,606.3134,38.25,,9,10027,F20180830_KP_THP1_w632_filter3.raw,1,,Q969F9|HPS3_HUMAN,,,PEAKS DB,2,RRFAPDISSY,False,6120000.0,1.0,N
EAFREHQQY,0.6,WB,,3927,EAFREHQQY,35.66,1206.5417,9,2.2,604.2795,23.33,,7,4115,F20180830_KP_THP1_w632_filter1.raw,1,,Q96J88|ESIP1_HUMAN,,,PEAKS DB,2,EAFREHQQY,False,4940000.0,1.0,N
MMNVSKISF,0.6,WB,,3987,MMNVSKISF,23.02,1071.5093,9,3.1,536.7635,46.88,,7,13422,F20180830_KP_THP1_w632_filter1.raw,1,,Q96QD8|S38A2_HUMAN,Oxidation (M),M2:Oxidation (M):0.00,PEAKS DB,2,MM(+15.99)NVSKISF,False,454000.0,1.0,N
VFMHVSTAY,0.6,WB,,3698,VFMHVSTAY,29.47,1053.4954,9,-0.4,527.7548,47.62,,7,13713,F20180830_KP_THP1_w632_filter1.raw,1,,Q8WVX9|FACR1_HUMAN,,,PEAKS DB,2,VFMHVSTAY,False,7510000.0,1.0,N
GGYGGRSRY,0.6,WB,,7183,GGYGGRSRY,18.75,971.4573,9,1.7,486.7368,19.63,,8,2659,F20180830_KP_THP1_w632_filter2.raw,1,,P22626|ROA2_HUMAN,,,PEAKS DB,2,GGYGGRSRY,False,2180000.0,1.0,N
WMYDYSYEKY,0.7,WB,,5237,WMYDYSYEKY,34.02,1462.5751,10,2.1,732.2963,57.43,,7,17629,F20180830_KP_THP1_w632_filter1.raw,1,,P35790|CHKA_HUMAN,Oxidation (M),M2:Oxidation (M):1000.00,PEAKS DB,2,WM(+15.99)YDYSYEKY,False,3990000.0,1.0,N
EMMKRNMAY,0.7,WB,,1282,EMMKRNMAY,30.64,1172.514,9,2.4,587.2657,27.11,,7,5608,F20180830_KP_THP1_w632_filter1.raw,1,,O75718|CRTAP_HUMAN,,,PEAKS DB,2,EMMKRNMAY,False,2030000.0,1.0,N
YGFQEKEAF,0.7,WB,,3855,YGFQEKEAF,38.05,1117.5079,9,2.2,559.7625,47.36,,7,13609,F20180830_KP_THP1_w632_filter1.raw,1,,Q96BH1|RNF25_HUMAN,,,PEAKS DB,2,YGFQEKEAF,False,3640000.0,1.0,N
EAIQRTEAY,0.7,WB,,1027,EAIQRTEAY,34.02,1079.5247,9,3.9,540.7717,27.5,,7,5761,F20180830_KP_THP1_w632_filter1.raw,1,,O15027|SC16A_HUMAN,,,PEAKS DB,2,EAIQRTEAY,False,4990000.0,1.0,N
FAKMLDHEY,0.7,WB,,8431,FAKMLDHEY,27.15,1152.5273,9,3.4,577.2729,35.99,,9,9130,F20180830_KP_THP1_w632_filter3.raw,1,,P11387|TOP1_HUMAN,,,PEAKS DB,2,FAKMLDHEY,False,2890000.0,1.0,N
APIDWGEEY,0.7,WB,,4020,APIDWGEEY,20.68,1078.4607,9,1.7,1079.4698,73.47,,7,24040,F20180830_KP_THP1_w632_filter1.raw,1,,Q96TA1|NIBL1_HUMAN,,,PEAKS DB,1,APIDWGEEY,False,2230000.0,1.0,N
HAFGGNKASY,0.7,WB,,5480,HAFGGNKASY,44.05,1050.4883,10,1.4,526.2521,22.02,,7,3604,F20180830_KP_THP1_w632_filter1.raw,1,,Q14562|DHX8_HUMAN,,,PEAKS DB,2,HAFGGNKASY,False,8480000.0,1.0,N
LARMENQAF,0.7,WB,,878,LARMENQAF,10.67,1078.5229,9,1.4,540.2695,37.13,,7,9567,F20180830_KP_THP1_w632_filter1.raw,1,,,,,PEAKS DB,2,LARMENQAF,False,746000.0,1.0,N
APYQPSAQSSY,0.7,WB,,6035,APYQPSAQSSY,37.54,1197.5302,11,3.0,599.7742,39.85,,7,10647,F20180830_KP_THP1_w632_filter1.raw,1,,O94855|SC24D_HUMAN,,,PEAKS DB,2,APYQPSAQSSY,False,755000.0,1.0,N
ELKMDYESY,0.7,WB,,3449,ELKMDYESY,29.97,1176.5009,9,2.2,589.259,51.4,,7,15217,F20180830_KP_THP1_w632_filter1.raw,1,,Q8IWG1|WDR63_HUMAN,,,PEAKS DB,2,ELKMDYESY,False,1800000.0,1.0,N
EMNPNYTEF,0.7,WB,,7249,EMNPNYTEF,21.19,1143.4542,9,2.9,572.736,64.18,,8,20344,F20180830_KP_THP1_w632_filter2.raw,1,,P49841|GSK3B_HUMAN,,,PEAKS DB,2,EMNPNYTEF,False,2510000.0,1.0,N
MMKVVQVY,0.7,WB,,517,MMKVVQVY,35.98,996.5137,8,2.0,499.2651,46.71,,7,13353,F20180830_KP_THP1_w632_filter1.raw,1,,Q9UPN9|TRI33_HUMAN,,,PEAKS DB,2,MMKVVQVY,False,1560000.0,1.0,N
KQMEQISQFL,0.7,WB,,3908,KQMEQISQFL,27.96,1250.6329,10,2.4,626.3253,61.59,1540000.0,52,15419,F20180830_KP_THP1_BB72_Filter2.raw,1,1.0,Q9UI15|TAGL3_HUMAN:P37802|TAGL2_HUMAN,,,PEAKS DB,2,KQMEQISQFL,False,,,N
FVYKEEHPF,0.7,WB,,7113,FVYKEEHPF,30.12,1194.5709,9,1.6,598.2937,38.4,,8,10084,F20180830_KP_THP1_w632_filter2.raw,2,,O95166|GBRAP_HUMAN,,,PEAKS DB,2,FVYKEEHPF,False,2360000.0,2.0,N
VLYEKDIQLF,0.7,WB,,2911,VLYEKDIQLF,22.95,1266.6859,10,6.4,634.3543,72.43,2530000.0,51,20436,F20180830_KP_THP1_BB72_Filter1.raw,1,1.0,Q9H8T0|AKTIP_HUMAN,,,PEAKS DB,2,VLYEKDIQLF,False,,,N
HMADIWEVF,0.7,WB,,8611,HMADIWEVF,26.95,1146.5168,9,3.3,574.2676,88.51,,9,30074,F20180830_KP_THP1_w632_filter3.raw,1,,Q9NS98|SEM3G_HUMAN,,,PEAKS DB,2,HMADIWEVF,False,273000.0,1.0,N
AQSELDIYL,0.7,WB,,2366,AQSELDIYL,18.64,1050.5233,9,2.1,1051.5328,83.05,18500000.0,51,24644,F20180830_KP_THP1_BB72_Filter1.raw,2,2.0,Q9NTJ3|SMC4_HUMAN,,,PEAKS DB,1,AQSELDIYL,False,,,N
QLIDAQFNF,0.7,WB,,1774,QLIDAQFNF,26.86,1094.5397,9,1.3,548.2778,89.62,604000.0,51,27228,F20180830_KP_THP1_BB72_Filter1.raw,1,1.0,Q6PIY7|GLD2_HUMAN,,,PEAKS DB,2,QLIDAQFNF,False,,,N
AIQININLY,0.7,WB,,4574,AIQININLY,13.74,1060.5917,9,0.9,531.3036,61.49,,7,19241,F20180830_KP_THP1_w632_filter1.raw,2,,Q9P2H3|IFT80_HUMAN,,,PEAKS DB,2,AIQININLY,False,3510000.0,2.0,N
VQISSMDTL,0.7,WB,,612,VQISSMDTL,13.84,992.4849,9,3.2,993.4953,57.53,257000.0,51,14551,F20180830_KP_THP1_BB72_Filter1.raw,1,1.0,,,,PEAKS DB,1,VQISSMDTL,False,,,N
APHPRLSQY,0.7,WB,,1330,APHPRLSQY,28.26,1067.5511,9,-1.6,534.7819999999998,25.34,,7,4910,F20180830_KP_THP1_w632_filter1.raw,1,,O95149|SPN1_HUMAN,,,PEAKS DB,2,APHPRLSQY,False,1810000.0,1.0,N
KLEEPVLEF,0.7,WB,,686,KLEEPVLEF,12.67,1102.5909,9,2.6,552.3042,66.25,,7,21146,F20180830_KP_THP1_w632_filter1.raw,1,,,,,PEAKS DB,2,KLEEPVLEF,False,2140000.0,1.0,N
RPIRLQVQY,0.7,WB,,3803,RPIRLQVQY,11.97,1171.6825,9,2.1,586.8497,36.16,,7,9184,F20180830_KP_THP1_w632_filter1.raw,1,,Q92900|RENT1_HUMAN,,,PEAKS DB,2,RPIRLQVQY,False,2750000.0,1.0,N
HLYPNTPYAY,0.7,WB,,5203,HLYPNTPYAY,43.24,1237.5768,10,2.4,619.7972,49.1,,7,14302,F20180830_KP_THP1_w632_filter1.raw,2,,P27695|APEX1_HUMAN,,,PEAKS DB,2,HLYPNTPYAY,False,129000000.0,2.0,N
RLPSGKVGF,0.7,WB,,4796,RLPSGKVGF,32.87,959.5552,9,2.3,480.786,42.08,,7,11528,F20180830_KP_THP1_w632_filter1.raw,1,,Q9Y285|SYFA_HUMAN,,,PEAKS DB,2,RLPSGKVGF,False,1420000.0,1.0,N
NAISVTTSY,0.7,WB,,3219,NAISVTTSY,25.72,955.4498,9,1.6,956.4586,62.03,,7,19454,F20180830_KP_THP1_w632_filter1.raw,1,,Q6PD62|CTR9_HUMAN,Deamidation (NQ),N1:Deamidation (NQ):1000.00,PEAKS DB,1,N(+.98)AISVTTSY,False,993000.0,1.0,N
TERELKVAY,0.7,WB,,3138,TERELKVAY,31.02,1107.5924,9,-1.8,554.8025,29.78,,7,6666,F20180830_KP_THP1_w632_filter1.raw,1,,Q63ZY3|KANK2_HUMAN,,,PEAKS DB,2,TERELKVAY,False,99600000.0,1.0,N
EVIKNFIQY,0.7,WB,,4792,EVIKNFIQY,36.05,1152.6179,9,2.5,577.3177,60.61,,7,18887,F20180830_KP_THP1_w632_filter1.raw,1,,Q9Y262|EIF3L_HUMAN,,,PEAKS DB,2,EVIKNFIQY,False,2490000.0,1.0,N
QEKDVFERY,0.7,WB,,2706,QEKDVFERY,15.44,1212.5774,9,-6.6,607.2919999999998,35.44,,7,8899,F20180830_KP_THP1_w632_filter1.raw,2,,Q13618|CUL3_HUMAN,,,PEAKS DB,2,QEKDVFERY,False,6050000.0,2.0,N
QGYPWRLAY,0.7,WB,,3599,QGYPWRLAY,30.41,1152.5715,9,2.2,577.2943,64.14,,7,20298,F20180830_KP_THP1_w632_filter1.raw,1,,Q8NI08|NCOA7_HUMAN,,,PEAKS DB,2,QGYPWRLAY,False,1530000.0,1.0,N
LPIPLQETY,0.7,WB,,3744,LPIPLQETY,26.52,1072.5804,9,2.4,537.2988,79.01,,7,26246,F20180830_KP_THP1_w632_filter1.raw,1,,Q92558|WASF1_HUMAN,,,PEAKS DB,2,LPIPLQETY,False,1340000.0,1.0,N
NAAQTSVAY,0.7,WB,,2226,NAAQTSVAY,26.11,923.4348,9,2.0,462.7256,34.74,,7,8620,F20180830_KP_THP1_w632_filter1.raw,1,,P54136|SYRC_HUMAN,,,PEAKS DB,2,NAAQTSVAY,False,1000000.0,1.0,N
YGNPKNMAY,0.7,WB,,3751,YGNPKNMAY,34.61,1056.4698,9,2.3,529.2434,30.62,,7,6998,F20180830_KP_THP1_w632_filter1.raw,1,,Q92567|F168A_HUMAN,,,PEAKS DB,2,YGNPKNMAY,False,687000.0,1.0,N
VLPGVCQVF,0.7,WB,,6821,VLPGVCQVF,10.24,960.5103,9,5.0,481.2648,98.92,,8,34196,F20180830_KP_THP1_w632_filter2.raw,1,,A8MPS7|YDJC_HUMAN,,,PEAKS DB,2,VLPGVCQVF,False,1860000.0,1.0,N
HFKADLISY,0.7,WB,,7700,HFKADLISY,26.4,1092.5603,9,1.5,547.2883,44.81,,8,12618,F20180830_KP_THP1_w632_filter2.raw,1,,Q9NUW8|TYDP1_HUMAN,,,PEAKS DB,2,HFKADLISY,False,2920000.0,1.0,N
ESIKSVVSY,0.7,WB,,2107,ESIKSVVSY,30.56,1010.5284,9,2.1,506.2725,42.4,,7,11658,F20180830_KP_THP1_w632_filter1.raw,1,,P49792|RBP2_HUMAN,,,PEAKS DB,2,ESIKSVVSY,False,4190000.0,1.0,N
VPREATISY,0.7,WB,,1972,VPREATISY,29.47,1034.5397,9,1.5,518.2779,36.01,,7,9122,F20180830_KP_THP1_w632_filter1.raw,1,,P42338|PK3CB_HUMAN,,,PEAKS DB,2,VPREATISY,False,25900000.0,1.0,N
FAHDDSVMY,0.7,WB,,4744,FAHDDSVMY,19.27,1099.4281,9,1.8,550.7223,34.71,,7,8607,F20180830_KP_THP1_w632_filter1.raw,1,,Q9UNX4|WDR3_HUMAN,Oxidation (M),M8:Oxidation (M):1000.00,PEAKS DB,2,FAHDDSVM(+15.99)Y,False,731000.0,1.0,N
HGKAIKVSY,0.7,WB,,1892,HGKAIKVSY,35.46,1001.5658,9,1.2,501.7908,21.63,,7,3451,F20180830_KP_THP1_w632_filter1.raw,1,,P35573|GDE_HUMAN,,,PEAKS DB,2,HGKAIKVSY,False,685000.0,1.0,N
SMWIERTSF,0.7,WB,,3756,SMWIERTSF,31.98,1155.5383,9,3.0,578.7782,62.63,,7,19695,F20180830_KP_THP1_w632_filter1.raw,1,,Q92608|DOCK2_HUMAN,,,PEAKS DB,2,SMWIERTSF,False,1020000.0,1.0,N
YPRPPSKTY,0.7,WB,,1555,YPRPPSKTY,35.08,1107.5713,9,1.1,554.7935,26.09,,7,5205,F20180830_KP_THP1_w632_filter1.raw,1,,P10275|ANDR_HUMAN,,,PEAKS DB,2,YPRPPSKTY,False,6510000.0,1.0,N
YASSPGGVY,0.7,WB,,1520,YASSPGGVY,34.05,899.4025,9,2.3,900.4118,40.52,,7,10911,F20180830_KP_THP1_w632_filter1.raw,1,,P08670|VIME_HUMAN,,,PEAKS DB,1,YASSPGGVY,False,8200000.0,1.0,N
IGYMGQTAY,0.7,WB,,3794,IGYMGQTAY,32.18,1002.4481,9,2.3,1003.4576,57.22,,7,17545,F20180830_KP_THP1_w632_filter1.raw,1,,Q92841|DDX17_HUMAN,,,PEAKS DB,1,IGYMGQTAY,False,8580000.0,1.0,N
TVRNASTAVY,0.7,WB,,8042,TVRNASTAVY,9.93,1160.5227,10,-6.2,581.265,52.75,,8,15785,F20180830_KP_THP1_w632_filter2.raw,1,,Q9NQG7|HPS4_HUMAN,Phosphorylation (STY),T1:Phosphorylation (STY):0.00,PEAKS DB,2,T(+79.97)VRNASTAVY,False,977000.0,1.0,N
VLFLGRSVM,0.8,WB,,6998,VLFLGRSVM,9.91,1020.579,9,3.4,511.2985,75.32,,8,24794,F20180830_KP_THP1_w632_filter2.raw,1,,,,,PEAKS DB,2,VLFLGRSVM,False,837000.0,1.0,N
MARLPSVAF,0.8,WB,,7310,MARLPSVAF,25.02,990.5319999999999,9,2.6,496.2746,60.68,,8,18945,F20180830_KP_THP1_w632_filter2.raw,1,,Q04721|NOTC2_HUMAN,,,PEAKS DB,2,MARLPSVAF,False,1600000.0,1.0,N
DQRFEKVSY,0.8,WB,,7366,DQRFEKVSY,25.55,1170.5669,9,2.4,586.2921,32.84,,8,7877,F20180830_KP_THP1_w632_filter2.raw,1,,Q14642|I5P1_HUMAN,,,PEAKS DB,2,DQRFEKVSY,False,4600000.0,1.0,N
TGYGGYEEY,0.8,WB,,7266,TGYGGYEEY,23.17,1037.3978,9,2.9,1038.4081,49.22,,8,14376,F20180830_KP_THP1_w632_filter2.raw,1,,P52597|HNRPF_HUMAN,,,PEAKS DB,1,TGYGGYEEY,False,6620000.0,1.0,N
IFREGDGVY,0.8,WB,,3535,IFREGDGVY,21.71,1054.5083,9,1.9,528.2625,41.17,,7,11169,F20180830_KP_THP1_w632_filter1.raw,1,,Q8N7H5|PAF1_HUMAN,,,PEAKS DB,2,IFREGDGVY,False,1320000.0,1.0,N
KRFDESMQVF,0.8,WB,,8725,KRFDESMQVF,25.26,1285.6124,10,2.3,643.8149,46.84,,9,13434,F20180830_KP_THP1_w632_filter3.raw,1,,Q96JC1|VPS39_HUMAN,,,PEAKS DB,2,KRFDESMQVF,False,759000.0,1.0,N
RQFAGQINLL,0.8,WB,,5721,RQFAGQINLL,30.51,1158.6509,10,2.3,580.3340000000002,59.68,,7,18512,F20180830_KP_THP1_w632_filter1.raw,1,,Q92502|STAR8_HUMAN,,,PEAKS DB,2,RQFAGQINLL,False,1750000.0,1.0,N
VGRFGQLTY,0.8,WB,,3990,VGRFGQLTY,25.37,1039.545,9,2.1,520.7809,48.49,,7,14059,F20180830_KP_THP1_w632_filter1.raw,1,,Q96RP9|EFGM_HUMAN,,,PEAKS DB,2,VGRFGQLTY,False,1580000.0,1.0,N
SARLEKLGY,0.8,WB,,4227,SARLEKLGY,31.45,1035.5713,9,1.9,518.7939,29.97,,7,6738,F20180830_KP_THP1_w632_filter1.raw,1,,Q9H0A9|SPC1L_HUMAN,,,PEAKS DB,2,SARLEKLGY,False,5150000.0,1.0,N
DLKETNISY,0.8,WB,,917,DLKETNISY,32.99,1081.5292,9,1.9,541.7729,44.99,,7,12683,F20180830_KP_THP1_w632_filter1.raw,1,,O00116|ADAS_HUMAN,,,PEAKS DB,2,DLKETNISY,False,7980000.0,1.0,N
HLHMETSDF,0.8,WB,,4435,HLHMETSDF,33.82,1115.4706,9,2.2,558.7438,34.0,,7,8332,F20180830_KP_THP1_w632_filter1.raw,1,,Q9NU22|MDN1_HUMAN,,,PEAKS DB,2,HLHMETSDF,False,2050000.0,1.0,N
RRMENLVAY,0.8,WB,,3787,RRMENLVAY,28.45,1150.5917,9,2.6,576.3046,33.98,,7,8325,F20180830_KP_THP1_w632_filter1.raw,1,,Q92793|CBP_HUMAN,,,PEAKS DB,2,RRMENLVAY,False,7520000.0,1.0,N
EAREEKVVY,0.8,WB,,3545,EAREEKVVY,20.63,1121.5717,9,0.8,561.7936,23.89,,7,4335,F20180830_KP_THP1_w632_filter1.raw,1,,Q8N9Z2|CC71L_HUMAN,,,PEAKS DB,2,EAREEKVVY,False,4780000.0,1.0,N
YGRGVQVNY,0.8,WB,,4603,YGRGVQVNY,22.92,1054.5195,9,2.4,528.2683,33.64,,7,8193,F20180830_KP_THP1_w632_filter1.raw,1,,Q9UBV2|SE1L1_HUMAN,,,PEAKS DB,2,YGRGVQVNY,False,405000.0,1.0,N
LSKTEFLSF,0.8,WB,,1849,LSKTEFLSF,35.15,1070.5648,9,1.8,536.2906,65.77,,7,20956,F20180830_KP_THP1_w632_filter1.raw,2,,P31949|S10AB_HUMAN,,,PEAKS DB,2,LSKTEFLSF,False,18400000.0,2.0,N
GLIQNGDWTF,0.8,WB,,2647,GLIQNGDWTF,13.36,1149.5454,10,1.4,575.7808,90.59,635000.0,51,27611,F20180830_KP_THP1_BB72_Filter1.raw,1,1.0,,,,PEAKS DB,2,GLIQNGDWTF,False,,,N
HAYPYPQMY,0.8,WB,,4699,HAYPYPQMY,27.75,1168.5011,9,-5.0,585.2549,47.85,,7,13808,F20180830_KP_THP1_w632_filter1.raw,0,,Q9ULD9|ZN608_HUMAN,,,PEAKS DB,2,HAYPYPQMY,False,0.0,0.0,N
QQHSILLLL,0.8,WB,,2593,QQHSILLLL,16.76,1063.6389,9,2.8,532.8282,76.33,,7,25186,F20180830_KP_THP1_w632_filter1.raw,1,,Q12789|TF3C1_HUMAN,,,PEAKS DB,2,QQHSILLLL,False,569000.0,1.0,N
MFMKPGTLY,0.8,WB,,1809,MFMKPGTLY,25.27,1086.5242,9,2.1,544.2705,57.17,,7,17525,F20180830_KP_THP1_w632_filter1.raw,1,,P29372|3MG_HUMAN,,,PEAKS DB,2,MFMKPGTLY,False,8590000.0,1.0,N
MARDEKNYY,0.8,WB,,4822,MARDEKNYY,28.66,1188.5233,9,1.7,595.27,23.05,,7,4009,F20180830_KP_THP1_w632_filter1.raw,1,,Q9Y3C1|NOP16_HUMAN,,,PEAKS DB,2,MARDEKNYY,False,1680000.0,1.0,N
VTYVPVTTF,0.8,WB,,1380,VTYVPVTTF,18.49,1025.5433,9,2.1,1026.5527,77.47,5870000.0,51,22433,F20180830_KP_THP1_BB72_Filter1.raw,1,1.0,P62899|RL31_HUMAN,,,PEAKS DB,1,VTYVPVTTF,False,,,N
RRFGQTIQSF,0.8,WB,,5631,RRFGQTIQSF,28.52,1238.652,10,1.5,413.8919,35.08,,7,8754,F20180830_KP_THP1_w632_filter1.raw,2,,Q7Z628|ARHG8_HUMAN,,,PEAKS DB,3,RRFGQTIQSF,False,11500000.0,2.0,N
QGYPGQQQGY,0.8,WB,,5522,QGYPGQQQGY,40.39,1124.4886,10,1.2,563.2523,37.31,,7,9640,F20180830_KP_THP1_w632_filter1.raw,1,,Q15532|SSXT_HUMAN,,,PEAKS DB,2,QGYPGQQQGY,False,9870000.0,1.0,N
ELYGNTFQLY,0.8,WB,,5516,ELYGNTFQLY,35.4,1246.5869,10,4.3,624.3034,87.17,,7,29520,F20180830_KP_THP1_w632_filter1.raw,2,,Q15397|PUM3_HUMAN,,,PEAKS DB,2,ELYGNTFQLY,False,126000000.0,2.0,N
VVFLTGFGY,0.8,WB,,1848,VVFLTGFGY,17.2,1001.5222,9,8.6,1002.5381,77.55,0.0,51,22465,F20180830_KP_THP1_BB72_Filter1.raw,0,0.0,Q7Z7G8|VP13B_HUMAN,,,PEAKS DB,1,VVFLTGFGY,False,,,N
MGRDPGVSF,0.8,WB,,1337,MGRDPGVSF,18.81,980.4385,9,2.0,491.2275,35.38,,7,8873,F20180830_KP_THP1_w632_filter1.raw,1,,O95229|ZWINT_HUMAN,Oxidation (M),M1:Oxidation (M):1000.00,PEAKS DB,2,M(+15.99)GRDPGVSF,False,4290000.0,1.0,N
LLLREELQAY,0.8,WB,,5485,LLLREELQAY,37.67,1246.6921,10,1.7,624.3544,61.75,,7,19347,F20180830_KP_THP1_w632_filter1.raw,1,,Q14674|ESPL1_HUMAN,,,PEAKS DB,2,LLLREELQAY,False,13300000.0,1.0,N
HAIRLLLEY,0.8,WB,,1533,HAIRLLLEY,38.47,1126.6499,9,2.8,564.3338,54.61,,7,16501,F20180830_KP_THP1_w632_filter1.raw,1,,P09488|GSTM1_HUMAN,,,PEAKS DB,2,HAIRLLLEY,False,3780000.0,1.0,N
HSRNEGVATY,0.8,WB,,5231,HSRNEGVATY,27.83,1132.5261,10,1.8,567.2714,20.77,,7,3107,F20180830_KP_THP1_w632_filter1.raw,1,,P35222|CTNB1_HUMAN,,,PEAKS DB,2,HSRNEGVATY,False,2540000.0,1.0,N
MAAMPQTVY,0.8,WB,,3674,MAAMPQTVY,38.64,1010.4565,9,2.0,506.2365,58.94,,7,18227,F20180830_KP_THP1_w632_filter1.raw,2,,Q8WU79|SMAP2_HUMAN,,,PEAKS DB,2,MAAMPQTVY,False,23100000.0,2.0,N
VGRGRFTTY,0.8,WB,,1184,VGRGRFTTY,30.09,1055.5511,9,0.9,528.7833,26.03,,7,5180,F20180830_KP_THP1_w632_filter1.raw,1,,O60493|SNX3_HUMAN,,,PEAKS DB,2,VGRGRFTTY,False,11600000.0,1.0,N
QGYPTPSSSY,0.8,WB,,5223,QGYPTPSSSY,36.27,1085.4666,10,2.3,543.7418,43.91,,7,12253,F20180830_KP_THP1_w632_filter1.raw,1,,P32242|OTX1_HUMAN,,,PEAKS DB,2,QGYPTPSSSY,False,3410000.0,1.0,N
QGYGYQQGY,0.8,WB,,4069,QGYGYQQGY,35.1,1062.4407,9,1.6,532.2285,42.15,,7,11558,F20180830_KP_THP1_w632_filter1.raw,1,,Q99729|ROAA_HUMAN,,,PEAKS DB,2,QGYGYQQGY,False,8760000.0,1.0,N
QARAALQTAY,0.9,WB,,5840,QARAALQTAY,25.15,1091.5723,10,1.3,546.7941,30.94,,7,7124,F20180830_KP_THP1_w632_filter1.raw,1,,Q9H2Y7|ZN106_HUMAN,,,PEAKS DB,2,QARAALQTAY,False,1620000.0,1.0,N
IPSPLSSSY,0.9,WB,,2812,IPSPLSSSY,24.31,949.4756,9,2.0,950.4849,62.26,,7,19545,F20180830_KP_THP1_w632_filter1.raw,1,,Q14679|TTLL4_HUMAN,,,PEAKS DB,1,IPSPLSSSY,False,4550000.0,1.0,N
QPYAGMQAY,0.9,WB,,7425,QPYAGMQAY,30.85,1027.4434,9,2.5,514.7302,50.12,,8,14737,F20180830_KP_THP1_w632_filter2.raw,1,,Q5T1M5|FKB15_HUMAN,,,PEAKS DB,2,QPYAGMQAY,False,2360000.0,1.0,N
TPYDSSASY,0.9,WB,,2663,TPYDSSASY,25.38,989.3978,9,2.5,495.7074,40.02,,7,10717,F20180830_KP_THP1_w632_filter1.raw,1,,Q13422|IKZF1_HUMAN,,,PEAKS DB,2,TPYDSSASY,False,1010000.0,1.0,N
AMLHNMRVY,0.9,WB,,893,AMLHNMRVY,10.51,1133.5474,9,5.5,567.7841,42.87,,7,11844,F20180830_KP_THP1_w632_filter1.raw,1,,,,,PEAKS DB,2,AMLHNMRVY,False,14200000.0,1.0,N
RQFLWSFRL,0.9,WB,,7732,RQFLWSFRL,26.48,1251.6876,9,3.6,626.8533,69.76,,8,22580,F20180830_KP_THP1_w632_filter2.raw,1,,Q9UIA0|CYH4_HUMAN:Q99418|CYH2_HUMAN,,,PEAKS DB,2,RQFLWSFRL,False,1430000.0,1.0,N
TPISITSSY,0.9,WB,,2529,TPISITSSY,33.56,967.4862,9,2.7,968.4961,58.85,,7,18191,F20180830_KP_THP1_w632_filter1.raw,2,,Q04726|TLE3_HUMAN,,,PEAKS DB,1,TPISITSSY,False,95900000.0,2.0,N
NVIRDAVTY,0.9,WB,,2347,NVIRDAVTY,39.11,1049.5505,9,1.5,525.7833,42.06,,7,11521,F20180830_KP_THP1_w632_filter1.raw,1,,P62805|H4_HUMAN,,,PEAKS DB,2,NVIRDAVTY,False,36200000.0,1.0,N
VPREKSVTY,0.9,WB,,2200,VPREKSVTY,26.5,1077.5818,9,2.4,539.7994,22.4,,7,3753,F20180830_KP_THP1_w632_filter1.raw,1,,P52948|NUP98_HUMAN,,,PEAKS DB,2,VPREKSVTY,False,14100000.0,1.0,N
QGRWATQVF,0.9,WB,,907,QGRWATQVF,19.88,1091.5513,9,1.8,546.7839,49.97,,7,14647,F20180830_KP_THP1_w632_filter1.raw,1,,,,,PEAKS DB,2,QGRWATQVF,False,794000.0,1.0,N
QERLVQAEY,0.9,WB,,2132,QERLVQAEY,29.91,1134.5669,9,1.5,568.2916,35.49,,7,8917,F20180830_KP_THP1_w632_filter1.raw,1,,P50897|PPT1_HUMAN,,,PEAKS DB,2,QERLVQAEY,False,2380000.0,1.0,N
RRKQMNLAY,0.9,WB,,1996,RRKQMNLAY,10.6,1178.6343,9,1.7,590.3254,23.25,,7,4084,F20180830_KP_THP1_w632_filter1.raw,1,,P43304|GPDM_HUMAN,,,PEAKS DB,2,RRKQMNLAY,False,2240000.0,1.0,N
RPIFGGTVY,0.9,WB,,1123,RPIFGGTVY,26.1,1008.5392,9,1.4,505.2776,50.05,,7,14679,F20180830_KP_THP1_w632_filter1.raw,1,,O43663|PRC1_HUMAN,,,PEAKS DB,2,RPIFGGTVY,False,8720000.0,1.0,N
DLKEALISY,0.9,WB,,1336,DLKEALISY,19.74,1050.5597,9,2.4,526.2884,68.83,,7,22181,F20180830_KP_THP1_w632_filter1.raw,1,,O95219|SNX4_HUMAN,,,PEAKS DB,2,DLKEALISY,False,2970000.0,1.0,N
RQLKQQWEM,0.9,WB,,1351,RQLKQQWEM,36.5,1245.6288,9,1.8,623.8228,31.52,,7,7356,F20180830_KP_THP1_w632_filter1.raw,1,,O95347|SMC2_HUMAN,,,PEAKS DB,2,RQLKQQWEM,False,1190000.0,1.0,N
ELKMNDLTY,0.9,WB,,7567,ELKMNDLTY,27.6,1125.5376,9,1.2,563.7767,54.86,,8,16625,F20180830_KP_THP1_w632_filter2.raw,1,,Q96BY6|DOC10_HUMAN,,,PEAKS DB,2,ELKMNDLTY,False,1580000.0,1.0,N
KRKELVTLY,0.9,WB,,881,KRKELVTLY,17.1,1148.6917,9,2.1,575.3543,29.7,,7,6632,F20180830_KP_THP1_w632_filter1.raw,1,,,,,PEAKS DB,2,KRKELVTLY,False,4730000.0,1.0,N
FERINTVQY,0.9,WB,,3845,FERINTVQY,19.23,1168.5876,9,1.8,585.3021,43.35,,7,12031,F20180830_KP_THP1_w632_filter1.raw,1,,Q96AP4|ZUFSP_HUMAN,,,PEAKS DB,2,FERINTVQY,False,1720000.0,1.0,N
RRKGEQIYY,0.9,WB,,1375,RRKGEQIYY,23.87,1211.6411,9,1.7,606.8289,22.28,,7,3706,F20180830_KP_THP1_w632_filter1.raw,1,,O95711|LY86_HUMAN,,,PEAKS DB,2,RRKGEQIYY,False,11900000.0,1.0,N
KPIESFNEY,0.9,WB,,4926,KPIESFNEY,31.28,1125.5342,9,2.0,563.7755,40.92,,7,11071,F20180830_KP_THP1_w632_filter1.raw,1,,Q9Y6Y8|S23IP_HUMAN:O94830|DDHD2_HUMAN,,,PEAKS DB,2,KPIESFNEY,False,12300000.0,1.0,N
IIKDDIKSL,0.9,WB,,3303,IIKDDIKSL,12.87,1043.6226,9,2.7,522.8199,48.21,584000.0,52,10329,F20180830_KP_THP1_BB72_Filter2.raw,1,1.0,,,,PEAKS DB,2,IIKDDIKSL,False,,,N
FGRKDVVEY,0.9,WB,,8594,FGRKDVVEY,17.98,1111.5662,9,8.9,556.7953,31.64,,9,7416,F20180830_KP_THP1_w632_filter3.raw,0,,Q9H2K2|TNKS2_HUMAN,,,PEAKS DB,2,FGRKDVVEY,False,0.0,0.0,N
YPKANIVAY,0.9,WB,,4598,YPKANIVAY,36.9,1037.5546,9,1.5,1038.5634,43.4,,7,12054,F20180830_KP_THP1_w632_filter1.raw,2,,Q9UBT2|SAE2_HUMAN,,,PEAKS DB,1,YPKANIVAY,False,97000000.0,2.0,N
YFRDGDLVTF,0.9,WB,,5256,YFRDGDLVTF,22.19,1231.5873,10,2.1,616.8022,68.64,,7,22105,F20180830_KP_THP1_w632_filter1.raw,1,,P41226|UBA7_HUMAN,,,PEAKS DB,2,YFRDGDLVTF,False,1040000.0,1.0,N
KSSQEEVRSY,0.9,WB,,5317,KSSQEEVRSY,11.65,1211.5782,10,2.6,606.798,27.11,,7,5609,F20180830_KP_THP1_w632_filter1.raw,1,,P52597|HNRPF_HUMAN,,,PEAKS DB,2,KSSQEEVRSY,False,700000.0,1.0,N
DQRVIYYY,0.9,WB,,477,DQRVIYYY,27.1,1118.5397,8,3.0,560.2788,56.11,,7,17100,F20180830_KP_THP1_w632_filter1.raw,1,,Q9HC77|CENPJ_HUMAN,,,PEAKS DB,2,DQRVIYYY,False,3400000.0,1.0,N
EVFKERIGY,0.9,WB,,3277,EVFKERIGY,27.28,1139.5974,9,2.0,570.8071,37.11,,7,9558,F20180830_KP_THP1_w632_filter1.raw,1,,Q6ZNJ1|NBEL2_HUMAN:Q6ZS30|NBEL1_HUMAN,,,PEAKS DB,2,EVFKERIGY,False,4230000.0,1.0,N
QAVAIFTVY,0.9,WB,,4246,QAVAIFTVY,28.99,1010.5436,9,3.5,506.2809,86.05,,7,29070,F20180830_KP_THP1_w632_filter1.raw,2,,Q9H1C4|UN93B_HUMAN,,,PEAKS DB,2,QAVAIFTVY,False,37900000.0,2.0,N
HGFGNVHAY,0.9,WB,,4169,HGFGNVHAY,40.33,1000.4515,9,2.3,501.2342,27.94,,7,5938,F20180830_KP_THP1_w632_filter1.raw,1,,Q9BWT1|CDCA7_HUMAN,,,PEAKS DB,2,HGFGNVHAY,False,11800000.0,1.0,N
EAAPPGELY,0.9,WB,,4154,EAAPPGELY,31.0,945.4443,9,2.6,946.454,52.89,,7,15814,F20180830_KP_THP1_w632_filter1.raw,1,,Q9BW71|HIRP3_HUMAN,,,PEAKS DB,1,EAAPPGELY,False,9400000.0,1.0,N
LPFPIIQQY,0.9,WB,,4122,LPFPIIQQY,37.18,1117.6172,9,2.4,1118.6272,94.27,,7,32354,F20180830_KP_THP1_w632_filter1.raw,2,,Q9BTX1|NDC1_HUMAN,,,PEAKS DB,1,LPFPIIQQY,False,55900000.0,2.0,N
FMVDNEAIY,0.9,WB,,4099,FMVDNEAIY,29.83,1100.4849,9,3.0,551.2513,75.13,,7,24704,F20180830_KP_THP1_w632_filter1.raw,1,,Q9BQE3|TBA1C_HUMAN:P68363|TBA1B_HUMAN:Q71U36|TBA1A_HUMAN,,,PEAKS DB,2,FMVDNEAIY,False,882000.0,1.0,N
LMVQMGEEYY,0.9,WB,,5625,LMVQMGEEYY,13.17,1261.5359,10,0.0,631.7752,86.51,,7,29255,F20180830_KP_THP1_w632_filter1.raw,1,,Q7Z392|TPC11_HUMAN,,,PEAKS DB,2,LMVQMGEEYY,False,1090000.0,1.0,N
LAKVENACY,0.9,WB,,4044,LAKVENACY,28.78,1009.4902,9,1.6,505.7532,32.12,,7,7594,F20180830_KP_THP1_w632_filter1.raw,1,,Q99598|TSNAX_HUMAN,,,PEAKS DB,2,LAKVENACY,False,783000.0,1.0,N
APIQVFSTY,0.9,WB,,4003,APIQVFSTY,31.87,1024.5229,9,2.9,1025.5332,74.52,,7,24461,F20180830_KP_THP1_w632_filter1.raw,2,,Q96SB3|NEB2_HUMAN,,,PEAKS DB,1,APIQVFSTY,False,22300000.0,2.0,N
EQGRVHVVY,0.9,WB,,1355,EQGRVHVVY,35.36,1085.5618,9,2.2,543.7894,27.37,,7,5711,F20180830_KP_THP1_w632_filter1.raw,1,,O95450|ATS2_HUMAN,,,PEAKS DB,2,EQGRVHVVY,False,27600000.0,1.0,N
TPYEGQRSY,0.9,WB,,3802,TPYEGQRSY,31.91,1099.4934,9,1.1,550.7546,25.85,,7,5109,F20180830_KP_THP1_w632_filter1.raw,1,,Q92900|RENT1_HUMAN,,,PEAKS DB,2,TPYEGQRSY,False,30600000.0,1.0,N
KRNPLEQAF,0.9,WB,,3697,KRNPLEQAF,32.0,1101.593,9,2.2,551.805,34.4,,7,8485,F20180830_KP_THP1_w632_filter1.raw,1,,Q8WVX9|FACR1_HUMAN,,,PEAKS DB,2,KRNPLEQAF,False,4320000.0,1.0,N
RRRPEILSF,0.9,WB,,795,RRRPEILSF,13.18,1172.6777,9,1.7,391.9005,34.98,,7,8714,F20180830_KP_THP1_w632_filter1.raw,1,,,,,PEAKS DB,3,RRRPEILSF,False,3920000.0,1.0,N
KPRSNVISY,0.9,WB,,3435,KPRSNVISY,21.28,1142.5485,9,3.0,572.2832,30.6,,7,6990,F20180830_KP_THP1_w632_filter1.raw,1,,Q86Z02|HIPK1_HUMAN,Phosphorylation (STY),S4:Phosphorylation (STY):33.81,PEAKS DB,2,KPRS(+79.97)NVISY,False,2290000.0,1.0,N
NLQGVVLVY,0.9,WB,,472,NLQGVVLVY,12.86,1004.5542,9,2.1,1005.5635,77.3,4530000.0,51,22368,F20180830_KP_THP1_BB72_Filter1.raw,1,1.0,,Deamidation (NQ),N1:Deamidation (NQ):14.04,PEAKS DB,1,N(+.98)LQGVVLVY,False,,,N
YPFPQPPQQSY,0.9,WB,,6276,YPFPQPPQQSY,20.9,1350.6244,11,3.5,676.3218,68.62,,7,22098,F20180830_KP_THP1_w632_filter1.raw,1,,Q8WUM4|PDC6I_HUMAN,,,PEAKS DB,2,YPFPQPPQQSY,False,328000.0,1.0,N
EANQWEVAY,1.0,WB,,8515,EANQWEVAY,20.38,1108.4825,9,2.6,555.25,67.56,,9,21710,F20180830_KP_THP1_w632_filter3.raw,1,,Q53EP0|FND3B_HUMAN,,,PEAKS DB,2,EANQWEVAY,False,1120000.0,1.0,N
LGRSGSYSY,1.0,WB,,1019,LGRSGSYSY,21.5,988.4614,9,2.1,495.23900000000003,28.84,,7,6293,F20180830_KP_THP1_w632_filter1.raw,1,,O14974|MYPT1_HUMAN,,,PEAKS DB,2,LGRSGSYSY,False,501000.0,1.0,N
KRKELITVF,1.0,WB,,898,KRKELITVF,10.32,1132.6968,9,0.8,567.3561,35.04,,7,8738,F20180830_KP_THP1_w632_filter1.raw,1,,,,,PEAKS DB,2,KRKELITVF,False,1500000.0,1.0,N
HGKVSVEY,1.0,WB,,438,HGKVSVEY,31.04,917.4606,8,1.8,459.7384,23.23,,7,4075,F20180830_KP_THP1_w632_filter1.raw,1,,Q92979|NEP1_HUMAN,,,PEAKS DB,2,HGKVSVEY,False,885000.0,1.0,N
EFMPWVSQY,1.0,WB,,555,EFMPWVSQY,17.67,1201.5114,9,3.3,601.765,81.41,,7,27211,F20180830_KP_THP1_w632_filter1.raw,1,,A5YKK6|CNOT1_HUMAN,Oxidation (M),M3:Oxidation (M):1000.00,PEAKS DB,2,EFM(+15.99)PWVSQY,False,1410000.0,1.0,N
IPITETEAY,1.0,WB,,2993,IPITETEAY,31.22,1035.5125,9,1.9,1036.5217,56.4,,7,17215,F20180830_KP_THP1_w632_filter1.raw,2,,Q2M2Z5|KIZ_HUMAN,,,PEAKS DB,1,IPITETEAY,False,28600000.0,2.0,N
LLLSGDNELY,1.0,WB,,8034,LLLSGDNELY,10.98,1135.576,10,2.6,568.7968,67.4,,8,21634,F20180830_KP_THP1_w632_filter2.raw,1,,Q9H0X9|OSBL5_HUMAN,,,PEAKS DB,2,LLLSGDNELY,False,1800000.0,1.0,N
LPKDTSPGSAY,1.0,WB,,6304,LPKDTSPGSAY,36.8,1134.5557,11,1.7,568.2861,30.23,,7,6845,F20180830_KP_THP1_w632_filter1.raw,1,,Q99460|PSMD1_HUMAN,,,PEAKS DB,2,LPKDTSPGSAY,False,8190000.0,1.0,N
HLPSFQQSAF,1.0,WB,,5214,HLPSFQQSAF,36.67,1160.5614,10,1.7,581.2889,55.45,,7,16837,F20180830_KP_THP1_w632_filter1.raw,1,,P29375|KDM5A_HUMAN,,,PEAKS DB,2,HLPSFQQSAF,False,3760000.0,1.0,N
TLPGHIQAVY,1.0,WB,,5026,TLPGHIQAVY,24.42,1097.5869,10,1.9,549.8018,47.17,,7,13535,F20180830_KP_THP1_w632_filter1.raw,1,,O14617|AP3D1_HUMAN,,,PEAKS DB,2,TLPGHIQAVY,False,2290000.0,1.0,N
APIDWIEEY,1.0,WB,,6946,APIDWIEEY,11.9,1134.5233,9,3.4,1135.5344,94.3,,8,32360,F20180830_KP_THP1_w632_filter2.raw,1,,,,,PEAKS DB,1,APIDWIEEY,False,5180000.0,1.0,N
LDKELSESY,1.0,WB,,4676,LDKELSESY,28.2,1082.5132,9,2.0,542.265,36.26,,7,9222,F20180830_KP_THP1_w632_filter1.raw,1,,Q9UK61|TASOR_HUMAN,,,PEAKS DB,2,LDKELSESY,False,1350000.0,1.0,N
YVLLTRELY,1.0,WB,,6979,YVLLTRELY,12.4,1168.6492,9,1.6,1169.6583,72.54,,8,23682,F20180830_KP_THP1_w632_filter2.raw,1,,,,,PEAKS DB,1,YVLLTRELY,False,3100000.0,1.0,N
LFKEDFINY,1.0,WB,,4518,LFKEDFINY,32.79,1187.5862,9,3.1,594.8022,67.04,,7,21464,F20180830_KP_THP1_w632_filter1.raw,1,,Q9NYH9|UTP6_HUMAN,,,PEAKS DB,2,LFKEDFINY,False,7750000.0,1.0,N
LPFEGGLAY,1.0,WB,,4509,LPFEGGLAY,21.86,965.4858,9,3.1,966.4960000000001,81.45,,7,27228,F20180830_KP_THP1_w632_filter1.raw,1,,Q9NY15|STAB1_HUMAN,,,PEAKS DB,1,LPFEGGLAY,False,2150000.0,1.0,N
IPYQDRESY,1.0,WB,,4257,IPYQDRESY,32.75,1169.5353,9,2.0,585.7761,33.66,,7,8202,F20180830_KP_THP1_w632_filter1.raw,1,,Q9H2Y7|ZN106_HUMAN,,,PEAKS DB,2,IPYQDRESY,False,27000000.0,1.0,N
SGRMQKVSY,1.0,WB,,3626,SGRMQKVSY,20.12,1054.5229,9,1.9,528.2698,22.11,,7,3640,F20180830_KP_THP1_w632_filter1.raw,1,,Q8TCT6|SPPL3_HUMAN,,,PEAKS DB,2,SGRMQKVSY,False,1910000.0,1.0,N
HAHVDKVTY,1.0,WB,,3229,HAHVDKVTY,43.67,1068.5353,9,1.1,535.2755,20.51,,7,3005,F20180830_KP_THP1_w632_filter1.raw,1,,Q6PK18|OGFD3_HUMAN,,,PEAKS DB,2,HAHVDKVTY,False,5200000.0,1.0,N
SPMQRHSTY,1.0,WB,,7421,SPMQRHSTY,36.66,1105.4974,9,2.0,553.7571,19.97,,8,2794,F20180830_KP_THP1_w632_filter2.raw,0,,Q5M775|CYTSB_HUMAN,,,PEAKS DB,2,SPMQRHSTY,False,0.0,0.0,N
NVIHNLATY,1.0,WB,,3036,NVIHNLATY,25.15,1043.54,9,2.8,522.7787,43.85,,7,12229,F20180830_KP_THP1_w632_filter1.raw,1,,Q53FV1|ORML2_HUMAN,,,PEAKS DB,2,NVIHNLATY,False,3350000.0,1.0,N
HLKWDDPYY,1.0,WB,,2556,HLKWDDPYY,27.91,1235.5610000000001,9,3.6,618.79,46.22,,7,13159,F20180830_KP_THP1_w632_filter1.raw,1,,Q07960|RHG01_HUMAN,,,PEAKS DB,2,HLKWDDPYY,False,754000.0,1.0,N
QNHENESVY,1.0,WB,,2188,QNHENESVY,21.08,1118.4629,9,2.1,560.2399,22.94,,7,3967,F20180830_KP_THP1_w632_filter1.raw,1,,P52292|IMA1_HUMAN,,,PEAKS DB,2,QNHENESVY,False,1190000.0,1.0,N
IMKLGDGLF,1.0,WB,,2151,IMKLGDGLF,11.64,992.5364,9,3.0,497.277,72.41,,7,23612,F20180830_KP_THP1_w632_filter1.raw,1,,P51553|IDH3G_HUMAN,,,PEAKS DB,2,IMKLGDGLF,False,385000.0,1.0,N
QLGPVGGVF,1.0,WB,,2076,QLGPVGGVF,20.35,872.4756,9,3.3,873.4857,76.69,,7,25333,F20180830_KP_THP1_w632_filter1.raw,1,,P49327|FAS_HUMAN,,,PEAKS DB,1,QLGPVGGVF,False,1480000.0,1.0,N
VGVGIRSSY,1.0,WB,,1863,VGVGIRSSY,38.78,936.5029,9,1.7,469.2595,35.21,,7,8807,F20180830_KP_THP1_w632_filter1.raw,1,,P33992|MCM5_HUMAN,,,PEAKS DB,2,VGVGIRSSY,False,2680000.0,1.0,N
QGRIHQIEY,1.0,WB,,1772,QGRIHQIEY,25.03,1142.5833,9,2.3,572.3002,27.22,,7,5652,F20180830_KP_THP1_w632_filter1.raw,1,,P25786|PSA1_HUMAN,,,PEAKS DB,2,QGRIHQIEY,False,2630000.0,1.0,N
YPAESVLAY,1.0,WB,,1650,YPAESVLAY,26.6,1011.4913,9,2.4,506.7541,68.84,,7,22187,F20180830_KP_THP1_w632_filter1.raw,2,,P15559|NQO1_HUMAN,,,PEAKS DB,2,YPAESVLAY,False,36800000.0,2.0,N
HGIDPTGTY,1.0,WB,,1497,HGIDPTGTY,42.15,959.4348,9,2.2,960.4442,35.3,,7,8841,F20180830_KP_THP1_w632_filter1.raw,2,,P07437|TBB5_HUMAN:P04350|TBB4A_HUMAN:P68371|TBB4B_HUMAN,,,PEAKS DB,1,HGIDPTGTY,False,191000000.0,2.0,N
HAHLDIEAF,1.0,WB,,1408,HAHLDIEAF,32.53,1051.5087,9,2.5,526.7629,45.14,,7,12743,F20180830_KP_THP1_w632_filter1.raw,1,,P00966|ASSY_HUMAN,,,PEAKS DB,2,HAHLDIEAF,False,9990000.0,1.0,N
VIAPDVIMF,1.0,WB,,435,VIAPDVIMF,19.11,1003.5412,9,-2.4,1004.546,74.91,2350000.0,51,21418,F20180830_KP_THP1_BB72_Filter1.raw,1,1.0,,,,PEAKS DB,1,VIAPDVIMF,False,,,N
