PlainPeptide,%Rank_bestAllele,Binding Level,Control,Unnamed: 0,Peptide,-10lgP,Mass,Length,ppm,m/z,RT,Intensity BB7.2 Filter,Fraction,Scan,Source File,#Feature,#Feature BB7.2 Filter,Accession,PTM,AScore,Found By,charge,Peptide_orig,Alternative_IL_Explanation,Intensity Filter W632,#Feature Filter W632,PTM detected
FQHSSNSTY,0.01,SB,,3225,FQHSSNSTY,18.63,1069.4465,9,4.5,535.7330000000002,22.81,,1,4884,F120180817_KP_THP1_W632_Filter.raw,1,,Q9BZD2|S29A3_HUMAN,,,PEAKS DB,2,FQHSSNSTY,False,1890000.0,1.0,N
SQFGGGSQY,0.01,SB,,1197,SQFGGGSQY,33.28,929.3879,9,4.9,930.3997,37.83,,1,10876,F120180817_KP_THP1_W632_Filter.raw,2,,O15371|EIF3D_HUMAN,,,PEAKS DB,1,SQFGGGSQY,False,92900000.0,2.0,N
YLKLVGQQY,0.01,SB,,3537,YLKLVGQQY,29.98,1110.6073,9,4.4,556.3134,49.33,,1,15483,F120180817_KP_THP1_W632_Filter.raw,1,,Q9UJF2|NGAP_HUMAN,,,PEAKS DB,2,YLKLVGQQY,False,2430000.0,1.0,N
FLKEETLAY,0.01,SB,,3507,FLKEETLAY,27.32,1112.5753,9,4.0,557.2972,51.95,,1,16529,F120180817_KP_THP1_W632_Filter.raw,1,,Q9UBS8|RNF14_HUMAN,,,PEAKS DB,2,FLKEETLAY,False,4540000.0,1.0,N
QQRQSLIEY,0.01,SB,,2306,QQRQSLIEY,25.07,1163.5935,9,3.9,582.8063,40.66,,1,12002,F120180817_KP_THP1_W632_Filter.raw,1,,Q15051|IQCB1_HUMAN,,,PEAKS DB,2,QQRQSLIEY,False,9480000.0,1.0,N
SQYQGVVVY,0.01,SB,,3614,SQYQGVVVY,26.94,1041.5131,9,3.8,1042.5243,59.52,,1,19556,F120180817_KP_THP1_W632_Filter.raw,2,,Q9Y221|NIP7_HUMAN,,,PEAKS DB,1,SQYQGVVVY,False,27600000.0,2.0,N
YQRQLSSTY,0.01,SB,,1939,YQRQLSSTY,28.99,1144.5513,9,4.1,573.2853,29.52,,1,7549,F120180817_KP_THP1_W632_Filter.raw,2,,P56817|BACE1_HUMAN,,,PEAKS DB,2,YQRQLSSTY,False,9500000.0,2.0,N
YLISGGTSY,0.01,SB,,1545,YLISGGTSY,16.62,959.46,9,4.4,960.4714,59.5,,1,19548,F120180817_KP_THP1_W632_Filter.raw,1,,P12268|IMDH2_HUMAN,,,PEAKS DB,1,YLISGGTSY,False,9110000.0,1.0,N
QQFPYGASY,0.01,SB,,2815,QQFPYGASY,28.54,1059.4661,9,3.8,530.7423,61.56,,1,20373,F120180817_KP_THP1_W632_Filter.raw,2,,Q8NFD5|ARI1B_HUMAN,,,PEAKS DB,2,QQFPYGASY,False,3000000.0,2.0,N
LQRLENTQY,0.01,SB,,3009,LQRLENTQY,27.46,1163.5935,9,5.2,582.8071,33.08,,1,8970,F120180817_KP_THP1_W632_Filter.raw,2,,Q96D70|R3HD4_HUMAN,,,PEAKS DB,2,LQRLENTQY,False,15200000.0,2.0,N
ILKQEQEEY,0.01,SB,,710,ILKQEQEEY,27.0,1178.5819,9,4.8,590.3011,29.5,,1,7539,F120180817_KP_THP1_W632_Filter.raw,1,,B0I1T2|MYO1G_HUMAN,,,PEAKS DB,2,ILKQEQEEY,False,4040000.0,1.0,N
ILKEILQEY,0.01,SB,,1478,ILKEILQEY,22.81,1147.6488,9,4.6,574.8343,64.87,,1,21701,F120180817_KP_THP1_W632_Filter.raw,1,,P07332|FES_HUMAN,,,PEAKS DB,2,ILKEILQEY,False,2020000.0,1.0,N
TLKREQESY,0.01,SB,,2836,TLKREQESY,29.18,1152.5775,9,4.0,577.2983,20.75,,1,4062,F120180817_KP_THP1_W632_Filter.raw,1,,Q8TBA6|GOGA5_HUMAN,,,PEAKS DB,2,TLKREQESY,False,2680000.0,1.0,N
QLKEAQVQY,0.01,SB,,1497,QLKEAQVQY,20.73,1105.5768,9,5.1,553.7985,32.59,,1,8776,F120180817_KP_THP1_W632_Filter.raw,1,,P08243|ASNS_HUMAN,,,PEAKS DB,2,QLKEAQVQY,False,1250000.0,1.0,N
LQKELHVVY,0.01,SB,,847,LQKELHVVY,19.02,1127.6339,9,4.8,564.827,35.53,,1,9954,F120180817_KP_THP1_W632_Filter.raw,1,,,,,PEAKS DB,2,LQKELHVVY,False,547000.0,1.0,N
HLRPESHSY,0.01,SB,,3700,HLRPESHSY,33.34,1124.5363,9,4.3,563.2778,20.11,,1,3807,F120180817_KP_THP1_W632_Filter.raw,1,,Q9Y618|NCOR2_HUMAN,,,PEAKS DB,2,HLRPESHSY,False,5790000.0,1.0,N
YLYGQTTTY,0.01,SB,,1532,YLYGQTTTY,29.52,1108.5077,9,4.5,555.2636,55.85,,1,18097,F120180817_KP_THP1_W632_Filter.raw,2,,P11388|TOP2A_HUMAN,,,PEAKS DB,2,YLYGQTTTY,False,155000000.0,2.0,N
LQRATPEQY,0.02,SB,,1563,LQRATPEQY,29.73,1104.5564,9,4.3,553.2878,27.24,,1,6638,F120180817_KP_THP1_W632_Filter.raw,1,,P14324|FPPS_HUMAN,,,PEAKS DB,2,LQRATPEQY,False,4710000.0,1.0,N
YLKRPGLTY,0.02,SB,,1151,YLKRPGLTY,27.73,1109.6233,9,4.4,555.8214,32.88,,1,8889,F120180817_KP_THP1_W632_Filter.raw,1,,O14802|RPC1_HUMAN,,,PEAKS DB,2,YLKRPGLTY,False,2710000.0,1.0,N
SMKDYSVTY,0.02,SB,,940,SMKDYSVTY,14.9,1108.4746,9,4.9,555.2473,34.12,,1,9387,F120180817_KP_THP1_W632_Filter.raw,1,,,Oxidation (M),M2:Oxidation (M):1000.00,PEAKS DB,2,SM(+15.99)KDYSVTY,False,623000.0,1.0,N
FIKDGSSTY,0.02,SB,,2477,FIKDGSSTY,31.11,1016.4814,9,4.5,509.2503,31.12,,1,8184,F120180817_KP_THP1_W632_Filter.raw,1,,Q5TEJ8|THMS2_HUMAN,,,PEAKS DB,2,FIKDGSSTY,False,13900000.0,1.0,N
SLREDQQSF,0.02,SB,,3251,SLREDQQSF,30.0,1108.5149,9,3.9,555.2669,32.12,,1,8586,F120180817_KP_THP1_W632_Filter.raw,1,,Q9GZY6|NTAL_HUMAN,,,PEAKS DB,2,SLREDQQSF,False,4780000.0,1.0,N
TLKAEQEEY,0.02,SB,,1103,TLKAEQEEY,27.36,1109.524,9,4.4,555.7717,28.23,,1,7034,F120180817_KP_THP1_W632_Filter.raw,1,,O00160|MYO1F_HUMAN:Q12965|MYO1E_HUMAN,,,PEAKS DB,2,TLKAEQEEY,False,723000.0,1.0,N
YLFEWRTQY,0.02,SB,,1534,YLFEWRTQY,31.67,1304.6189,9,5.7,653.3204,74.6,,1,25592,F120180817_KP_THP1_W632_Filter.raw,1,,P11717|MPRI_HUMAN,,,PEAKS DB,2,YLFEWRTQY,False,7370000.0,1.0,N
LLKSEKSSY,0.02,SB,,2199,LLKSEKSSY,31.4,1053.5706,9,3.6,527.7944,21.9,,1,4523,F120180817_KP_THP1_W632_Filter.raw,1,,Q13772|NCOA4_HUMAN,,,PEAKS DB,2,LLKSEKSSY,False,20700000.0,1.0,N
LMYGGVSSY,0.02,SB,,1039,LMYGGVSSY,17.52,991.4321,9,4.5,992.4438,53.89,,1,17311,F120180817_KP_THP1_W632_Filter.raw,1,,,Oxidation (M),M2:Oxidation (M):1000.00,PEAKS DB,1,LM(+15.99)YGGVSSY,False,5070000.0,1.0,N
SMFDLTSEY,0.02,SB,,2809,SMFDLTSEY,21.52,1107.443,9,4.8,1108.4556,72.49,,1,24750,F120180817_KP_THP1_W632_Filter.raw,4,,Q8NF50|DOCK8_HUMAN,Oxidation (M),M2:Oxidation (M):1000.00,PEAKS DB,1,SM(+15.99)FDLTSEY,False,30900000.0,4.0,N
ILKEEQELY,0.02,SB,,3576,ILKEEQELY,18.51,1163.6074,9,3.3,582.8129,43.91,,1,13307,F120180817_KP_THP1_W632_Filter.raw,1,,Q9UM54|MYO6_HUMAN,,,PEAKS DB,2,ILKEEQELY,False,4540000.0,1.0,N
LLREELQAY,0.02,SB,,2258,LLREELQAY,30.48,1133.608,9,4.4,567.8138,50.27,,1,15860,F120180817_KP_THP1_W632_Filter.raw,2,,Q14674|ESPL1_HUMAN,,,PEAKS DB,2,LLREELQAY,False,31300000.0,2.0,N
YVKQEHAAY,0.02,SB,,1721,YVKQEHAAY,35.0,1107.5349,9,4.4,554.7772,20.78,,1,4072,F120180817_KP_THP1_W632_Filter.raw,1,,P32019|I5P2_HUMAN,,,PEAKS DB,2,YVKQEHAAY,False,1720000.0,1.0,N
FQKVITEY,0.02,SB,,528,FQKVITEY,30.99,1026.5386,8,4.6,1027.5505,42.05,,1,12560,F120180817_KP_THP1_W632_Filter.raw,2,,Q7KZF4|SND1_HUMAN,,,PEAKS DB,1,FQKVITEY,False,63200000.0,2.0,N
HLRETQAQY,0.02,SB,,3100,HLRETQAQY,34.73,1144.5625,9,3.5,573.2905,21.84,,1,4495,F120180817_KP_THP1_W632_Filter.raw,1,,Q96SB3|NEB2_HUMAN,,,PEAKS DB,2,HLRETQAQY,False,9080000.0,1.0,N
SMKEEGITF,0.02,SB,,1341,SMKEEGITF,28.25,1056.4797,9,3.8,529.2491,41.17,,1,12206,F120180817_KP_THP1_W632_Filter.raw,1,,O75886|STAM2_HUMAN,Oxidation (M),M2:Oxidation (M):1000.00,PEAKS DB,2,SM(+15.99)KEEGITF,False,5900000.0,1.0,N
SQRLESVSF,0.02,SB,,1361,SQRLESVSF,27.37,1051.5298,9,3.3,526.7739,45.06,,1,13767,F120180817_KP_THP1_W632_Filter.raw,1,,O94913|PCF11_HUMAN,,,PEAKS DB,2,SQRLESVSF,False,3740000.0,1.0,N
HLKEDQTEY,0.02,SB,,1830,HLKEDQTEY,30.24,1161.5302,9,3.1,581.7742,21.78,1690000.0,33,4018,F120180817_KP_THP1_BB72_Filter.raw,1,1.0,P08238|HS90B_HUMAN:P07900|HS90A_HUMAN,,,PEAKS DB,2,HLKEDQTEY,False,,,N
SVKPASSSF,0.02,SB,,3673,SVKPASSSF,32.08,908.4603,9,4.5,909.4717,27.12,,1,6591,F120180817_KP_THP1_W632_Filter.raw,2,,Q9Y4W2|LAS1L_HUMAN,,,PEAKS DB,1,SVKPASSSF,False,3670000.0,2.0,N
YLKNSVVAY,0.02,SB,,2995,YLKNSVVAY,25.43,1055.5651,9,4.0,528.7919,40.32,,1,11869,F120180817_KP_THP1_W632_Filter.raw,1,,Q96BN2|TADA1_HUMAN,,,PEAKS DB,2,YLKNSVVAY,False,9720000.0,1.0,N
IQRLMSVAY,0.02,SB,,2586,IQRLMSVAY,26.03,1095.5747,9,4.4,548.7971,39.43,,1,11519,F120180817_KP_THP1_W632_Filter.raw,1,,Q70CQ2|UBP34_HUMAN,Oxidation (M),M5:Oxidation (M):1000.00,PEAKS DB,2,IQRLM(+15.99)SVAY,False,2980000.0,1.0,N
FVKRESQAY,0.02,SB,,3023,FVKRESQAY,28.91,1126.577,9,4.2,564.2982,21.81,,1,4484,F120180817_KP_THP1_W632_Filter.raw,1,,Q96FV2|SCRN2_HUMAN,,,PEAKS DB,2,FVKRESQAY,False,4380000.0,1.0,N
VLKEEGVSF,0.02,SB,,2015,VLKEEGVSF,30.05,1006.5334,9,3.5,1007.5443,46.59,,1,14384,F120180817_KP_THP1_W632_Filter.raw,2,,P78527|PRKDC_HUMAN,,,PEAKS DB,1,VLKEEGVSF,False,21500000.0,2.0,N
YLIDSGAQY,0.02,SB,,906,YLIDSGAQY,11.71,1028.4814,9,4.0,515.2501,63.94,,1,21327,F120180817_KP_THP1_W632_Filter.raw,1,,,,,PEAKS DB,2,YLIDSGAQY,False,1230000.0,1.0,N
QLKTETITY,0.02,SB,,3603,QLKTETITY,25.61,1095.5812,9,3.9,548.8,38.84,,1,11280,F120180817_KP_THP1_W632_Filter.raw,1,,Q9UPV9|TRAK1_HUMAN,,,PEAKS DB,2,QLKTETITY,False,4970000.0,1.0,N
HLKKLKESY,0.02,SB,,1996,HLKKLKESY,38.85,1144.6604,9,4.2,573.3399,20.89,,1,4118,F120180817_KP_THP1_W632_Filter.raw,2,,P63165|SUMO1_HUMAN,,,PEAKS DB,2,HLKKLKESY,False,16000000.0,2.0,N
FQKILTLTY,0.02,SB,,1493,FQKILTLTY,31.78,1125.6433,9,3.4,563.8309,65.25,,1,21851,F120180817_KP_THP1_W632_Filter.raw,1,,P08240|SRPRA_HUMAN,,,PEAKS DB,2,FQKILTLTY,False,11700000.0,1.0,N
NQKPPSAEY,0.02,SB,,3594,NQKPPSAEY,35.87,1032.4875,9,3.8,517.253,24.22,,1,5433,F120180817_KP_THP1_W632_Filter.raw,2,,Q9UPN3|MACF1_HUMAN,,,PEAKS DB,2,NQKPPSAEY,False,19700000.0,2.0,N
HLKKHGLTY,0.03,SB,,3588,HLKKHGLTY,26.46,1095.6189,9,4.2,548.819,21.1,,1,4203,F120180817_KP_THP1_W632_Filter.raw,1,,Q9UNY4|TTF2_HUMAN,,,PEAKS DB,2,HLKKHGLTY,False,2610000.0,1.0,N
YLKNMVTQY,0.03,SB,,910,YLKNMVTQY,16.79,1174.5692,9,4.2,588.2944,33.65,,1,9200,F120180817_KP_THP1_W632_Filter.raw,0,,,Oxidation (M),M5:Oxidation (M):1000.00,PEAKS DB,2,YLKNM(+15.99)VTQY,False,0.0,0.0,N
YLHAGTQLY,0.03,SB,,828,YLHAGTQLY,14.16,1065.5131,9,0.6,1066.521,29.36,,1,7486,F120180817_KP_THP1_W632_Filter.raw,1,,,Deamidation (NQ),Q7:Deamidation (NQ):1000.00,PEAKS DB,1,YLHAGTQ(+.98)LY,False,5240000.0,1.0,N
MLYKGQTAY,0.03,SB,,1400,MLYKGQTAY,30.67,1073.5216,9,4.2,537.7703,35.21,,1,9826,F120180817_KP_THP1_W632_Filter.raw,1,,O95789|ZMYM6_HUMAN,,,PEAKS DB,2,MLYKGQTAY,False,2170000.0,1.0,N
FQHLLRVAY,0.03,SB,,2197,FQHLLRVAY,32.46,1145.6345,9,3.7,573.8267,44.66,,1,13611,F120180817_KP_THP1_W632_Filter.raw,1,,Q13671|RIN1_HUMAN,,,PEAKS DB,2,FQHLLRVAY,False,3240000.0,1.0,N
MMIPSQISY,0.03,SB,,2076,MMIPSQISY,31.44,1100.4883,9,3.0,1101.4989,58.33,,1,19080,F120180817_KP_THP1_W632_Filter.raw,2,,Q04637|IF4G1_HUMAN,Oxidation (M),M1:Oxidation (M):1000.00;M2:Oxidation (M):1000.00,PEAKS DB,1,M(+15.99)M(+15.99)IPSQISY,False,34200000.0,2.0,N
IMRELDVSY,0.03,SB,,1813,IMRELDVSY,23.15,1140.5485,9,4.0,571.2838,44.45,,1,13526,F120180817_KP_THP1_W632_Filter.raw,1,,P46977|STT3A_HUMAN,Oxidation (M),M2:Oxidation (M):1000.00,PEAKS DB,2,IM(+15.99)RELDVSY,False,5070000.0,1.0,N
FLHEEEKSY,0.03,SB,,1132,FLHEEEKSY,36.52,1180.54,9,4.3,591.2798,27.54,,1,6758,F120180817_KP_THP1_W632_Filter.raw,2,,O00635|TRI38_HUMAN,,,PEAKS DB,2,FLHEEEKSY,False,2660000.0,2.0,N
MQKGDPQVY,0.03,SB,,3623,MQKGDPQVY,22.46,1080.491,9,3.5,541.2546,25.09,,1,5782,F120180817_KP_THP1_W632_Filter.raw,1,,Q9Y262|EIF3L_HUMAN,Oxidation (M),M1:Oxidation (M):1000.00,PEAKS DB,2,M(+15.99)QKGDPQVY,False,602000.0,1.0,N
YMIDPSGVSY,0.03,SB,,3886,YMIDPSGVSY,24.08,1130.4954,10,4.1,1131.5073,74.16,,1,25416,F120180817_KP_THP1_W632_Filter.raw,2,,P25788|PSA3_HUMAN,,,PEAKS DB,1,YMIDPSGVSY,False,104000000.0,2.0,N
MQFPHHLQEY,0.03,SB,,3724,MQFPHHLQEY,24.65,1344.592,10,4.5,673.3063,33.62,,1,9188,F120180817_KP_THP1_W632_Filter.raw,1,,A5YKK6|CNOT1_HUMAN,Oxidation (M),M1:Oxidation (M):1000.00,PEAKS DB,2,M(+15.99)QFPHHLQEY,False,292000.0,1.0,N
HLHPIQTSF,0.04,SB,,2851,HLHPIQTSF,33.47,1078.5559,9,4.7,540.2878,35.72,,1,10030,F120180817_KP_THP1_W632_Filter.raw,1,,Q8TEM1|PO210_HUMAN,,,PEAKS DB,2,HLHPIQTSF,False,1810000.0,1.0,N
VLKIELETY,0.04,SB,,2371,VLKIELETY,29.31,1106.6223,9,4.2,1107.6343,62.66,,1,20817,F120180817_KP_THP1_W632_Filter.raw,2,,Q16204|CCDC6_HUMAN,,,PEAKS DB,1,VLKIELETY,False,35100000.0,2.0,N
LAKEVGTSY,0.04,SB,,2241,LAKEVGTSY,24.03,966.5022,9,4.5,484.2605,28.74,,1,7235,F120180817_KP_THP1_W632_Filter.raw,1,,Q14410|GLPK2_HUMAN:Q14409|GLPK3_HUMAN:P32189|GLPK_HUMAN,,,PEAKS DB,2,LAKEVGTSY,False,1260000.0,1.0,N
GLRLELTTY,0.04,SB,,3146,GLRLELTTY,21.34,1064.5865,9,4.1,533.3027,62.56,,1,20774,F120180817_KP_THP1_W632_Filter.raw,1,,Q99720|SGMR1_HUMAN,,,PEAKS DB,2,GLRLELTTY,False,9740000.0,1.0,N
IMKLDIEQY,0.04,SB,,1797,IMKLDIEQY,33.43,1151.5896,9,4.6,576.8047,62.51,,1,20753,F120180817_KP_THP1_W632_Filter.raw,1,,P43304|GPDM_HUMAN,,,PEAKS DB,2,IMKLDIEQY,False,20600000.0,1.0,N
YMRALQIVY,0.04,SB,,3230,YMRALQIVY,25.18,1171.606,9,4.5,586.8129,52.49,,1,16747,F120180817_KP_THP1_W632_Filter.raw,1,,Q9BZD4|NUF2_HUMAN,Oxidation (M),M2:Oxidation (M):1000.00,PEAKS DB,2,YM(+15.99)RALQIVY,False,4480000.0,1.0,N
YVHETLTVY,0.04,SB,,3111,YVHETLTVY,30.13,1123.5549,9,3.2,562.7866,46.44,,1,14325,F120180817_KP_THP1_W632_Filter.raw,1,,Q96SW2|CRBN_HUMAN,,,PEAKS DB,2,YVHETLTVY,False,17700000.0,1.0,N
SQYPFPVTLY,0.04,SB,,3997,SQYPFPVTLY,30.77,1213.6019,10,4.7,607.8111,95.3,,1,33829,F120180817_KP_THP1_W632_Filter.raw,2,,Q5R372|RBG1L_HUMAN,,,PEAKS DB,2,SQYPFPVTLY,False,26600000.0,2.0,N
QLRAEKASY,0.04,SB,,2286,QLRAEKASY,27.29,1064.5614,9,3.4,533.2898,21.94,,1,4537,F120180817_KP_THP1_W632_Filter.raw,1,,Q14980|NUMA1_HUMAN,,,PEAKS DB,2,QLRAEKASY,False,2490000.0,1.0,N
FLAPLVTEY,0.04,SB,,3061,FLAPLVTEY,30.15,1051.559,9,4.3,1052.5708,89.62,,1,31568,F120180817_KP_THP1_W632_Filter.raw,2,,Q96NL6|SCLT1_HUMAN,,,PEAKS DB,1,FLAPLVTEY,False,53300000.0,2.0,N
YAKDGRVSY,0.04,SB,,1003,YAKDGRVSY,19.42,1057.5192,9,2.9,529.7684,22.75,,1,4859,F120180817_KP_THP1_W632_Filter.raw,1,,,,,PEAKS DB,2,YAKDGRVSY,False,320000.0,1.0,N
LVNQERTSY,0.04,SB,,3066,LVNQERTSY,33.4,1108.5513,9,4.5,555.2854,26.19,,1,6218,F120180817_KP_THP1_W632_Filter.raw,1,,Q96P20|NLRP3_HUMAN,,,PEAKS DB,2,LVNQERTSY,False,10400000.0,1.0,N
FMAPAQMAY,0.04,SB,,2866,FMAPAQMAY,29.96,1060.4358,9,3.0,531.2267,47.6,,1,14789,F120180817_KP_THP1_W632_Filter.raw,2,,Q8WU79|SMAP2_HUMAN,Oxidation (M),M2:Oxidation (M):1000.00;M7:Oxidation (M):1000.00,PEAKS DB,2,FM(+15.99)APAQM(+15.99)AY,False,9250000.0,2.0,N
FQFIMKQSY,0.04,SB,,3290,FQFIMKQSY,21.35,1206.5743,9,4.1,604.2969,51.67,,1,16417,F120180817_KP_THP1_W632_Filter.raw,1,,Q9H5I5|PIEZ2_HUMAN,Oxidation (M),M5:Oxidation (M):1000.00,PEAKS DB,2,FQFIM(+15.99)KQSY,False,1260000.0,1.0,N
RARELLVSY,0.04,SB,,3672,RARELLVSY,28.97,1105.6244,9,4.5,553.822,36.92,,1,10515,F120180817_KP_THP1_W632_Filter.raw,1,,Q9Y4W2|LAS1L_HUMAN,,,PEAKS DB,2,RARELLVSY,False,65800000.0,1.0,N
RLKEEGNEQF,0.04,SB,,4800,RLKEEGNEQF,29.19,1248.6099,10,3.9,625.3146,24.98,1420000.0,33,5190,F120180817_KP_THP1_BB72_Filter.raw,1,1.0,Q99614|TTC1_HUMAN,,,PEAKS DB,2,RLKEEGNEQF,False,,,N
MLAPLSTTY,0.04,SB,,1919,MLAPLSTTY,25.43,1011.4947,9,3.7,1012.5057,63.06,,1,20976,F120180817_KP_THP1_W632_Filter.raw,2,,P53985|MOT1_HUMAN,Oxidation (M),M1:Oxidation (M):1000.00,PEAKS DB,1,M(+15.99)LAPLSTTY,False,23600000.0,2.0,N
EMKELQTQY,0.04,SB,,793,EMKELQTQY,19.88,1184.5383,9,4.5,593.2791,30.01,,1,7746,F120180817_KP_THP1_W632_Filter.raw,1,,,Oxidation (M),M2:Oxidation (M):1000.00,PEAKS DB,2,EM(+15.99)KELQTQY,False,5280000.0,1.0,N
YMKDLPTSF,0.04,SB,,865,YMKDLPTSF,17.34,1116.5161,9,3.1,559.2671,47.91,,1,14912,F120180817_KP_THP1_W632_Filter.raw,1,,,Oxidation (M),M2:Oxidation (M):1000.00,PEAKS DB,2,YM(+15.99)KDLPTSF,False,801000.0,1.0,N
RLSESQLSF,0.04,SB,,4698,RLSESQLSF,23.83,1065.5454,9,2.6,533.7814,48.83,7680000.0,33,14668,F120180817_KP_THP1_BB72_Filter.raw,1,1.0,Q96PK6|RBM14_HUMAN,,,PEAKS DB,2,RLSESQLSF,False,,,N
QVFEGHTHY,0.04,SB,,1748,QVFEGHTHY,30.36,1116.4988,9,4.4,559.2591,26.48,,1,6335,F120180817_KP_THP1_W632_Filter.raw,1,,P35606|COPB2_HUMAN,,,PEAKS DB,2,QVFEGHTHY,False,736000.0,1.0,N
YMIDAGTEF,0.05,SB,,885,YMIDAGTEF,13.66,1061.4375,9,4.2,531.7283,67.55,,1,22772,F120180817_KP_THP1_W632_Filter.raw,1,,,Oxidation (M),M2:Oxidation (M):1000.00,PEAKS DB,2,YM(+15.99)IDAGTEF,False,3780000.0,1.0,N
LMFLEISSY,0.05,SB,,3040,LMFLEISSY,11.7,1117.5365,9,4.0,1118.5482,93.65,,1,33168,F120180817_KP_THP1_W632_Filter.raw,1,,Q96JC1|VPS39_HUMAN,Oxidation (M),M2:Oxidation (M):1000.00,PEAKS DB,1,LM(+15.99)FLEISSY,False,9790000.0,1.0,N
FVKSGGEAF,0.05,SB,,879,FVKSGGEAF,11.77,940.4654,9,4.8,471.2422,33.65,,1,9198,F120180817_KP_THP1_W632_Filter.raw,1,,,,,PEAKS DB,2,FVKSGGEAF,False,1340000.0,1.0,N
LLREENEGY,0.05,SB,,2833,LLREENEGY,30.02,1121.5353,9,4.4,561.7774,32.33,,1,8669,F120180817_KP_THP1_W632_Filter.raw,1,,Q8NI27|THOC2_HUMAN,,,PEAKS DB,2,LLREENEGY,False,3790000.0,1.0,N
YLREEVKTF,0.05,SB,,2592,YLREEVKTF,33.8,1183.6237,9,4.9,592.822,35.48,,1,9935,F120180817_KP_THP1_W632_Filter.raw,2,,Q71RC2|LARP4_HUMAN,,,PEAKS DB,2,YLREEVKTF,False,27600000.0,2.0,N
FLHEFSMAY,0.05,SB,,3669,FLHEFSMAY,21.78,1159.5009,9,4.3,580.7602,54.34,,1,17491,F120180817_KP_THP1_W632_Filter.raw,0,,Q9Y4F3|MARF1_HUMAN,Oxidation (M),M7:Oxidation (M):1000.00,PEAKS DB,2,FLHEFSM(+15.99)AY,False,0.0,0.0,N
TAYPGQTQY,0.05,SB,,3125,TAYPGQTQY,30.47,1027.4611,9,4.1,514.7399,40.2,,1,11819,F120180817_KP_THP1_W632_Filter.raw,2,,Q99504|EYA3_HUMAN,,,PEAKS DB,2,TAYPGQTQY,False,72700000.0,2.0,N
FLRDKIASY,0.05,SB,,2553,FLRDKIASY,28.53,1111.6025,9,4.4,556.811,37.3,,1,10666,F120180817_KP_THP1_W632_Filter.raw,1,,Q6PJG6|BRAT1_HUMAN,,,PEAKS DB,2,FLRDKIASY,False,14300000.0,1.0,N
YLRKEDMEY,0.05,SB,,2155,YLRKEDMEY,30.55,1261.5648,9,4.2,631.7924,23.94,,1,5322,F120180817_KP_THP1_W632_Filter.raw,1,,Q13242|SRSF9_HUMAN,Oxidation (M),M7:Oxidation (M):1000.00,PEAKS DB,2,YLRKEDM(+15.99)EY,False,29100000.0,1.0,N
FLMVETTAY,0.05,SB,,3494,FLMVETTAY,16.15,1089.5052,9,3.7,1090.5166,69.38,,1,23505,F120180817_KP_THP1_W632_Filter.raw,1,,Q9P2E3|ZNFX1_HUMAN,Oxidation (M),M3:Oxidation (M):1000.00,PEAKS DB,1,FLM(+15.99)VETTAY,False,5470000.0,1.0,N
FQYESKVFY,0.05,SB,,2092,FQYESKVFY,38.03,1209.5706,9,3.7,1210.5823,57.26,,1,18655,F120180817_KP_THP1_W632_Filter.raw,2,,Q04917|1433F_HUMAN,,,PEAKS DB,1,FQYESKVFY,False,296000000.0,2.0,N
TQYESKVFY,0.05,SB,,1967,TQYESKVFY,38.23,1163.5498,9,3.5,582.7842,43.96,,1,13329,F120180817_KP_THP1_W632_Filter.raw,1,,P61981|1433G_HUMAN,,,PEAKS DB,2,TQYESKVFY,False,7750000.0,1.0,N
FLKPDDIQY,0.05,SB,,1504,FLKPDDIQY,17.14,1137.5706,9,3.3,569.7944,57.87,5020000.0,33,18279,F120180817_KP_THP1_BB72_Filter.raw,1,1.0,O75533|SF3B1_HUMAN,,,PEAKS DB,2,FLKPDDIQY,False,,,N
LIKEDQVEY,0.05,SB,,2450,LIKEDQVEY,27.92,1135.576,9,3.6,568.7974,39.46,,1,11529,F120180817_KP_THP1_W632_Filter.raw,2,,Q5JSL3|DOC11_HUMAN,,,PEAKS DB,2,LIKEDQVEY,False,33700000.0,2.0,N
YLRLLTSGY,0.05,SB,,3025,YLRLLTSGY,32.33,1084.5917,9,4.3,543.3054,61.39,,1,20307,F120180817_KP_THP1_W632_Filter.raw,1,,Q96FW1|OTUB1_HUMAN,,,PEAKS DB,2,YLRLLTSGY,False,3840000.0,1.0,N
FMSEVIQAY,0.05,SB,,2947,FMSEVIQAY,22.85,1102.5005,9,-0.7,552.2571,63.38,,1,21103,F120180817_KP_THP1_W632_Filter.raw,2,,Q92797|SYMPK_HUMAN,Oxidation (M),M2:Oxidation (M):1000.00,PEAKS DB,2,FM(+15.99)SEVIQAY,False,2300000.0,2.0,N
TMKLELAQY,0.06,SB,,1661,TMKLELAQY,28.55,1095.5635,9,4.4,548.7914,56.6,,1,18396,F120180817_KP_THP1_W632_Filter.raw,1,,P25705|ATPA_HUMAN,,,PEAKS DB,2,TMKLELAQY,False,1220000.0,1.0,N
SIMEHNVAY,0.06,SB,,1461,SIMEHNVAY,23.32,1078.4753,9,3.8,540.247,30.4,,1,7901,F120180817_KP_THP1_W632_Filter.raw,1,,P05771|KPCB_HUMAN,Oxidation (M),M3:Oxidation (M):1000.00,PEAKS DB,2,SIM(+15.99)EHNVAY,False,1960000.0,1.0,N
LVAPATAAY,0.06,SB,,3670,LVAPATAAY,30.92,875.4752,9,4.7,876.4866,51.65,,1,16411,F120180817_KP_THP1_W632_Filter.raw,1,,Q9Y4H2|IRS2_HUMAN,,,PEAKS DB,1,LVAPATAAY,False,32600000.0,1.0,N
FLNPFQSESY,0.06,SB,,3773,FLNPFQSESY,17.25,1230.5557,10,4.1,616.2877,88.52,,1,31128,F120180817_KP_THP1_W632_Filter.raw,2,,,,,PEAKS DB,2,FLNPFQSESY,False,8380000.0,2.0,N
TMAPPVMAY,0.06,SB,,2175,TMAPPVMAY,27.39,1011.4406,9,3.7,506.7294,43.92,,1,13310,F120180817_KP_THP1_W632_Filter.raw,1,,Q13492|PICAL_HUMAN,Oxidation (M),M2:Oxidation (M):1000.00;M7:Oxidation (M):1000.00,PEAKS DB,2,TM(+15.99)APPVM(+15.99)AY,False,1280000.0,1.0,N
HIKTETVTY,0.06,SB,,1254,HIKTETVTY,31.08,1090.5659,9,4.1,546.2925,26.28,,1,6254,F120180817_KP_THP1_W632_Filter.raw,1,,O60296|TRAK2_HUMAN,,,PEAKS DB,2,HIKTETVTY,False,19600000.0,1.0,N
HLMESKLQY,0.06,SB,,3602,HLMESKLQY,22.96,1163.5645,9,4.8,582.7923,28.33,,1,7071,F120180817_KP_THP1_W632_Filter.raw,1,,Q9UPU5|UBP24_HUMAN,Oxidation (M),M3:Oxidation (M):1000.00,PEAKS DB,2,HLM(+15.99)ESKLQY,False,946000.0,1.0,N
YLHEHKIVY,0.06,SB,,2375,YLHEHKIVY,16.29,1200.6292,9,4.2,601.3244,27.02,,1,6551,F120180817_KP_THP1_W632_Filter.raw,1,,Q16513|PKN2_HUMAN,,,PEAKS DB,2,YLHEHKIVY,False,2240000.0,1.0,N
SLVGITSAY,0.06,SB,,946,SLVGITSAY,15.7,909.4807,9,4.5,910.4921,69.22,,1,23442,F120180817_KP_THP1_W632_Filter.raw,1,,,,,PEAKS DB,1,SLVGITSAY,False,5600000.0,1.0,N
FIHNSHTAY,0.07,SB,,2421,FIHNSHTAY,34.26,1088.5039,9,3.8,545.2613,23.96,,1,5333,F120180817_KP_THP1_W632_Filter.raw,1,,Q53EP0|FND3B_HUMAN,,,PEAKS DB,2,FIHNSHTAY,False,2420000.0,1.0,N
HLIQTTHHY,0.07,SB,,1256,HLIQTTHHY,32.91,1148.5728,9,4.5,575.2963,22.04,,1,4576,F120180817_KP_THP1_W632_Filter.raw,2,,O60306|AQR_HUMAN,,,PEAKS DB,2,HLIQTTHHY,False,1890000.0,2.0,N
EQKELQALY,0.07,SB,,2074,EQKELQALY,16.14,1120.5764,9,3.9,561.2977,46.35,,1,14287,F120180817_KP_THP1_W632_Filter.raw,1,,Q04637|IF4G1_HUMAN,,,PEAKS DB,2,EQKELQALY,False,11600000.0,1.0,N
TVIDSQTHY,0.07,SB,,3651,TVIDSQTHY,27.81,1062.4982,9,4.1,532.2585,32.87,,1,8888,F120180817_KP_THP1_W632_Filter.raw,2,,Q9Y3Q3|TMED3_HUMAN,,,PEAKS DB,2,TVIDSQTHY,False,105000000.0,2.0,N
FVKGWGAEY,0.07,SB,,2025,FVKGWGAEY,25.88,1055.5076,9,4.3,528.7633,49.45,,1,15530,F120180817_KP_THP1_W632_Filter.raw,1,,P84022|SMAD3_HUMAN:Q15797|SMAD1_HUMAN:Q99717|SMAD5_HUMAN:O15198|SMAD9_HUMAN:Q15796|SMAD2_HUMAN,,,PEAKS DB,2,FVKGWGAEY,False,9940000.0,1.0,N
EQRNLQVEY,0.07,SB,,1812,EQRNLQVEY,20.78,1177.5728,9,5.0,589.7966,37.57,,1,10771,F120180817_KP_THP1_W632_Filter.raw,1,,P46939|UTRO_HUMAN,,,PEAKS DB,2,EQRNLQVEY,False,1280000.0,1.0,N
TLKGPDSHY,0.07,SB,,3254,TLKGPDSHY,31.12,1016.4927,9,2.7,509.255,23.31,,1,5080,F120180817_KP_THP1_W632_Filter.raw,2,,Q9H0C5|BTBD1_HUMAN:Q9BX70|BTBD2_HUMAN,,,PEAKS DB,2,TLKGPDSHY,False,8420000.0,2.0,N
TQREVIQAL,0.07,SB,,4322,TQREVIQAL,11.12,1057.5768,9,3.3,529.7974,51.54,28000000.0,33,15748,F120180817_KP_THP1_BB72_Filter.raw,1,1.0,Q8TEM1|PO210_HUMAN,Deamidation (NQ),Q2:Deamidation (NQ):23.70,PEAKS DB,2,TQ(+.98)REVIQAL,False,,,N
LLADITSKY,0.07,SB,,1908,LLADITSKY,30.5,1022.5648,9,3.6,1023.5757,54.36,,1,17498,F120180817_KP_THP1_W632_Filter.raw,2,,P52739|ZN131_HUMAN,,,PEAKS DB,1,LLADITSKY,False,36500000.0,2.0,N
TVIPNSHVY,0.07,SB,,3311,TVIPNSHVY,26.11,1028.5291,9,4.4,515.274,39.21,,1,11431,F120180817_KP_THP1_W632_Filter.raw,1,,Q9H9Y2|RPF1_HUMAN,,,PEAKS DB,2,TVIPNSHVY,False,1670000.0,1.0,N
QVAPVANSY,0.07,SB,,1569,QVAPVANSY,33.16,947.4712,9,4.6,948.4828,41.41,,1,12304,F120180817_KP_THP1_W632_Filter.raw,2,,P15036|ETS2_HUMAN,,,PEAKS DB,1,QVAPVANSY,False,19300000.0,2.0,N
LIREEKNSY,0.07,SB,,2107,LIREEKNSY,30.49,1150.5981,9,3.7,576.3085,22.64,,1,4818,F120180817_KP_THP1_W632_Filter.raw,1,,Q08ER8|ZN543_HUMAN,,,PEAKS DB,2,LIREEKNSY,False,32200000.0,1.0,N
FIRDGELQY,0.07,SB,,3583,FIRDGELQY,27.69,1139.561,9,4.4,570.7903,49.35,,1,15491,F120180817_KP_THP1_W632_Filter.raw,1,,Q9UNK9|ANGE1_HUMAN,,,PEAKS DB,2,FIRDGELQY,False,17300000.0,1.0,N
HLRDYFEQY,0.07,SB,,1510,HLRDYFEQY,31.13,1269.5778,9,2.9,635.798,47.32,,1,14678,F120180817_KP_THP1_W632_Filter.raw,1,,P09651|ROA1_HUMAN,,,PEAKS DB,2,HLRDYFEQY,False,3050000.0,1.0,N
YIFKERESF,0.07,SB,,2783,YIFKERESF,35.37,1217.608,9,3.9,1218.6201,40.57,,1,11965,F120180817_KP_THP1_W632_Filter.raw,3,,Q8N9N2|ASCC1_HUMAN,,,PEAKS DB,1,YIFKERESF,False,176000000.0,3.0,N
RSFPGSKEY,0.07,SB,,2249,RSFPGSKEY,24.49,1069.5192,9,3.3,535.7686,25.06,,1,5769,F120180817_KP_THP1_W632_Filter.raw,1,,Q14517|FAT1_HUMAN,,,PEAKS DB,2,RSFPGSKEY,False,1260000.0,1.0,N
NQIESKAAY,0.07,SB,,1886,NQIESKAAY,30.96,1022.5032,9,4.0,512.2609,26.08,,1,6175,F120180817_KP_THP1_W632_Filter.raw,2,,P51784|UBP11_HUMAN,,,PEAKS DB,2,NQIESKAAY,False,14400000.0,2.0,N
VVAPITTGY,0.08,SB,,3320,VVAPITTGY,33.48,919.5015,9,4.4,920.5128,59.06,,1,19373,F120180817_KP_THP1_W632_Filter.raw,2,,Q9HB71|CYBP_HUMAN,,,PEAKS DB,1,VVAPITTGY,False,338000000.0,2.0,N
ELRSLTQSY,0.08,SB,,1912,ELRSLTQSY,29.82,1095.556,9,4.5,548.7878,41.32,,1,12268,F120180817_KP_THP1_W632_Filter.raw,1,,P52948|NUP98_HUMAN,,,PEAKS DB,2,ELRSLTQSY,False,5180000.0,1.0,N
ELKREHTSY,0.08,SB,,1383,ELKREHTSY,34.45,1161.5778,9,4.1,581.7985,19.44,,1,3538,F120180817_KP_THP1_W632_Filter.raw,3,,O95347|SMC2_HUMAN,,,PEAKS DB,2,ELKREHTSY,False,48400000.0,3.0,N
QVAEIVSKY,0.08,SB,,1476,QVAEIVSKY,28.96,1035.5601,9,3.9,518.7893,40.82,,1,12065,F120180817_KP_THP1_W632_Filter.raw,3,,P06756|ITAV_HUMAN,,,PEAKS DB,2,QVAEIVSKY,False,17400000.0,3.0,N
MLRPEKEAF,0.08,SB,,3690,MLRPEKEAF,19.42,1135.5696,9,4.0,568.7943,28.75,,1,7241,F120180817_KP_THP1_W632_Filter.raw,1,,Q9Y5Q8|TF3C5_HUMAN,Oxidation (M),M1:Oxidation (M):1000.00,PEAKS DB,2,M(+15.99)LRPEKEAF,False,1770000.0,1.0,N
TLSESTHKY,0.08,SB,,2276,TLSESTHKY,25.51,1064.5138,9,4.1,533.2664,21.05,,1,4180,F120180817_KP_THP1_W632_Filter.raw,1,,Q14746|COG2_HUMAN,,,PEAKS DB,2,TLSESTHKY,False,410000.0,1.0,N
HLAPNHTTF,0.08,SB,,3113,HLAPNHTTF,29.13,1036.509,9,3.6,519.2637,26.65,,1,6403,F120180817_KP_THP1_W632_Filter.raw,1,,Q96T21|SEBP2_HUMAN,,,PEAKS DB,2,HLAPNHTTF,False,2830000.0,1.0,N
TMHASILAY,0.08,SB,,1160,TMHASILAY,23.93,1021.4902,9,4.2,511.7545,43.13,,1,12994,F120180817_KP_THP1_W632_Filter.raw,1,,O14980|XPO1_HUMAN,Oxidation (M),M2:Oxidation (M):1000.00,PEAKS DB,2,TM(+15.99)HASILAY,False,6380000.0,1.0,N
EQRRQNVAY,0.08,SB,,2680,EQRRQNVAY,22.13,1162.5842,9,4.1,582.3018,20.57,,1,3992,F120180817_KP_THP1_W632_Filter.raw,1,,Q86VI3|IQGA3_HUMAN,,,PEAKS DB,2,EQRRQNVAY,False,12100000.0,1.0,N
YLNNSVMEY,0.08,SB,,1890,YLNNSVMEY,26.33,1147.4856,9,4.0,574.7524,49.39,,1,15505,F120180817_KP_THP1_W632_Filter.raw,2,,P51946|CCNH_HUMAN,Oxidation (M),M7:Oxidation (M):1000.00,PEAKS DB,2,YLNNSVM(+15.99)EY,False,17700000.0,2.0,N
HQITVLHVY,0.08,SB,,3460,HQITVLHVY,35.17,1108.6029,9,3.6,555.3107,41.0,,1,12141,F120180817_KP_THP1_W632_Filter.raw,1,,Q9NYP7|ELOV5_HUMAN,,,PEAKS DB,2,HQITVLHVY,False,2740000.0,1.0,N
FLNKASAVY,0.09,SB,,2492,FLNKASAVY,34.71,1011.5389,9,4.5,1012.5507,39.87,,1,11689,F120180817_KP_THP1_W632_Filter.raw,2,,Q5VWZ2|LYPL1_HUMAN,,,PEAKS DB,1,FLNKASAVY,False,19300000.0,2.0,N
HLRDYFEEY,0.09,SB,,1638,HLRDYFEEY,32.74,1270.5618,9,3.8,636.2906,49.18,,1,15419,F120180817_KP_THP1_W632_Filter.raw,1,,P22626|ROA2_HUMAN,,,PEAKS DB,2,HLRDYFEEY,False,16500000.0,1.0,N
EQRPGSILY,0.09,SB,,2475,EQRPGSILY,20.43,1061.5505,9,4.2,531.7848,42.56,,1,12764,F120180817_KP_THP1_W632_Filter.raw,1,,Q5TBA9|FRY_HUMAN,,,PEAKS DB,2,EQRPGSILY,False,1940000.0,1.0,N
ILHANVVVY,0.09,SB,,1603,ILHANVVVY,32.06,1026.5862,9,4.0,514.3024,49.46,,1,15532,F120180817_KP_THP1_W632_Filter.raw,1,,P18074|ERCC2_HUMAN,,,PEAKS DB,2,ILHANVVVY,False,3600000.0,1.0,N
ISREEMVSY,0.09,SB,,2620,ISREEMVSY,25.89,1128.5121,9,4.6,565.2659,30.23,,1,7832,F120180817_KP_THP1_W632_Filter.raw,1,,Q7LDG7|GRP2_HUMAN,Oxidation (M),M6:Oxidation (M):1000.00,PEAKS DB,2,ISREEM(+15.99)VSY,False,39500000.0,1.0,N
LAKGGTVEY,0.09,SB,,2909,LAKGGTVEY,31.32,936.4916,9,5.0,937.5036,27.91,,1,6905,F120180817_KP_THP1_W632_Filter.raw,2,,Q92508|PIEZ1_HUMAN,,,PEAKS DB,1,LAKGGTVEY,False,7170000.0,2.0,N
MVKDGEIVY,0.09,SB,,1397,MVKDGEIVY,13.7,1068.5161,9,6.1,535.2686,36.72,,1,10432,F120180817_KP_THP1_W632_Filter.raw,1,,O95714|HERC2_HUMAN,Oxidation (M),M1:Oxidation (M):1000.00,PEAKS DB,2,M(+15.99)VKDGEIVY,False,991000.0,1.0,N
VVKPPGSSL,0.09,SB,,2920,VVKPPGSSL,31.9,882.5175,9,5.0,883.5292,32.48,,1,8729,F120180817_KP_THP1_W632_Filter.raw,2,,Q92560|BAP1_HUMAN,,,PEAKS DB,1,VVKPPGSSL,False,42700000.0,2.0,N
TLRQERLSF,0.09,SB,,2314,TLRQERLSF,35.48,1148.6301,9,4.2,575.3248,35.93,,1,10117,F120180817_KP_THP1_W632_Filter.raw,2,,Q15149|PLEC_HUMAN,,,PEAKS DB,2,TLRQERLSF,False,25800000.0,2.0,N
KLVCGMVSY,0.09,SB,,2308,KLVCGMVSY,11.6,998.4929,9,-2.5,500.2525,30.51,,1,7945,F120180817_KP_THP1_W632_Filter.raw,1,,Q15067|ACOX1_HUMAN,,,PEAKS DB,2,KLVCGMVSY,False,20900000.0,1.0,N
TLKEEWIAY,0.09,SB,,1076,TLKEEWIAY,19.99,1151.5862,9,3.7,576.8025,60.97,,1,20136,F120180817_KP_THP1_W632_Filter.raw,1,,,,,PEAKS DB,2,TLKEEWIAY,False,1760000.0,1.0,N
NQIRPGLQY,0.09,SB,,3104,NQIRPGLQY,34.98,1087.5774,9,4.5,544.7984,38.88,,1,11299,F120180817_KP_THP1_W632_Filter.raw,1,,Q96SI9|STRBP_HUMAN,,,PEAKS DB,2,NQIRPGLQY,False,4600000.0,1.0,N
QMSNITVTY,0.09,SB,,1976,QMSNITVTY,24.09,1071.4907,9,4.5,536.7551,49.85,,1,15690,F120180817_KP_THP1_W632_Filter.raw,1,,P62318|SMD3_HUMAN,Oxidation (M),M2:Oxidation (M):1000.00,PEAKS DB,2,QM(+15.99)SNITVTY,False,2350000.0,1.0,N
FLHEHKIVY,0.1,SB,,2374,FLHEHKIVY,35.47,1184.6342,9,4.1,593.3268,30.29,,1,7855,F120180817_KP_THP1_W632_Filter.raw,2,,Q16512|PKN1_HUMAN,,,PEAKS DB,2,FLHEHKIVY,False,40400000.0,2.0,N
ILGPPGSVY,0.1,SB,,1891,ILGPPGSVY,30.82,901.4909,9,5.7,902.5033,66.24,,1,22250,F120180817_KP_THP1_W632_Filter.raw,2,,P51965|UB2E1_HUMAN:Q96LR5|UB2E2_HUMAN:Q969T4|UB2E3_HUMAN,,,PEAKS DB,1,ILGPPGSVY,False,570000000.0,2.0,N
VFHESVESY,0.1,SB,,807,VFHESVESY,13.43,1095.4873,9,4.4,548.7534,32.69,,1,8813,F120180817_KP_THP1_W632_Filter.raw,1,,,,,PEAKS DB,2,VFHESVESY,False,3520000.0,1.0,N
FAFEHSEEY,0.1,SB,,4866,FAFEHSEEY,16.76,1157.4666,9,3.0,579.7423,48.78,658000.0,33,14646,F120180817_KP_THP1_BB72_Filter.raw,1,1.0,Q9BQ70|TCF25_HUMAN,,,PEAKS DB,2,FAFEHSEEY,False,,,N
MMKTEGPSY,0.1,SB,,1347,MMKTEGPSY,35.2,1042.4463,9,3.7,522.2324,30.34,,1,7874,F120180817_KP_THP1_W632_Filter.raw,1,,O75909|CCNK_HUMAN,,,PEAKS DB,2,MMKTEGPSY,False,1170000.0,1.0,N
FVAEQKVEY,0.1,SB,,2072,FVAEQKVEY,36.31,1111.5549,9,4.1,1112.5668,38.92,,1,11313,F120180817_KP_THP1_W632_Filter.raw,2,,Q04637|IF4G1_HUMAN,,,PEAKS DB,1,FVAEQKVEY,False,92000000.0,2.0,N
FVAEERVSF,0.2,SB,,2585,FVAEERVSF,35.64,1082.5396,9,4.1,1083.5513,52.29,,1,16666,F120180817_KP_THP1_W632_Filter.raw,2,,Q6ZS81|WDFY4_HUMAN,,,PEAKS DB,1,FVAEERVSF,False,87200000.0,2.0,N
FVRKEDMTY,0.2,SB,,2100,FVRKEDMTY,30.96,1187.5645,9,4.4,594.7921,28.99,,1,7337,F120180817_KP_THP1_W632_Filter.raw,1,,Q07955|SRSF1_HUMAN,,,PEAKS DB,2,FVRKEDMTY,False,8900000.0,1.0,N
SLKVDNLTY,0.2,SB,,2051,SLKVDNLTY,22.0,1051.5549,9,4.0,526.7869,49.58,,1,15582,F120180817_KP_THP1_W632_Filter.raw,1,,Q01130|SRSF2_HUMAN,,,PEAKS DB,2,SLKVDNLTY,False,8380000.0,1.0,N
TLHLERLAY,0.2,SB,,2010,TLHLERLAY,35.54,1114.6135,9,3.4,558.3159,45.94,,1,14122,F120180817_KP_THP1_W632_Filter.raw,1,,P78395|PRAME_HUMAN,,,PEAKS DB,2,TLHLERLAY,False,3830000.0,1.0,N
HLRGNEVLY,0.2,SB,,1717,HLRGNEVLY,27.92,1099.5774,9,5.0,550.7987,30.42,,1,7908,F120180817_KP_THP1_W632_Filter.raw,1,,P30876|RPB2_HUMAN,,,PEAKS DB,2,HLRGNEVLY,False,8700000.0,1.0,N
SQHYHQGYY,0.2,SB,,2049,SQHYHQGYY,38.54,1181.489,9,3.0,591.7535,22.74,,1,4855,F120180817_KP_THP1_W632_Filter.raw,2,,Q00839|HNRPU_HUMAN,,,PEAKS DB,2,SQHYHQGYY,False,13400000.0,2.0,N
TMAAIHESF,0.2,SB,,2093,TMAAIHESF,31.89,1021.4539,9,4.4,511.7365,35.13,,1,9794,F120180817_KP_THP1_W632_Filter.raw,1,,Q05084|ICA69_HUMAN,Oxidation (M),M2:Oxidation (M):1000.00,PEAKS DB,2,TM(+15.99)AAIHESF,False,6440000.0,1.0,N
FVKDEKTRF,0.2,SB,,1917,FVKDEKTRF,29.76,1168.624,9,4.6,585.322,23.55,,1,5174,F120180817_KP_THP1_W632_Filter.raw,1,,P53621|COPA_HUMAN,,,PEAKS DB,2,FVKDEKTRF,False,957000.0,1.0,N
YLHSRDVVY,0.2,SB,,1718,YLHSRDVVY,30.97,1150.577,9,4.8,576.2985,30.62,,1,7990,F120180817_KP_THP1_W632_Filter.raw,1,,P31751|AKT2_HUMAN,,,PEAKS DB,2,YLHSRDVVY,False,2060000.0,1.0,N
IFKLEQEEY,0.2,SB,,2172,IFKLEQEEY,29.95,1197.5917,9,4.1,599.8055,53.65,,1,17213,F120180817_KP_THP1_W632_Filter.raw,1,,Q13459|MYO9B_HUMAN,,,PEAKS DB,2,IFKLEQEEY,False,1970000.0,1.0,N
FAKEIDVSY,0.2,SB,,1926,FAKEIDVSY,23.21,1070.5283,9,3.3,536.2732,48.86,,1,15295,F120180817_KP_THP1_W632_Filter.raw,1,,P54760|EPHB4_HUMAN,,,PEAKS DB,2,FAKEIDVSY,False,2180000.0,1.0,N
FLIDLKTRY,0.2,SB,,1889,FLIDLKTRY,18.37,1167.6652,9,2.9,390.2301,59.02,,1,19357,F120180817_KP_THP1_W632_Filter.raw,1,,P51946|CCNH_HUMAN,,,PEAKS DB,3,FLIDLKTRY,False,630000.0,1.0,N
ELAKQITSY,0.2,SB,,1875,ELAKQITSY,37.29,1051.5549,9,3.9,1052.5663,40.5,,1,11938,F120180817_KP_THP1_W632_Filter.raw,2,,P50990|TCPQ_HUMAN,,,PEAKS DB,1,ELAKQITSY,False,163000000.0,2.0,N
HAKTNISSY,0.2,SB,,2269,HAKTNISSY,24.43,1019.5036,9,3.5,510.7609,21.48,,1,4352,F120180817_KP_THP1_W632_Filter.raw,1,,Q14693|LPIN1_HUMAN,,,PEAKS DB,2,HAKTNISSY,False,871000.0,1.0,N
FLFDGSPTY,0.2,SB,,1840,FLFDGSPTY,17.81,1045.4756,9,5.9,1046.489,90.68,,1,31988,F120180817_KP_THP1_W632_Filter.raw,1,,P49327|FAS_HUMAN,,,PEAKS DB,1,FLFDGSPTY,False,10500000.0,1.0,N
AAFPGASLY,0.2,SB,,2301,AAFPGASLY,30.47,895.4439,9,4.6,896.4553,73.78,,1,25263,F120180817_KP_THP1_W632_Filter.raw,2,,Q15038|DAZP2_HUMAN,,,PEAKS DB,1,AAFPGASLY,False,425000000.0,2.0,N
FLQESNVLY,0.2,SB,,1774,FLQESNVLY,22.44,1111.5549,9,4.0,1112.5667,73.84,,1,25288,F120180817_KP_THP1_W632_Filter.raw,2,,P40763|STAT3_HUMAN,,,PEAKS DB,1,FLQESNVLY,False,21700000.0,2.0,N
ELIPLVTTY,0.2,SB,,2127,ELIPLVTTY,23.44,1047.5852,9,4.7,1048.5974,94.6,,1,33548,F120180817_KP_THP1_W632_Filter.raw,1,,Q12770|SCAP_HUMAN,,,PEAKS DB,1,ELIPLVTTY,False,8670000.0,1.0,N
MLAGATAVY,0.2,SB,,2951,MLAGATAVY,26.14,911.4423,9,4.5,912.4537,49.73,,1,15643,F120180817_KP_THP1_W632_Filter.raw,1,,Q92878|RAD50_HUMAN,Oxidation (M),M1:Oxidation (M):1000.00,PEAKS DB,1,M(+15.99)LAGATAVY,False,10900000.0,1.0,N
HAIQGTLSY,0.2,SB,,2085,HAIQGTLSY,34.3,988.4978,9,4.6,989.5096,37.26,,1,10650,F120180817_KP_THP1_W632_Filter.raw,2,,Q04721|NOTC2_HUMAN,,,PEAKS DB,1,HAIQGTLSY,False,13700000.0,2.0,N
IVRLERETF,0.2,SB,,1113,IVRLERETF,33.68,1161.6505,9,4.6,581.8352,37.66,,1,10810,F120180817_KP_THP1_W632_Filter.raw,2,,O00267|SPT5H_HUMAN,,,PEAKS DB,2,IVRLERETF,False,5870000.0,2.0,N
MVHSEVAAY,0.2,SB,,3063,MVHSEVAAY,24.1,1021.4539,9,5.2,511.7368,28.88,,1,7291,F120180817_KP_THP1_W632_Filter.raw,1,,Q96NM4|TOX2_HUMAN,Oxidation (M),M1:Oxidation (M):1000.00,PEAKS DB,2,M(+15.99)VHSEVAAY,False,1480000.0,1.0,N
SAFPFLQEY,0.2,SB,,1187,SAFPFLQEY,29.88,1100.5178,9,4.0,1101.5295,97.33,,1,34633,F120180817_KP_THP1_W632_Filter.raw,1,,O15217|GSTA4_HUMAN,,,PEAKS DB,1,SAFPFLQEY,False,8380000.0,1.0,N
HAFESSQKY,0.2,SB,,3086,HAFESSQKY,37.64,1095.4985,9,3.7,548.7585,22.58,,1,4793,F120180817_KP_THP1_W632_Filter.raw,1,,Q96QA6|YPEL2_HUMAN:O60688|YPEL1_HUMAN,,,PEAKS DB,2,HAFESSQKY,False,7940000.0,1.0,N
YQQGYGPGY,0.2,SB,,3147,YQQGYGPGY,15.01,1031.4348,9,2.7,1032.4448,40.86,,1,12081,F120180817_KP_THP1_W632_Filter.raw,1,,Q99729|ROAA_HUMAN,,,PEAKS DB,1,YQQGYGPGY,False,2940000.0,1.0,N
IIKSGDQTF,0.2,SB,,3164,IIKSGDQTF,23.0,1007.5287,9,4.6,504.774,32.46,,1,8723,F120180817_KP_THP1_W632_Filter.raw,1,,Q9BRP1|PDD2L_HUMAN,,,PEAKS DB,2,IIKSGDQTF,False,2180000.0,1.0,N
ELKEGFVEY,0.2,SB,,1122,ELKEGFVEY,12.44,1112.5389,9,7.3,557.2808,53.5,,1,17154,F120180817_KP_THP1_W632_Filter.raw,1,,O00410|IPO5_HUMAN,,,PEAKS DB,2,ELKEGFVEY,False,1100000.0,1.0,N
HVAQPDSVY,0.2,SB,,3176,HVAQPDSVY,30.04,1014.4771,9,4.1,508.2479,30.15,,1,7800,F120180817_KP_THP1_W632_Filter.raw,1,,Q9BTC0|DIDO1_HUMAN,,,PEAKS DB,2,HVAQPDSVY,False,659000.0,1.0,N
VAKTNTVSY,0.2,SB,,2630,VAKTNTVSY,30.5,981.5131,9,4.4,491.766,25.16,,1,5807,F120180817_KP_THP1_W632_Filter.raw,1,,Q7Z401|MYCPP_HUMAN,,,PEAKS DB,2,VAKTNTVSY,False,5700000.0,1.0,N
NLKEELQVF,0.2,SB,,3240,NLKEELQVF,23.08,1118.5972,9,3.8,560.308,64.36,,1,21495,F120180817_KP_THP1_W632_Filter.raw,1,,Q9C0J8|WDR33_HUMAN,,,PEAKS DB,2,NLKEELQVF,False,1430000.0,1.0,N
HVIENSNAF,0.2,SB,,3255,HVIENSNAF,26.97,1029.4879,9,4.7,515.7537,34.25,,1,9441,F120180817_KP_THP1_W632_Filter.raw,1,,Q9H0H5|RGAP1_HUMAN,,,PEAKS DB,2,HVIENSNAF,False,1080000.0,1.0,N
RMFPGEVAL,0.2,SB,,4880,RMFPGEVAL,17.16,1018.527,9,1.9,510.2717,61.02,592000.0,33,19528,F120180817_KP_THP1_BB72_Filter.raw,1,1.0,Q9BRB3|PIGQ_HUMAN,,,PEAKS DB,2,RMFPGEVAL,False,,,N
VQLNDRTSY,0.2,SB,,956,VQLNDRTSY,12.46,1094.5356,9,3.2,548.2769,26.47,,1,6331,F120180817_KP_THP1_W632_Filter.raw,1,,,,,PEAKS DB,2,VQLNDRTSY,False,1620000.0,1.0,N
ILAIERESF,0.2,SB,,3283,ILAIERESF,27.88,1076.5865,9,3.6,539.3025,57.27,,1,18659,F120180817_KP_THP1_W632_Filter.raw,1,,Q9H4A3|WNK1_HUMAN,,,PEAKS DB,2,ILAIERESF,False,37700000.0,1.0,N
HLRPRPRAY,0.2,SB,,905,HLRPRPRAY,19.28,1164.6628,9,4.1,583.3411,20.51,,1,3966,F120180817_KP_THP1_W632_Filter.raw,1,,,,,PEAKS DB,2,HLRPRPRAY,False,1580000.0,1.0,N
IMREEVSFF,0.2,SB,,796,IMREEVSFF,15.67,1156.5586,9,4.0,579.2889,67.02,,1,22562,F120180817_KP_THP1_W632_Filter.raw,1,,,,,PEAKS DB,2,IMREEVSFF,False,726000.0,1.0,N
FQQALALVF,0.2,SB,,795,FQQALALVF,15.39,1035.5753,9,0.0,1036.5826,31.91,,1,8503,F120180817_KP_THP1_W632_Filter.raw,1,,,,,PEAKS DB,1,FQQALALVF,False,1640000.0,1.0,N
SAKSPTATF,0.2,SB,,3330,SAKSPTATF,24.22,988.4266,9,4.5,495.2228,37.1,,1,10582,F120180817_KP_THP1_W632_Filter.raw,1,,Q9HC44|GPBL1_HUMAN,Phosphorylation (STY),S4:Phosphorylation (STY):18.53,PEAKS DB,2,SAKS(+79.97)PTATF,False,1450000.0,1.0,N
YLKANLIAF,0.2,SB,,3337,YLKANLIAF,29.55,1051.6066,9,3.6,1052.6177,68.57,,1,23180,F120180817_KP_THP1_W632_Filter.raw,2,,Q9HCI6|K1586_HUMAN,,,PEAKS DB,1,YLKANLIAF,False,8390000.0,2.0,N
EQILATAVY,0.2,SB,,3357,EQILATAVY,23.31,1006.5335,9,3.9,504.276,70.45,,1,23937,F120180817_KP_THP1_W632_Filter.raw,2,,Q9NPJ6|MED4_HUMAN,,,PEAKS DB,2,EQILATAVY,False,69000000.0,2.0,N
FMKRDLTEF,0.2,SB,,3437,FMKRDLTEF,27.75,1185.5852,9,4.1,593.8023,43.11,,1,12985,F120180817_KP_THP1_W632_Filter.raw,1,,Q9NW68|BSDC1_HUMAN,,,PEAKS DB,2,FMKRDLTEF,False,1140000.0,1.0,N
QERPSVTSY,0.2,SB,,3541,QERPSVTSY,28.72,1065.509,9,3.0,533.7634,29.34,,1,7477,F120180817_KP_THP1_W632_Filter.raw,1,,Q9UJX3|APC7_HUMAN,,,PEAKS DB,2,QERPSVTSY,False,43000000.0,1.0,N
YQMQHLQY,0.2,SB,,524,YQMQHLQY,24.3,1125.4913,8,4.4,563.7554,32.31,,1,8661,F120180817_KP_THP1_W632_Filter.raw,1,,Q6Y7W6|PERQ2_HUMAN,Oxidation (M),M3:Oxidation (M):1000.00,PEAKS DB,2,YQM(+15.99)QHLQY,False,952000.0,1.0,N
MQKLLLEY,0.2,SB,,650,MQKLLLEY,23.39,1052.5576,8,3.5,527.2879,54.62,,1,17603,F120180817_KP_THP1_W632_Filter.raw,1,,Q9UJF2|NGAP_HUMAN,Oxidation (M),M1:Oxidation (M):1000.00,PEAKS DB,2,M(+15.99)QKLLLEY,False,1830000.0,1.0,N
QQMWISKQEY,0.2,SB,,3932,QQMWISKQEY,33.33,1355.6179,10,4.5,678.8193,41.06,,1,12165,F120180817_KP_THP1_W632_Filter.raw,2,,P60709|ACTB_HUMAN:P63261|ACTG_HUMAN:O96019|ACL6A_HUMAN,Oxidation (M),M3:Oxidation (M):1000.00,PEAKS DB,2,QQM(+15.99)WISKQEY,False,7620000.0,2.0,N
FIYASVMEY,0.2,SB,,2999,FIYASVMEY,16.44,1137.5052,9,5.2,1138.5184,70.86,,1,24098,F120180817_KP_THP1_W632_Filter.raw,1,,Q96BZ4|PLD4_HUMAN,Oxidation (M),M7:Oxidation (M):1000.00,PEAKS DB,1,FIYASVM(+15.99)EY,False,3620000.0,1.0,N
TIKSGDLEY,0.2,SB,,3020,TIKSGDLEY,32.98,1024.5077,9,4.5,1025.5195,37.05,,1,10563,F120180817_KP_THP1_W632_Filter.raw,2,,Q96EU7|C1GLC_HUMAN,,,PEAKS DB,1,TIKSGDLEY,False,48600000.0,2.0,N
YVKDDKASF,0.2,SB,,1325,YVKDDKASF,29.54,1071.5237,9,2.9,536.7707,24.78,,1,5657,F120180817_KP_THP1_W632_Filter.raw,1,,O75592|MYCB2_HUMAN,,,PEAKS DB,2,YVKDDKASF,False,1060000.0,1.0,N
FLRNDLAEY,0.2,SB,,2660,FLRNDLAEY,27.93,1139.561,9,4.9,570.7906,52.17,,1,16621,F120180817_KP_THP1_W632_Filter.raw,1,,Q86SQ7|SDCG8_HUMAN,,,PEAKS DB,2,FLRNDLAEY,False,2570000.0,1.0,N
SLPDFGISY,0.2,SB,,2675,SLPDFGISY,20.91,997.4756,9,4.6,998.4875,88.85,,1,31262,F120180817_KP_THP1_W632_Filter.raw,1,,Q86UX7|URP2_HUMAN,,,PEAKS DB,1,SLPDFGISY,False,172000000.0,1.0,N
WMAEQKISY,0.2,SB,,2691,WMAEQKISY,36.43,1154.543,9,4.2,578.2812,49.49,,1,15545,F120180817_KP_THP1_W632_Filter.raw,1,,Q86X95|CIR1_HUMAN,,,PEAKS DB,2,WMAEQKISY,False,4680000.0,1.0,N
YARDETEFY,0.2,SB,,1605,YARDETEFY,29.16,1192.5037,9,4.4,597.2617,42.29,,1,12656,F120180817_KP_THP1_W632_Filter.raw,1,,P18077|RL35A_HUMAN,,,PEAKS DB,2,YARDETEFY,False,15600000.0,1.0,N
VFKSGETTY,0.2,SB,,2718,VFKSGETTY,32.95,1030.4971,9,3.9,516.2578,29.37,,1,7490,F120180817_KP_THP1_W632_Filter.raw,1,,Q8IWV7|UBR1_HUMAN,,,PEAKS DB,2,VFKSGETTY,False,3390000.0,1.0,N
TAMPYLTSY,0.2,SB,,3681,TAMPYLTSY,29.5,1045.479,9,4.4,1046.4908,74.41,,1,25518,F120180817_KP_THP1_W632_Filter.raw,2,,Q9Y5A9|YTHD2_HUMAN,,,PEAKS DB,1,TAMPYLTSY,False,36300000.0,2.0,N
TAIKIQSVY,0.2,SB,,2742,TAIKIQSVY,31.41,1021.5807,9,3.7,511.7995,46.41,,1,14312,F120180817_KP_THP1_W632_Filter.raw,1,,Q8IZT6|ASPM_HUMAN,,,PEAKS DB,2,TAIKIQSVY,False,5700000.0,1.0,N
TLMLEHQAF,0.2,SB,,3660,TLMLEHQAF,37.52,1104.5273,9,4.3,553.2733,49.68,,1,15621,F120180817_KP_THP1_W632_Filter.raw,1,,Q9Y4A5|TRRAP_HUMAN,Oxidation (M),M3:Oxidation (M):1000.00,PEAKS DB,2,TLM(+15.99)LEHQAF,False,14400000.0,1.0,N
FAKAEETRY,0.2,SB,,2800,FAKAEETRY,21.85,1113.5454,9,4.4,557.7824,23.42,,1,5124,F120180817_KP_THP1_W632_Filter.raw,1,,Q8NDT2|RB15B_HUMAN,,,PEAKS DB,2,FAKAEETRY,False,1710000.0,1.0,N
ELREGFVEY,0.2,SB,,1277,ELREGFVEY,28.04,1140.545,9,4.3,571.2822,54.37,,1,17504,F120180817_KP_THP1_W632_Filter.raw,1,,O60518|RNBP6_HUMAN,,,PEAKS DB,2,ELREGFVEY,False,3570000.0,1.0,N
AVHPSGVAL,0.2,SB,,1456,AVHPSGVAL,25.27,849.4708,9,5.5,850.4828,47.56,,1,14774,F120180817_KP_THP1_W632_Filter.raw,1,,P05161|ISG15_HUMAN,,,PEAKS DB,1,AVHPSGVAL,False,1100000.0,1.0,N
AQFEHTILL,0.2,SB,,2566,AQFEHTILL,29.73,1070.576,9,3.4,536.2971,61.53,57900000.0,33,19732,F120180817_KP_THP1_BB72_Filter.raw,2,2.0,P50579|MAP2_HUMAN,,,PEAKS DB,2,AQFEHTILL,False,,,N
TLHERFTKY,0.2,SB,,3641,TLHERFTKY,14.71,1193.6193,9,4.6,597.8196,25.47,,1,5931,F120180817_KP_THP1_W632_Filter.raw,1,,Q9Y2W1|TR150_HUMAN,,,PEAKS DB,2,TLHERFTKY,False,533000.0,1.0,N
QMHLDRQQF,0.2,SB,,1357,QMHLDRQQF,33.4,1217.5612,9,4.2,609.7904,25.47,,1,5932,F120180817_KP_THP1_W632_Filter.raw,1,,O94855|SC24D_HUMAN,Oxidation (M),M2:Oxidation (M):1000.00,PEAKS DB,2,QM(+15.99)HLDRQQF,False,9090000.0,1.0,N
KLYESELTLF,0.2,SB,,3746,KLYESELTLF,13.2,1241.6543,10,3.1,621.8364,76.55,3390000.0,33,25731,F120180817_KP_THP1_BB72_Filter.raw,1,1.0,Q6EKJ0|GTD2B_HUMAN:Q86UP8|GTD2A_HUMAN,,,PEAKS DB,2,KLYESELTLF,False,,,N
EIREELEQY,0.2,SB,,1392,EIREELEQY,29.38,1207.572,9,3.5,604.7954,47.45,,1,14727,F120180817_KP_THP1_W632_Filter.raw,1,,O95602|RPA1_HUMAN,,,PEAKS DB,2,EIREELEQY,False,8170000.0,1.0,N
KQFLELPGPTY,0.2,SB,,4199,KQFLELPGPTY,11.99,1292.6652,11,1.4,647.3408,84.33,,1,29458,F120180817_KP_THP1_W632_Filter.raw,1,,,Deamidation (NQ),Q2:Deamidation (NQ):1000.00,PEAKS DB,2,KQ(+.98)FLELPGPTY,False,2420000.0,1.0,N
ELKAPGISY,0.2,SB,,2902,ELKAPGISY,22.36,976.5229,9,4.2,489.2708,49.55,,1,15571,F120180817_KP_THP1_W632_Filter.raw,1,,Q8WYR1|PI3R5_HUMAN,,,PEAKS DB,2,ELKAPGISY,False,3360000.0,1.0,N
YVAHERLSY,0.2,SB,,2887,YVAHERLSY,34.98,1136.5614,9,4.1,569.2903,28.87,,1,7287,F120180817_KP_THP1_W632_Filter.raw,2,,Q8WVJ9|TWST2_HUMAN:Q15672|TWST1_HUMAN,,,PEAKS DB,2,YVAHERLSY,False,34200000.0,2.0,N
SMNAFLIVY,0.2,SB,,2889,SMNAFLIVY,11.47,1057.5154,9,0.0,1058.5227,81.51,4020000.0,33,27721,F120180817_KP_THP1_BB72_Filter.raw,1,1.0,P98196|AT11A_HUMAN,Deamidation (NQ),N3:Deamidation (NQ):1000.00,PEAKS DB,1,SMN(+.98)AFLIVY,False,,,N
VMFPGNSPSY,0.2,SB,,4128,VMFPGNSPSY,29.71,1113.4801,10,3.3,557.7491,57.74,,1,18846,F120180817_KP_THP1_W632_Filter.raw,2,,Q9NY27|PP4R2_HUMAN,Oxidation (M),M2:Oxidation (M):1000.00,PEAKS DB,2,VM(+15.99)FPGNSPSY,False,6040000.0,2.0,N
TQPLHEVVY,0.2,SB,,3499,TQPLHEVVY,14.0,1084.5553,9,2.9,543.2865,46.61,,1,14392,F120180817_KP_THP1_W632_Filter.raw,1,,Q9UBD5|ORC3_HUMAN,,,PEAKS DB,2,TQPLHEVVY,False,1850000.0,1.0,N
WVKLEKTTY,0.3,SB,,3551,WVKLEKTTY,21.73,1166.6335,9,4.3,389.8868,35.9,,1,10102,F120180817_KP_THP1_W632_Filter.raw,1,,Q9UKK9|NUDT5_HUMAN,,,PEAKS DB,3,WVKLEKTTY,False,2780000.0,1.0,N
YSYPTGNHTY,0.3,SB,,3916,YSYPTGNHTY,31.63,1201.504,10,6.5,601.7632,34.98,,1,9733,F120180817_KP_THP1_W632_Filter.raw,1,,P49023|PAXI_HUMAN,,,PEAKS DB,2,YSYPTGNHTY,False,1290000.0,1.0,N
TAIDDMEAY,0.3,SB,,3653,TAIDDMEAY,28.28,1043.4117,9,3.7,522.7151,45.37,,1,13893,F120180817_KP_THP1_W632_Filter.raw,2,,Q9Y3Z3|SAMH1_HUMAN,Oxidation (M),M6:Oxidation (M):1000.00,PEAKS DB,2,TAIDDM(+15.99)EAY,False,32100000.0,2.0,N
YMNPYQLNAY,0.3,SB,,4027,YMNPYQLNAY,32.98,1291.5543,10,4.9,646.7876,65.12,,1,21801,F120180817_KP_THP1_W632_Filter.raw,1,,Q86YQ8|CPNE8_HUMAN,Oxidation (M),M2:Oxidation (M):1000.00,PEAKS DB,2,YM(+15.99)NPYQLNAY,False,4650000.0,1.0,N
EMMKVVQVY,0.3,SB,,3596,EMMKVVQVY,19.28,1157.546,9,4.8,579.7831,35.09,,1,9779,F120180817_KP_THP1_W632_Filter.raw,1,,Q9UPN9|TRI33_HUMAN,Oxidation (M),M2:Oxidation (M):1000.00;M3:Oxidation (M):1000.00,PEAKS DB,2,EM(+15.99)M(+15.99)KVVQVY,False,38400000.0,1.0,N
HMHVTAKEY,0.3,SB,,2148,HMHVTAKEY,33.51,1130.5178,9,3.9,566.2684,19.31,,1,3487,F120180817_KP_THP1_W632_Filter.raw,1,,Q13144|EI2BE_HUMAN,Oxidation (M),M2:Oxidation (M):1000.00,PEAKS DB,2,HM(+15.99)HVTAKEY,False,6690000.0,1.0,N
YVHDDGRVSY,0.3,SB,,3830,YVHDDGRVSY,35.67,1209.5414,10,4.4,605.7806,26.41,,1,6305,F120180817_KP_THP1_W632_Filter.raw,2,,O60234|GMFG_HUMAN,,,PEAKS DB,2,YVHDDGRVSY,False,48200000.0,2.0,N
MAHSFGESY,0.3,SB,,2631,MAHSFGESY,27.4,1043.4019,9,4.7,522.7106,31.11,,1,8180,F120180817_KP_THP1_W632_Filter.raw,2,,Q7Z403|TMC6_HUMAN,Oxidation (M),M1:Oxidation (M):1000.00,PEAKS DB,2,M(+15.99)AHSFGESY,False,9620000.0,2.0,N
FLREEYGTF,0.3,SB,,3449,FLREEYGTF,30.7,1160.5502,9,4.1,581.2847,55.69,,1,18032,F120180817_KP_THP1_W632_Filter.raw,1,,Q9NX78|TM260_HUMAN,,,PEAKS DB,2,FLREEYGTF,False,2460000.0,1.0,N
FLIDRSPEY,0.3,SB,,2608,FLIDRSPEY,34.56,1138.5658,9,3.5,570.2922,56.66,,1,18419,F120180817_KP_THP1_W632_Filter.raw,1,,Q7L273|KCTD9_HUMAN,,,PEAKS DB,2,FLIDRSPEY,False,1840000.0,1.0,N
ELMKNLTQY,0.3,SB,,2738,ELMKNLTQY,28.78,1138.5692,9,3.8,570.2941,51.79,,1,16465,F120180817_KP_THP1_W632_Filter.raw,1,,Q8IZD4|DCP1B_HUMAN,,,PEAKS DB,2,ELMKNLTQY,False,2020000.0,1.0,N
IMKANPALY,0.3,SB,,2538,IMKANPALY,11.65,1035.5422,9,4.9,518.7809,33.43,,1,9111,F120180817_KP_THP1_W632_Filter.raw,1,,Q6P2Q9|PRP8_HUMAN,Oxidation (M),M2:Oxidation (M):1000.00,PEAKS DB,2,IM(+15.99)KANPALY,False,916000.0,1.0,N
FLNDSYLKY,0.3,SB,,2763,FLNDSYLKY,28.37,1161.5706,9,4.3,581.795,62.32,,1,20677,F120180817_KP_THP1_W632_Filter.raw,1,,Q8N3U4|STAG2_HUMAN,,,PEAKS DB,2,FLNDSYLKY,False,1280000.0,1.0,N
TVFREVVSF,0.3,SB,,2817,TVFREVVSF,28.42,1082.576,9,5.2,542.2981,65.13,,1,21805,F120180817_KP_THP1_W632_Filter.raw,1,,Q8NFI3|ENASE_HUMAN,,,PEAKS DB,2,TVFREVVSF,False,1540000.0,1.0,N
FSREELTGY,0.3,SB,,2842,FSREELTGY,33.08,1100.5138,9,3.4,551.2661,45.15,,1,13807,F120180817_KP_THP1_W632_Filter.raw,1,,Q8TDF6|GRP4_HUMAN,,,PEAKS DB,2,FSREELTGY,False,5260000.0,1.0,N
YSFGAMVAY,0.3,SB,,2415,YSFGAMVAY,19.74,1023.4371,9,4.0,512.7279,68.26,,1,23056,F120180817_KP_THP1_W632_Filter.raw,1,,Q4LDE5|SVEP1_HUMAN,Oxidation (M),M6:Oxidation (M):1000.00,PEAKS DB,2,YSFGAM(+15.99)VAY,False,1240000.0,1.0,N
TAMPKLLSY,0.3,SB,,2377,TAMPKLLSY,27.08,1022.5471,9,4.6,512.2831,60.09,,1,19784,F120180817_KP_THP1_W632_Filter.raw,1,,Q16533|SNPC1_HUMAN,,,PEAKS DB,2,TAMPKLLSY,False,1590000.0,1.0,N
EVIPTHTVY,0.3,SB,,2993,EVIPTHTVY,15.87,1057.5444,9,3.9,529.7816,44.29,,1,13461,F120180817_KP_THP1_W632_Filter.raw,1,,Q96BN2|TADA1_HUMAN,,,PEAKS DB,2,EVIPTHTVY,False,2960000.0,1.0,N
LSIEDFTAY,0.3,SB,,2362,LSIEDFTAY,22.12,1057.4967,9,4.2,1058.5084,94.77,,1,33619,F120180817_KP_THP1_W632_Filter.raw,1,,Q15904|VAS1_HUMAN,,,PEAKS DB,1,LSIEDFTAY,False,43500000.0,1.0,N
QSKTIKVSY,0.3,SB,,2347,QSKTIKVSY,29.5,1052.5865,9,4.5,527.3029,26.28,,1,6253,F120180817_KP_THP1_W632_Filter.raw,1,,Q15717|ELAV1_HUMAN,,,PEAKS DB,2,QSKTIKVSY,False,4960000.0,1.0,N
HSKEDRLAY,0.3,SB,,3036,HSKEDRLAY,31.36,1117.5516,9,3.5,559.785,21.44,,1,4337,F120180817_KP_THP1_W632_Filter.raw,1,,Q96IK0|TM101_HUMAN,,,PEAKS DB,2,HSKEDRLAY,False,11000000.0,1.0,N
MLHQDHITF,0.3,SB,,2232,MLHQDHITF,36.77,1140.5386,9,4.5,571.2791,39.41,,1,11508,F120180817_KP_THP1_W632_Filter.raw,1,,Q14204|DYHC1_HUMAN,,,PEAKS DB,2,MLHQDHITF,False,4960000.0,1.0,N
MLYDTSILY,0.3,SB,,2202,MLYDTSILY,21.5,1133.5315,9,3.6,1134.5428,83.13,,1,28981,F120180817_KP_THP1_W632_Filter.raw,1,,Q13868|EXOS2_HUMAN,Oxidation (M),M1:Oxidation (M):1000.00,PEAKS DB,1,M(+15.99)LYDTSILY,False,5800000.0,1.0,N
WMQSHHNAY,0.3,SB,,3442,WMQSHHNAY,27.07,1188.4771,9,4.2,595.2483,21.63,,1,4414,F120180817_KP_THP1_W632_Filter.raw,1,,Q9NWZ8|GEMI8_HUMAN,Oxidation (M),M2:Oxidation (M):1000.00,PEAKS DB,2,WM(+15.99)QSHHNAY,False,2420000.0,1.0,N
EVAPAGASY,0.3,SB,,3473,EVAPAGASY,32.43,863.4025,9,4.7,864.4138,38.22,,1,11033,F120180817_KP_THP1_W632_Filter.raw,1,,Q9NZM5|GSCR2_HUMAN,,,PEAKS DB,1,EVAPAGASY,False,73800000.0,1.0,N
RERELAEKY,0.3,SB,,2147,RERELAEKY,19.83,1192.62,9,4.2,398.549,21.36,,1,4304,F120180817_KP_THP1_W632_Filter.raw,1,,Q13123|RED_HUMAN,,,PEAKS DB,3,RERELAEKY,False,2040000.0,1.0,N
EQIKEVITF,0.3,SB,,2053,EQIKEVITF,27.85,1105.6019,9,4.0,553.8104,61.49,,1,20347,F120180817_KP_THP1_W632_Filter.raw,1,,Q01518|CAP1_HUMAN,,,PEAKS DB,2,EQIKEVITF,False,4250000.0,1.0,N
YAKEISTY,0.3,SB,,320,YAKEISTY,25.22,973.4756,8,4.3,487.7472,31.08,,1,8166,F120180817_KP_THP1_W632_Filter.raw,1,,O15031|PLXB2_HUMAN,,,PEAKS DB,2,YAKEISTY,False,1260000.0,1.0,N
HLYPLIETQY,0.3,SB,,4149,HLYPLIETQY,38.14,1275.6499,10,4.7,1276.6632,65.49,,1,21948,F120180817_KP_THP1_W632_Filter.raw,2,,Q9UPZ6|THS7A_HUMAN,,,PEAKS DB,1,HLYPLIETQY,False,96600000.0,2.0,N
LSHEESVSF,0.3,SB,,1264,LSHEESVSF,30.41,1033.4716,9,4.0,517.7451,38.69,,1,11221,F120180817_KP_THP1_W632_Filter.raw,2,,O60381|HBP1_HUMAN,,,PEAKS DB,2,LSHEESVSF,False,22500000.0,2.0,N
YLRELLTTM,0.3,SB,,1617,YLRELLTTM,28.23,1154.6006,9,4.3,578.3101,54.59,,1,17592,F120180817_KP_THP1_W632_Filter.raw,1,,P19105|ML12A_HUMAN:O14950|ML12B_HUMAN,Oxidation (M),M9:Oxidation (M):1000.00,PEAKS DB,2,YLRELLTTM(+15.99),False,1110000.0,1.0,N
FVASIDATY,0.3,SB,,1655,FVASIDATY,19.53,985.4756,9,5.6,986.4884,67.53,,1,22766,F120180817_KP_THP1_W632_Filter.raw,1,,P25205|MCM3_HUMAN,,,PEAKS DB,1,FVASIDATY,False,2430000.0,1.0,N
TMQSATGIQY,0.3,SB,,4087,TMQSATGIQY,30.46,1114.4965,10,3.9,558.2577,42.61,,1,12786,F120180817_KP_THP1_W632_Filter.raw,1,,Q96ST3|SIN3A_HUMAN,Oxidation (M),M2:Oxidation (M):1000.00,PEAKS DB,2,TM(+15.99)QSATGIQY,False,1490000.0,1.0,N
LSYTPGQVY,0.3,SB,,868,LSYTPGQVY,14.96,1026.5022,9,4.8,1027.5144,112.61,,1,40728,F120180817_KP_THP1_W632_Filter.raw,0,,,,,PEAKS DB,1,LSYTPGQVY,False,0.0,0.0,N
HLIDDYGNTY,0.3,SB,,4150,HLIDDYGNTY,33.51,1209.5302,10,3.7,605.7746,49.19,,1,15424,F120180817_KP_THP1_W632_Filter.raw,1,,Q9Y223|GLCNE_HUMAN,,,PEAKS DB,2,HLIDDYGNTY,False,2830000.0,1.0,N
ELHRLQVSY,0.3,SB,,1435,ELHRLQVSY,32.46,1143.6036,9,4.8,572.8118,36.09,,1,10181,F120180817_KP_THP1_W632_Filter.raw,1,,P04150|GCR_HUMAN,,,PEAKS DB,2,ELHRLQVSY,False,4140000.0,1.0,N
QVADIDGQY,0.3,SB,,1741,QVADIDGQY,20.77,1007.4559,9,3.4,1008.4667,49.1,,1,15390,F120180817_KP_THP1_W632_Filter.raw,1,,P35222|CTNB1_HUMAN,,,PEAKS DB,1,QVADIDGQY,False,1990000.0,1.0,N
LFRDETLTY,0.3,SB,,1156,LFRDETLTY,27.05,1156.5764,9,4.2,579.2979,55.31,,1,17879,F120180817_KP_THP1_W632_Filter.raw,1,,O14975|S27A2_HUMAN,,,PEAKS DB,2,LFRDETLTY,False,4330000.0,1.0,N
KLFQGQLVL,0.3,SB,,1555,KLFQGQLVL,26.51,1044.6332,9,2.1,1045.6427,66.11,46200000.0,33,21564,F120180817_KP_THP1_BB72_Filter.raw,2,2.0,O94782|UBP1_HUMAN,,,PEAKS DB,1,KLFQGQLVL,False,,,N
MQDKEHQSF,0.3,SB,,951,MQDKEHQSF,12.94,1149.4761,9,7.2,575.7495,47.26,,1,14654,F120180817_KP_THP1_W632_Filter.raw,1,,,Deamidation (NQ),Q7:Deamidation (NQ):17.25,PEAKS DB,2,MQDKEHQ(+.98)SF,False,1860000.0,1.0,N
IAKSGTKAF,0.3,SB,,1489,IAKSGTKAF,29.11,921.5283,9,4.3,461.7734,21.18,,1,4232,F120180817_KP_THP1_W632_Filter.raw,1,,P08238|HS90B_HUMAN,,,PEAKS DB,2,IAKSGTKAF,False,1280000.0,1.0,N
EQRLILQY,0.3,SB,,669,EQRLILQY,24.15,1061.5869,8,3.3,531.8025,55.44,,1,17933,F120180817_KP_THP1_W632_Filter.raw,1,,Q9Y4B6|VPRBP_HUMAN,,,PEAKS DB,2,EQRLILQY,False,6230000.0,1.0,N
NMNDLVSEY,0.3,SB,,1439,NMNDLVSEY,21.27,1083.4542,9,2.8,542.7359,69.15,,1,23412,F120180817_KP_THP1_W632_Filter.raw,2,,P04350|TBB4A_HUMAN:P07437|TBB5_HUMAN:P68371|TBB4B_HUMAN:Q13885|TBB2A_HUMAN:Q9BVA1|TBB2B_HUMAN,,,PEAKS DB,2,NMNDLVSEY,False,11900000.0,2.0,N
IQRTPKIQVY,0.3,SB,,2771,IQRTPKIQVY,38.36,1244.7241,10,3.5,623.3715,33.66,53300000.0,33,8618,F120180817_KP_THP1_BB72_Filter.raw,2,2.0,P61769|B2MG_HUMAN,,,PEAKS DB,2,IQRTPKIQVY,False,,,N
HMHNRFVVY,0.3,SB,,1653,HMHNRFVVY,31.94,1217.5764,9,3.7,609.7977,28.92,,1,7311,F120180817_KP_THP1_W632_Filter.raw,1,,P25098|ARBK1_HUMAN:P35626|ARBK2_HUMAN,Oxidation (M),M2:Oxidation (M):1000.00,PEAKS DB,2,HM(+15.99)HNRFVVY,False,9030000.0,1.0,N
AAQEGAVAF,0.3,SB,,1212,AAQEGAVAF,25.51,862.4185,9,4.4,863.4295,50.47,,1,15939,F120180817_KP_THP1_W632_Filter.raw,1,,O15533|TPSN_HUMAN,,,PEAKS DB,1,AAQEGAVAF,False,2690000.0,1.0,N
VEKAPQETY,0.3,SB,,1971,VEKAPQETY,33.35,1063.5186,9,4.1,532.7687,25.44,,1,5920,F120180817_KP_THP1_W632_Filter.raw,1,,P62191|PRS4_HUMAN,,,PEAKS DB,2,VEKAPQETY,False,2230000.0,1.0,N
HLQFPGAVY,0.3,SB,,1933,HLQFPGAVY,34.34,1030.5236,9,4.5,1031.5355,59.66,,1,19610,F120180817_KP_THP1_W632_Filter.raw,2,,P55211|CASP9_HUMAN,,,PEAKS DB,1,HLQFPGAVY,False,12500000.0,2.0,N
YLGEFSITY,0.3,SB,,1989,YLGEFSITY,26.81,1091.5175,9,5.4,1092.5306,88.31,,1,31043,F120180817_KP_THP1_W632_Filter.raw,1,,P62841|RS15_HUMAN,,,PEAKS DB,1,YLGEFSITY,False,7960000.0,1.0,N
ELKSRGVAY,0.3,SB,,1997,ELKSRGVAY,20.64,1021.5556,9,4.8,511.7875,24.42,,1,5513,F120180817_KP_THP1_W632_Filter.raw,1,,P63272|SPT4H_HUMAN,,,PEAKS DB,2,ELKSRGVAY,False,806000.0,1.0,N
TSKKDLTEY,0.3,SB,,1157,TSKKDLTEY,31.25,1083.5448,9,3.6,542.7816,23.31,,1,5081,F120180817_KP_THP1_W632_Filter.raw,1,,O14979|HNRDL_HUMAN,,,PEAKS DB,2,TSKKDLTEY,False,3200000.0,1.0,N
NQRLAYVTY,0.3,SB,,1133,NQRLAYVTY,28.67,1126.5771,9,3.7,564.2979,44.61,,1,13590,F120180817_KP_THP1_W632_Filter.raw,1,,O00716|E2F3_HUMAN,,,PEAKS DB,2,NQRLAYVTY,False,1520000.0,1.0,N
RPKKPGQSF,0.3,SB,,1169,RPKKPGQSF,38.92,1043.5875,9,4.0,522.8031,19.4,,1,3524,F120180817_KP_THP1_W632_Filter.raw,1,,O15042|SR140_HUMAN,,,PEAKS DB,2,RPKKPGQSF,False,26000000.0,1.0,N
YIKPNGNQM,0.3,SB,,757,YIKPNGNQM,13.24,1064.4961,9,3.8,533.2573,30.62,,1,7988,F120180817_KP_THP1_W632_Filter.raw,1,,,Deamidation (NQ),Q8:Deamidation (NQ):7.77,PEAKS DB,2,YIKPNGNQ(+.98)M,False,1950000.0,1.0,N
KLLQLQEVF,0.3,SB,,447,KLLQLQEVF,18.1,1116.6543,9,2.9,1117.6648,72.58,5130000.0,33,24141,F120180817_KP_THP1_BB72_Filter.raw,1,1.0,,,,PEAKS DB,1,KLLQLQEVF,False,,,N
YPKKLVQTY,0.4,SB,,2119,YPKKLVQTY,16.24,1138.6387,9,1.6,570.3275,29.8,758000.0,33,7078,F120180817_KP_THP1_BB72_Filter.raw,1,1.0,P23258|TBG1_HUMAN,,,PEAKS DB,2,YPKKLVQTY,False,,,N
YGYRQSVTY,0.4,SB,,1484,YGYRQSVTY,33.84,1135.5298,9,4.4,568.7747,35.83,,1,10076,F120180817_KP_THP1_W632_Filter.raw,1,,P08174|DAF_HUMAN,,,PEAKS DB,2,YGYRQSVTY,False,2990000.0,1.0,N
NLYRQLISY,0.4,SB,,1726,NLYRQLISY,32.74,1168.624,9,4.6,585.322,62.04,,1,20568,F120180817_KP_THP1_W632_Filter.raw,1,,P33991|MCM4_HUMAN,,,PEAKS DB,2,NLYRQLISY,False,1760000.0,1.0,N
YLKMGDLYY,0.4,SB,,2510,YLKMGDLYY,17.03,1180.5474,9,4.8,591.2838,49.52,,1,15558,F120180817_KP_THP1_W632_Filter.raw,1,,Q68CR1|SE1L3_HUMAN,Oxidation (M),M4:Oxidation (M):1000.00,PEAKS DB,2,YLKM(+15.99)GDLYY,False,2150000.0,1.0,N
FMNTELAAF,0.4,SB,,1719,FMNTELAAF,23.53,1058.4742,9,3.9,530.2465,74.17,,1,25422,F120180817_KP_THP1_W632_Filter.raw,2,,P31949|S10AB_HUMAN,Oxidation (M),M2:Oxidation (M):1000.00,PEAKS DB,2,FM(+15.99)NTELAAF,False,20800000.0,2.0,N
QQWGNKPQY,0.4,SB,,743,QQWGNKPQY,12.38,1147.5410000000004,9,-6.4,574.7741,46.29,,1,14262,F120180817_KP_THP1_W632_Filter.raw,1,,,,,PEAKS DB,2,QQWGNKPQY,False,8430000.0,1.0,N
EQRKVYQY,0.4,SB,,331,EQRKVYQY,28.61,1112.5614,8,3.8,557.2901,23.88,,1,5302,F120180817_KP_THP1_W632_Filter.raw,1,,O60315|ZEB2_HUMAN,,,PEAKS DB,2,EQRKVYQY,False,49300000.0,1.0,N
YAYDSNSPY,0.4,SB,,2827,YAYDSNSPY,21.35,1078.4243,9,2.3,1079.4341,48.72,,1,15239,F120180817_KP_THP1_W632_Filter.raw,1,,Q8NHL6|LIRB1_HUMAN,,,PEAKS DB,1,YAYDSNSPY,False,1020000.0,1.0,N
YARDDLSLY,0.4,SB,,2583,YARDDLSLY,24.77,1114.5294,9,4.2,558.2744,52.89,,1,16908,F120180817_KP_THP1_W632_Filter.raw,1,,Q6ZRI6|CO039_HUMAN,,,PEAKS DB,2,YARDDLSLY,False,4480000.0,1.0,N
ILRTDNISF,0.4,SB,,1645,ILRTDNISF,23.48,1077.5818,9,3.9,539.8003,56.54,,1,18373,F120180817_KP_THP1_W632_Filter.raw,1,,P23458|JAK1_HUMAN,,,PEAKS DB,2,ILRTDNISF,False,7290000.0,1.0,N
MLFEERNHF,0.4,SB,,745,MLFEERNHF,14.81,1237.5549,9,4.7,619.7877,39.45,,1,11525,F120180817_KP_THP1_W632_Filter.raw,2,,,Oxidation (M),M1:Oxidation (M):1000.00,PEAKS DB,2,M(+15.99)LFEERNHF,False,1160000.0,2.0,N
MQYPGRSLVF,0.4,SB,,4108,MQYPGRSLVF,36.54,1212.5961,10,4.3,607.3079,55.15,,1,17815,F120180817_KP_THP1_W632_Filter.raw,1,,Q9GZR7|DDX24_HUMAN,Oxidation (M),M1:Oxidation (M):1000.00,PEAKS DB,2,M(+15.99)QYPGRSLVF,False,7220000.0,1.0,N
IMKIDIEKF,0.4,SB,,2599,IMKIDIEKF,33.31,1135.6311,9,3.4,568.8248,57.08,,1,18584,F120180817_KP_THP1_W632_Filter.raw,1,,Q7KZ85|SPT6H_HUMAN,,,PEAKS DB,2,IMKIDIEKF,False,802000.0,1.0,N
IAREEASNF,0.4,SB,,1663,IAREEASNF,26.65,1035.4985,9,4.6,518.7589,29.66,,1,7605,F120180817_KP_THP1_W632_Filter.raw,1,,P25788|PSA3_HUMAN,,,PEAKS DB,2,IAREEASNF,False,1650000.0,1.0,N
QARIEIESF,0.4,SB,,1526,QARIEIESF,31.29,1091.561,9,4.1,1092.5728,54.29,,1,17471,F120180817_KP_THP1_W632_Filter.raw,1,,P11021|GRP78_HUMAN,,,PEAKS DB,1,QARIEIESF,False,326000000.0,1.0,N
YLRPGQAAAF,0.4,SB,,3852,YLRPGQAAAF,18.99,1092.5715,10,5.5,547.2959999999998,43.33,,1,13075,F120180817_KP_THP1_W632_Filter.raw,1,,P05107|ITB2_HUMAN,,,PEAKS DB,2,YLRPGQAAAF,False,904000.0,1.0,N
RIHEVLSVL,0.4,SB,,293,RIHEVLSVL,14.45,1144.6006,9,-0.4,573.3073,20.07,1060000.0,33,3394,F120180817_KP_THP1_BB72_Filter.raw,1,1.0,,Phosphorylation (STY),S7:Phosphorylation (STY):1000.00,PEAKS DB,2,RIHEVLS(+79.97)VL,False,,,N
QSFTGSRTY,0.4,SB,,3250,QSFTGSRTY,28.78,1045.4829,9,4.4,523.751,29.02,,1,7350,F120180817_KP_THP1_W632_Filter.raw,1,,Q9GZY6|NTAL_HUMAN,,,PEAKS DB,2,QSFTGSRTY,False,3640000.0,1.0,N
YPQPPSQSY,0.4,SB,,1626,YPQPPSQSY,29.22,1065.4767,9,3.3,533.7474,45.72,,1,14033,F120180817_KP_THP1_W632_Filter.raw,2,,P20073|ANXA7_HUMAN,,,PEAKS DB,2,YPQPPSQSY,False,5560000.0,2.0,N
MARYEREQY,0.4,SB,,3155,MARYEREQY,29.54,1260.5557,9,3.9,631.2875,21.81,,1,4486,F120180817_KP_THP1_W632_Filter.raw,2,,Q9BQ04|RBM4B_HUMAN:Q9BWF3|RBM4_HUMAN,Oxidation (M),M1:Oxidation (M):1000.00,PEAKS DB,2,M(+15.99)ARYEREQY,False,20800000.0,2.0,N
ELYHQSVVY,0.4,SB,,1213,ELYHQSVVY,27.66,1136.5502,9,3.5,569.2844,45.27,,1,13855,F120180817_KP_THP1_W632_Filter.raw,1,,O43156|TTI1_HUMAN,,,PEAKS DB,2,ELYHQSVVY,False,2120000.0,1.0,N
SGRKDQVAY,0.4,SB,,1131,SGRKDQVAY,22.04,1022.5145,9,3.9,512.2665,20.62,,1,4010,F120180817_KP_THP1_W632_Filter.raw,1,,O00629|IMA3_HUMAN,,,PEAKS DB,2,SGRKDQVAY,False,3990000.0,1.0,N
FIMPIEVHF,0.4,SB,,2959,FIMPIEVHF,27.78,1131.5786,9,1.8,566.7976,90.35,1070000.0,33,31262,F120180817_KP_THP1_BB72_Filter.raw,1,1.0,Q03111|ENL_HUMAN,,,PEAKS DB,2,FIMPIEVHF,False,,,N
QERGINESY,0.4,SB,,1870,QERGINESY,20.47,1094.4993,9,3.7,548.2589,27.35,,1,6683,F120180817_KP_THP1_W632_Filter.raw,1,,P50897|PPT1_HUMAN,,,PEAKS DB,2,QERGINESY,False,557000.0,1.0,N
KSKNPGEAL,0.4,SB,,1120,KSKNPGEAL,23.07,942.5134,9,3.7,472.2657,20.55,,1,3983,F120180817_KP_THP1_W632_Filter.raw,1,,O00329|PK3CD_HUMAN,,,PEAKS DB,2,KSKNPGEAL,False,784000.0,1.0,N
EVRQGLKAY,0.4,SB,,1351,EVRQGLKAY,32.18,1062.5822,9,2.6,532.2997,24.65,,1,5606,F120180817_KP_THP1_W632_Filter.raw,1,,O76003|GLRX3_HUMAN,,,PEAKS DB,2,EVRQGLKAY,False,18200000.0,1.0,N
TGRPEFVTY,0.4,SB,,789,TGRPEFVTY,19.47,1068.5239,9,2.6,535.2706,44.01,,1,13346,F120180817_KP_THP1_W632_Filter.raw,1,,,,,PEAKS DB,2,TGRPEFVTY,False,1300000.0,1.0,N
AGHLSTAQY,0.4,SB,,2079,AGHLSTAQY,29.77,946.4508,9,4.3,474.2347,26.52,,1,6351,F120180817_KP_THP1_W632_Filter.raw,1,,Q04637|IF4G1_HUMAN,,,PEAKS DB,2,AGHLSTAQY,False,11400000.0,1.0,N
ELAKQVIEY,0.4,SB,,1827,ELAKQVIEY,28.38,1091.5862,9,3.3,546.8022,46.87,,1,14493,F120180817_KP_THP1_W632_Filter.raw,1,,P48556|PSMD8_HUMAN,,,PEAKS DB,2,ELAKQVIEY,False,9360000.0,1.0,N
YGKLEAVQY,0.4,SB,,1420,YGKLEAVQY,30.44,1069.5444,9,4.8,1070.5569,42.43,,1,12714,F120180817_KP_THP1_W632_Filter.raw,2,,P01040|CYTA_HUMAN,,,PEAKS DB,1,YGKLEAVQY,False,32400000.0,2.0,N
LLAQPGEAL,0.4,SB,,3455,LLAQPGEAL,23.44,910.5123,9,4.8,911.524,61.47,,1,20338,F120180817_KP_THP1_W632_Filter.raw,2,,Q9NYB0|TE2IP_HUMAN,,,PEAKS DB,1,LLAQPGEAL,False,11800000.0,2.0,N
EMKETIIAF,0.4,SB,,794,EMKETIIAF,16.74,1096.5474,9,5.1,549.2838,59.8,,1,19669,F120180817_KP_THP1_W632_Filter.raw,1,,,Oxidation (M),M2:Oxidation (M):1000.00,PEAKS DB,2,EM(+15.99)KETIIAF,False,6500000.0,1.0,N
YTGPSHHSY,0.4,SB,,2946,YTGPSHHSY,25.26,1047.441,9,4.1,524.7299,20.47,,1,3950,F120180817_KP_THP1_W632_Filter.raw,1,,Q92794|KAT6A_HUMAN,,,PEAKS DB,2,YTGPSHHSY,False,500000.0,1.0,N
QGILETQEY,0.4,SB,,819,QGILETQEY,17.31,1079.5134,9,2.9,540.7656,60.13,,1,19800,F120180817_KP_THP1_W632_Filter.raw,1,,,,,PEAKS DB,2,QGILETQEY,False,467000.0,1.0,N
GSRENSLLY,0.4,SB,,2668,GSRENSLLY,13.46,1037.5142,9,5.7,519.7673,38.4,,1,11104,F120180817_KP_THP1_W632_Filter.raw,1,,Q86TI2|DPP9_HUMAN,,,PEAKS DB,2,GSRENSLLY,False,1270000.0,1.0,N
FANLPNQVY,0.4,SB,,2368,FANLPNQVY,19.88,1064.5291,9,5.0,1065.5416,67.63,,1,22806,F120180817_KP_THP1_W632_Filter.raw,1,,Q16181|SEPT7_HUMAN,,,PEAKS DB,1,FANLPNQVY,False,5010000.0,1.0,N
KQYGNEVFL,0.4,SB,,2586,KQYGNEVFL,29.47,1096.5553,9,3.0,549.2866,49.23,76800000.0,33,14828,F120180817_KP_THP1_BB72_Filter.raw,2,2.0,P50990|TCPQ_HUMAN,,,PEAKS DB,2,KQYGNEVFL,False,,,N
FLRDWDSPY,0.4,SB,,2706,FLRDWDSPY,25.96,1197.5454,9,3.5,599.7821,64.18,,1,21425,F120180817_KP_THP1_W632_Filter.raw,1,,Q8IV08|PLD3_HUMAN,,,PEAKS DB,2,FLRDWDSPY,False,1230000.0,1.0,N
QGYGQQNQY,0.4,SB,,1754,QGYGQQNQY,34.86,1084.4574,9,4.3,1085.4694,30.47,,1,7929,F120180817_KP_THP1_W632_Filter.raw,2,,P35637|FUS_HUMAN,,,PEAKS DB,1,QGYGQQNQY,False,40600000.0,2.0,N
TLFGNNKLTTF,0.4,SB,,2642,TLFGNNKLTTF,21.17,1254.6608,11,4.7,628.3406,66.86,2290000.0,33,21865,F120180817_KP_THP1_BB72_Filter.raw,1,1.0,P52948|NUP98_HUMAN,,,PEAKS DB,2,TLFGNNKLTTF,False,,,N
LAKQITSY,0.5,WB,,433,LAKQITSY,30.36,922.5123,8,4.2,462.2654,31.61,,1,8383,F120180817_KP_THP1_W632_Filter.raw,2,,P50990|TCPQ_HUMAN,,,PEAKS DB,2,LAKQITSY,False,8340000.0,2.0,N
YEIEWITEY,0.5,WB,,1535,YEIEWITEY,14.5,1244.5601,9,2.6,1245.5706,97.84,,1,34837,F120180817_KP_THP1_W632_Filter.raw,1,,P11717|MPRI_HUMAN,,,PEAKS DB,1,YEIEWITEY,False,1980000.0,1.0,N
EVSKIVQTY,0.5,WB,,1550,EVSKIVQTY,28.84,1065.5706,9,4.7,533.795,38.14,,1,10999,F120180817_KP_THP1_W632_Filter.raw,2,,P12814|ACTN1_HUMAN,,,PEAKS DB,2,EVSKIVQTY,False,12500000.0,2.0,N
YIHVELIGY,0.5,WB,,1399,YIHVELIGY,26.5,1105.5808,9,4.8,553.8004,71.14,,1,24208,F120180817_KP_THP1_W632_Filter.raw,2,,O95714|HERC2_HUMAN,,,PEAKS DB,2,YIHVELIGY,False,9770000.0,2.0,N
FGRPVIVAY,0.5,WB,,1445,FGRPVIVAY,26.01,1020.5756,9,2.7,511.2965,54.08,,1,17387,F120180817_KP_THP1_W632_Filter.raw,1,,P04843|RPN1_HUMAN,,,PEAKS DB,2,FGRPVIVAY,False,15200000.0,1.0,N
NMHRNVAQY,0.5,WB,,2845,NMHRNVAQY,23.09,1147.5193,9,4.6,574.7695,20.21,,1,3846,F120180817_KP_THP1_W632_Filter.raw,1,,Q8TDZ2|MICA1_HUMAN,Oxidation (M),M2:Oxidation (M):1000.00,PEAKS DB,2,NM(+15.99)HRNVAQY,False,323000.0,1.0,N
VGYPGRQYY,0.5,WB,,2846,VGYPGRQYY,36.7,1101.5243,9,4.3,551.7718,39.11,,1,11391,F120180817_KP_THP1_W632_Filter.raw,2,,Q8TEB9|RHBL4_HUMAN,,,PEAKS DB,2,VGYPGRQYY,False,142000000.0,2.0,N
TAKRSGAVF,0.5,WB,,2925,TAKRSGAVF,24.14,935.5188,9,3.2,468.7682,22.66,,1,4825,F120180817_KP_THP1_W632_Filter.raw,1,,Q92575|UBXN4_HUMAN,,,PEAKS DB,2,TAKRSGAVF,False,2970000.0,1.0,N
MGKPSILTY,0.5,WB,,3217,MGKPSILTY,23.72,1024.5262,9,3.9,1025.5375,43.53,,1,13155,F120180817_KP_THP1_W632_Filter.raw,2,,Q9BXW7|CECR5_HUMAN,Oxidation (M),M1:Oxidation (M):1000.00,PEAKS DB,1,M(+15.99)GKPSILTY,False,16400000.0,2.0,N
EVRGAEIEY,0.5,WB,,2976,EVRGAEIEY,21.73,1064.5138,9,3.4,533.266,38.49,,1,11143,F120180817_KP_THP1_W632_Filter.raw,1,,Q969H8|MYDGF_HUMAN,,,PEAKS DB,2,EVRGAEIEY,False,3070000.0,1.0,N
GQSELTLLL,0.5,WB,,3905,GQSELTLLL,18.49,972.5491,9,4.2,973.5605,93.16,4330000.0,33,32392,F120180817_KP_THP1_BB72_Filter.raw,1,1.0,Q7L1Q6|BZW1_HUMAN,,,PEAKS DB,1,GQSELTLLL,False,,,N
ESRQITQVY,0.5,WB,,1134,ESRQITQVY,28.17,1122.5669,9,4.4,562.2932,34.78,,1,9653,F120180817_KP_THP1_W632_Filter.raw,2,,O00743|PPP6_HUMAN:P60510|PP4C_HUMAN:P62714|PP2AB_HUMAN:P67775|PP2AA_HUMAN,,,PEAKS DB,2,ESRQITQVY,False,21200000.0,2.0,N
TAIREAQTF,0.5,WB,,3528,TAIREAQTF,30.61,1035.5349,9,4.6,518.7771,34.31,,1,9465,F120180817_KP_THP1_W632_Filter.raw,1,,Q9UIG0|BAZ1B_HUMAN,,,PEAKS DB,2,TAIREAQTF,False,2030000.0,1.0,N
SARAGETRF,0.5,WB,,1557,SARAGETRF,21.34,993.4991,9,5.0,497.7593,21.28,,1,4276,F120180817_KP_THP1_W632_Filter.raw,1,,P13639|EF2_HUMAN,,,PEAKS DB,2,SARAGETRF,False,488000.0,1.0,N
AFKPGDLVF,0.5,WB,,2641,AFKPGDLVF,24.91,992.5331,9,4.8,497.2762,70.75,,1,24056,F120180817_KP_THP1_W632_Filter.raw,1,,Q7Z4V5|HDGR2_HUMAN,,,PEAKS DB,2,AFKPGDLVF,False,2090000.0,1.0,N
YPQGQGQQY,0.5,WB,,2337,YPQGQGQQY,27.73,1067.4672,9,4.7,534.7433,31.31,,1,8260,F120180817_KP_THP1_W632_Filter.raw,1,,Q15532|SSXT_HUMAN,,,PEAKS DB,2,YPQGQGQQY,False,1030000.0,1.0,N
NVYDFKTTY,0.5,WB,,3351,NVYDFKTTY,32.67,1149.5342,9,4.3,575.7769,53.06,,1,16975,F120180817_KP_THP1_W632_Filter.raw,2,,Q9NP77|SSU72_HUMAN,,,PEAKS DB,2,NVYDFKTTY,False,25400000.0,2.0,N
YAVSTLTTY,0.5,WB,,2363,YAVSTLTTY,13.67,1017.5019,9,4.6,1018.5139,63.45,,1,21133,F120180817_KP_THP1_W632_Filter.raw,2,,Q15904|VAS1_HUMAN,,,PEAKS DB,1,YAVSTLTTY,False,9310000.0,2.0,N
KQIQEDWEL,0.5,WB,,509,KQIQEDWEL,19.0,1187.5823,9,3.0,594.8002,55.83,1180000.0,33,17464,F120180817_KP_THP1_BB72_Filter.raw,1,1.0,,,,PEAKS DB,2,KQIQEDWEL,False,,,N
LAQTTRTAY,0.5,WB,,1877,LAQTTRTAY,24.99,1023.5349,9,4.1,1024.5464,25.26,,1,5849,F120180817_KP_THP1_W632_Filter.raw,1,,P50990|TCPQ_HUMAN,,,PEAKS DB,1,LAQTTRTAY,False,6560000.0,1.0,N
SPMPTVSSY,0.5,WB,,1770,SPMPTVSSY,28.59,967.4321,9,5.5,968.4446,54.48,,1,17546,F120180817_KP_THP1_W632_Filter.raw,1,,P39880|CUX1_HUMAN,,,PEAKS DB,1,SPMPTVSSY,False,8480000.0,1.0,N
HLPQIFSKY,0.5,WB,,2389,HLPQIFSKY,34.24,1131.6077,9,3.3,566.813,48.1,,1,14989,F120180817_KP_THP1_W632_Filter.raw,1,,Q1XH10|SKDA1_HUMAN,,,PEAKS DB,2,HLPQIFSKY,False,2160000.0,1.0,N
FIFSMGVVF,0.5,WB,,892,FIFSMGVVF,12.57,1045.5306,9,8.5,1046.5468,83.22,,1,29015,F120180817_KP_THP1_W632_Filter.raw,1,,,,,PEAKS DB,1,FIFSMGVVF,False,47900000.0,1.0,N
FLHHTLALY,0.5,WB,,1743,FLHHTLALY,27.1,1113.597,9,3.6,557.8078,46.36,,1,14289,F120180817_KP_THP1_W632_Filter.raw,1,,P35236|PTN7_HUMAN,,,PEAKS DB,2,FLHHTLALY,False,5600000.0,1.0,N
ILADMADVY,0.5,WB,,1733,ILADMADVY,12.34,1025.4739,9,3.2,513.7458,60.68,,1,20021,F120180817_KP_THP1_W632_Filter.raw,1,,P35221|CTNA1_HUMAN,Oxidation (M),M5:Oxidation (M):1000.00,PEAKS DB,2,ILADM(+15.99)ADVY,False,793000.0,1.0,N
HLITFETEVY,0.5,WB,,3906,HLITFETEVY,33.2,1250.6183,10,4.7,626.3193,67.19,,1,22633,F120180817_KP_THP1_W632_Filter.raw,2,,P40763|STAT3_HUMAN,,,PEAKS DB,2,HLITFETEVY,False,13900000.0,2.0,N
MVNPFAYEEY,0.5,WB,,4095,MVNPFAYEEY,24.56,1277.5275,10,4.9,639.7742,78.06,,1,26964,F120180817_KP_THP1_W632_Filter.raw,1,,Q9BSC4|NOL10_HUMAN,Oxidation (M),M1:Oxidation (M):1000.00,PEAKS DB,2,M(+15.99)VNPFAYEEY,False,1830000.0,1.0,N
HLVLETISF,0.5,WB,,3712,HLVLETISF,29.54,1057.5808,9,3.4,1058.5917,76.51,,1,26347,F120180817_KP_THP1_W632_Filter.raw,2,,Q9Y6G5|COMDA_HUMAN,,,PEAKS DB,1,HLVLETISF,False,5940000.0,2.0,N
MAKENMVTF,0.5,WB,,2560,MAKENMVTF,27.27,1101.4835,9,4.5,1102.4957,32.07,,1,8564,F120180817_KP_THP1_W632_Filter.raw,3,,Q6T4P5|PLPR3_HUMAN,Oxidation (M),M1:Oxidation (M):1000.00;M6:Oxidation (M):1000.00,PEAKS DB,1,M(+15.99)AKENM(+15.99)VTF,False,88000000.0,3.0,N
QGRSTGEAF,0.5,WB,,1937,QGRSTGEAF,26.97,951.441,9,4.3,476.7298,24.62,,1,5595,F120180817_KP_THP1_W632_Filter.raw,1,,P55795|HNRH2_HUMAN:P31943|HNRH1_HUMAN,,,PEAKS DB,2,QGRSTGEAF,False,5130000.0,1.0,N
EMHKNKLQY,0.5,WB,,2013,EMHKNKLQY,22.41,1205.5863,9,3.8,603.8027,20.08,,1,3795,F120180817_KP_THP1_W632_Filter.raw,1,,P78527|PRKDC_HUMAN,Oxidation (M),M2:Oxidation (M):1000.00,PEAKS DB,2,EM(+15.99)HKNKLQY,False,1060000.0,1.0,N
FFRAEELEY,0.5,WB,,2662,FFRAEELEY,27.63,1202.5608,9,5.6,602.2909999999998,60.19,,1,19823,F120180817_KP_THP1_W632_Filter.raw,1,,Q86T82|UBP37_HUMAN,,,PEAKS DB,2,FFRAEELEY,False,6820000.0,1.0,N
QGKDLLIAY,0.5,WB,,1703,QGKDLLIAY,20.45,1019.5651,9,4.6,510.7922,55.23,,1,17848,F120180817_KP_THP1_W632_Filter.raw,1,,P30101|PDIA3_HUMAN,,,PEAKS DB,2,QGKDLLIAY,False,9020000.0,1.0,N
ELKEEKTLF,0.6,WB,,1848,ELKEEKTLF,18.06,1135.6124,9,4.1,568.8158,38.79,,1,11263,F120180817_KP_THP1_W632_Filter.raw,1,,P49454|CENPF_HUMAN,,,PEAKS DB,2,ELKEEKTLF,False,1600000.0,1.0,N
RPREIINTY,0.6,WB,,3343,RPREIINTY,32.86,1160.6301,9,4.2,581.3248,29.82,,1,7669,F120180817_KP_THP1_W632_Filter.raw,1,,Q9HCS7|SYF1_HUMAN,,,PEAKS DB,2,RPREIINTY,False,28100000.0,1.0,N
ISAPDRPSY,0.6,WB,,769,ISAPDRPSY,13.85,1004.4927,9,3.9,503.2556,28.96,,1,7324,F120180817_KP_THP1_W632_Filter.raw,1,,,,,PEAKS DB,2,ISAPDRPSY,False,2740000.0,1.0,N
FIFREGDGVYY,0.6,WB,,4291,FIFREGDGVYY,32.21,1364.64,11,4.5,683.3303,68.61,,1,23200,F120180817_KP_THP1_W632_Filter.raw,1,,Q8N7H5|PAF1_HUMAN,,,PEAKS DB,2,FIFREGDGVYY,False,2440000.0,1.0,N
EIMREGSAF,0.6,WB,,1245,EIMREGSAF,19.89,1054.4753,9,4.4,528.2473,31.65,,1,8396,F120180817_KP_THP1_W632_Filter.raw,1,,O60216|RAD21_HUMAN,Oxidation (M),M3:Oxidation (M):1000.00,PEAKS DB,2,EIM(+15.99)REGSAF,False,4370000.0,1.0,N
QGYGQASQSY,0.6,WB,,4070,QGYGQASQSY,31.48,1087.457,10,3.8,544.7379,32.88,,1,8890,F120180817_KP_THP1_W632_Filter.raw,1,,Q92804|RBP56_HUMAN,,,PEAKS DB,2,QGYGQASQSY,False,1840000.0,1.0,N
KLVDFVIHF,0.6,WB,,2718,KLVDFVIHF,38.88,1116.6332,9,3.0,559.3256,75.54,17000000.0,33,25324,F120180817_KP_THP1_BB72_Filter.raw,1,1.0,P59998|ARPC4_HUMAN,,,PEAKS DB,2,KLVDFVIHF,False,,,N
HLVAVFNEY,0.6,WB,,1878,HLVAVFNEY,31.71,1090.5447,9,4.9,546.2823,60.33,,1,19881,F120180817_KP_THP1_W632_Filter.raw,1,,P50995|ANX11_HUMAN,,,PEAKS DB,2,HLVAVFNEY,False,21400000.0,1.0,N
MMNVSKISF,0.6,WB,,3087,MMNVSKISF,34.99,1071.5093,9,4.0,536.764,53.25,,1,17052,F120180817_KP_THP1_W632_Filter.raw,1,,Q96QD8|S38A2_HUMAN,Oxidation (M),M1:Oxidation (M):8.69,PEAKS DB,2,M(+15.99)MNVSKISF,False,3490000.0,1.0,N
EAFREHQQY,0.6,WB,,3038,EAFREHQQY,34.07,1206.5417,9,4.1,604.2806,23.79,,1,5266,F120180817_KP_THP1_W632_Filter.raw,1,,Q96J88|ESIP1_HUMAN,,,PEAKS DB,2,EAFREHQQY,False,7370000.0,1.0,N
WVKLERIQF,0.6,WB,,2231,WVKLERIQF,27.59,1217.692,9,5.3,609.8565,59.64,,1,19604,F120180817_KP_THP1_W632_Filter.raw,2,,Q14204|DYHC1_HUMAN,,,PEAKS DB,2,WVKLERIQF,False,3120000.0,2.0,N
RLYEAYLPETF,0.6,WB,,4346,RLYEAYLPETF,17.94,1400.6975,11,9.2,701.3625,73.93,450000.0,33,24681,F120180817_KP_THP1_BB72_Filter.raw,1,1.0,Q8WU79|SMAP2_HUMAN,,,PEAKS DB,2,RLYEAYLPETF,False,,,N
RPAPVEVTY,0.6,WB,,2975,RPAPVEVTY,23.29,1030.5447,9,3.9,516.2816,38.05,,1,10965,F120180817_KP_THP1_W632_Filter.raw,1,,Q93096|TP4A1_HUMAN,,,PEAKS DB,2,RPAPVEVTY,False,1190000.0,1.0,N
RPYDGAASAY,0.6,WB,,3820,RPYDGAASAY,27.69,1069.4828,10,4.4,535.751,30.02,,1,7750,F120180817_KP_THP1_W632_Filter.raw,1,,O15027|SC16A_HUMAN,,,PEAKS DB,2,RPYDGAASAY,False,5650000.0,1.0,N
SGYPGPQVSY,0.6,WB,,3823,SGYPGPQVSY,35.83,1053.4767,10,4.3,1054.4885,55.2,,1,17836,F120180817_KP_THP1_W632_Filter.raw,2,,O15162|PLS1_HUMAN,,,PEAKS DB,1,SGYPGPQVSY,False,12000000.0,2.0,N
YPHSPGSQY,0.6,WB,,2972,YPHSPGSQY,13.63,1114.4121,9,3.3,558.2151,33.36,,1,9084,F120180817_KP_THP1_W632_Filter.raw,1,,Q93008|USP9X_HUMAN,Phosphorylation (STY),S4:Phosphorylation (STY):9.42,PEAKS DB,2,YPHS(+79.97)PGSQY,False,1270000.0,1.0,N
RLGPAGASL,0.6,WB,,1890,RLGPAGASL,20.41,840.4817,9,2.9,421.2493,36.48,2080000.0,33,9740,F120180817_KP_THP1_BB72_Filter.raw,1,1.0,P0CG40|SP9_HUMAN:Q8IXZ3|SP8_HUMAN,,,PEAKS DB,2,RLGPAGASL,False,,,N
NVSPQISKY,0.6,WB,,2401,NVSPQISKY,25.19,1034.5397,9,5.2,518.2798,32.99,,1,8934,F120180817_KP_THP1_W632_Filter.raw,1,,Q32P41|TRM5_HUMAN,,,PEAKS DB,2,NVSPQISKY,False,1500000.0,1.0,N
IERLVIQSY,0.6,WB,,3675,IERLVIQSY,30.66,1119.6288,9,4.4,560.8242,52.79,,1,16868,F120180817_KP_THP1_W632_Filter.raw,1,,Q9Y547|IFT25_HUMAN,,,PEAKS DB,2,IERLVIQSY,False,2810000.0,1.0,N
EVIFSLETY,0.6,WB,,1495,EVIFSLETY,20.91,1099.5437,9,4.4,1100.5558,93.35,,1,33050,F120180817_KP_THP1_W632_Filter.raw,2,,P08243|ASNS_HUMAN,,,PEAKS DB,1,EVIFSLETY,False,33000000.0,2.0,N
GGYGGRSRY,0.6,WB,,1637,GGYGGRSRY,22.96,971.4573,9,3.9,486.7378,19.9,,1,3722,F120180817_KP_THP1_W632_Filter.raw,1,,P22626|ROA2_HUMAN,,,PEAKS DB,2,GGYGGRSRY,False,7320000.0,1.0,N
YAKSSVGETVY,0.6,WB,,4206,YAKSSVGETVY,33.45,1202.5819,11,4.4,602.3009,32.73,,1,8829,F120180817_KP_THP1_W632_Filter.raw,1,,O00267|SPT5H_HUMAN,,,PEAKS DB,2,YAKSSVGETVY,False,3860000.0,1.0,N
HLAEWKSLEY,0.6,WB,,3947,HLAEWKSLEY,14.54,1274.6295,10,4.4,638.3248,69.87,,1,23704,F120180817_KP_THP1_W632_Filter.raw,1,,P78527|PRKDC_HUMAN,,,PEAKS DB,2,HLAEWKSLEY,False,1530000.0,1.0,N
EQLEKAITY,0.6,WB,,1828,EQLEKAITY,18.93,1093.5656,9,4.6,547.7925,43.04,,1,12956,F120180817_KP_THP1_W632_Filter.raw,1,,P48595|SPB10_HUMAN,,,PEAKS DB,2,EQLEKAITY,False,11600000.0,1.0,N
HSSSIVTAY,0.6,WB,,3661,HSSSIVTAY,33.27,963.4661,9,5.1,964.4783,34.29,,1,9456,F120180817_KP_THP1_W632_Filter.raw,1,,Q9Y4A5|TRRAP_HUMAN,,,PEAKS DB,1,HSSSIVTAY,False,3590000.0,1.0,N
VFMHVSTAY,0.6,WB,,2888,VFMHVSTAY,31.4,1069.4902,9,4.1,535.7546,36.89,,1,10502,F120180817_KP_THP1_W632_Filter.raw,2,,Q8WVX9|FACR1_HUMAN,Oxidation (M),M3:Oxidation (M):1000.00,PEAKS DB,2,VFM(+15.99)HVSTAY,False,14000000.0,2.0,N
YMKSEDPLF,0.6,WB,,1688,YMKSEDPLF,27.85,1144.511,9,3.3,573.2646,47.26,,1,14653,F120180817_KP_THP1_W632_Filter.raw,1,,P28340|DPOD1_HUMAN,Oxidation (M),M2:Oxidation (M):1000.00,PEAKS DB,2,YM(+15.99)KSEDPLF,False,8760000.0,1.0,N
NAIEGLTEY,0.6,WB,,1419,NAIEGLTEY,22.81,1008.4764,9,4.3,1009.488,66.75,,1,22455,F120180817_KP_THP1_W632_Filter.raw,2,,P01031|CO5_HUMAN,,,PEAKS DB,1,NAIEGLTEY,False,68600000.0,2.0,N
RPISPGLSY,0.6,WB,,2370,RPISPGLSY,26.62,1068.5005,9,4.0,535.2596,54.87,,1,17703,F120180817_KP_THP1_W632_Filter.raw,2,,Q16204|CCDC6_HUMAN,Phosphorylation (STY),S4:Phosphorylation (STY):33.81,PEAKS DB,2,RPIS(+79.97)PGLSY,False,19700000.0,2.0,N
DQFLQLSQY,0.6,WB,,1094,DQFLQLSQY,16.81,1140.5452,9,4.3,571.2823,88.37,,1,31069,F120180817_KP_THP1_W632_Filter.raw,1,,,,,PEAKS DB,2,DQFLQLSQY,False,1040000.0,1.0,N
RPKPGELAF,0.6,WB,,1786,RPKPGELAF,22.76,1013.5657,9,4.4,507.7924,33.68,,1,9213,F120180817_KP_THP1_W632_Filter.raw,1,,P42679|MATK_HUMAN,,,PEAKS DB,2,RPKPGELAF,False,1760000.0,1.0,N
SSKPWPDATY,0.6,WB,,4154,SSKPWPDATY,35.58,1150.5294,10,3.6,576.274,45.74,,1,14043,F120180817_KP_THP1_W632_Filter.raw,2,,Q9Y2W1|TR150_HUMAN,,,PEAKS DB,2,SSKPWPDATY,False,37800000.0,2.0,N
HERPEFIAY,0.6,WB,,1543,HERPEFIAY,23.65,1160.5614,9,5.0,581.2909,39.9,,1,11700,F120180817_KP_THP1_W632_Filter.raw,1,,P12074|CX6A1_HUMAN,,,PEAKS DB,2,HERPEFIAY,False,816000.0,1.0,N
TAADIFKQY,0.6,WB,,2762,TAADIFKQY,31.82,1055.5287,9,3.7,528.7736,55.34,,1,17892,F120180817_KP_THP1_W632_Filter.raw,1,,Q8N3U4|STAG2_HUMAN,,,PEAKS DB,2,TAADIFKQY,False,2860000.0,1.0,N
HVMKAMQSL,0.6,WB,,1811,HVMKAMQSL,25.96,1075.5154,9,3.2,538.7667,19.87,,1,3711,F120180817_KP_THP1_W632_Filter.raw,1,,P46783|RS10_HUMAN,Oxidation (M),M3:Oxidation (M):1000.00;M6:Oxidation (M):1000.00,PEAKS DB,2,HVM(+15.99)KAM(+15.99)QSL,False,1980000.0,1.0,N
IAINLLEAF,0.6,WB,,621,IAINLLEAF,18.36,1003.559,9,5.4,1004.5717,93.83,8130000.0,33,32660,F120180817_KP_THP1_BB72_Filter.raw,1,1.0,,Deamidation (NQ),N4:Deamidation (NQ):1000.00,PEAKS DB,1,IAIN(+.98)LLEAF,False,,,N
LGIKATSVY,0.6,WB,,2609,LGIKATSVY,25.09,950.5436,9,3.2,476.2806,43.62,,1,13192,F120180817_KP_THP1_W632_Filter.raw,1,,Q7L273|KCTD9_HUMAN,,,PEAKS DB,2,LGIKATSVY,False,2970000.0,1.0,N
MMKVVQVY,0.7,WB,,664,MMKVVQVY,22.3,1028.5034,8,4.6,515.2614,32.57,,1,8766,F120180817_KP_THP1_W632_Filter.raw,1,,Q9UPN9|TRI33_HUMAN,Oxidation (M),M1:Oxidation (M):1000.00;M2:Oxidation (M):1000.00,PEAKS DB,2,M(+15.99)M(+15.99)KVVQVY,False,2150000.0,1.0,N
AQSELDIYL,0.7,WB,,5284,AQSELDIYL,19.99,1050.5233,9,2.5,526.2703,84.17,53500000.0,33,28794,F120180817_KP_THP1_BB72_Filter.raw,2,2.0,Q9NTJ3|SMC4_HUMAN,,,PEAKS DB,2,AQSELDIYL,False,,,N
DLKDLGVAY,0.7,WB,,1064,DLKDLGVAY,17.24,992.5178,9,4.8,497.2686,67.25,,1,22656,F120180817_KP_THP1_W632_Filter.raw,1,,,,,PEAKS DB,2,DLKDLGVAY,False,805000.0,1.0,N
FAHDDSVMY,0.7,WB,,3585,FAHDDSVMY,26.0,1099.4281,9,4.9,550.724,35.51,,1,9946,F120180817_KP_THP1_W632_Filter.raw,1,,Q9UNX4|WDR3_HUMAN,Oxidation (M),M8:Oxidation (M):1000.00,PEAKS DB,2,FAHDDSVM(+15.99)Y,False,6900000.0,1.0,N
VLYEKDIQLF,0.7,WB,,5139,VLYEKDIQLF,31.33,1266.6859,10,3.4,634.3524,73.66,1680000.0,33,24570,F120180817_KP_THP1_BB72_Filter.raw,1,1.0,Q9H8T0|AKTIP_HUMAN,,,PEAKS DB,2,VLYEKDIQLF,False,,,N
HFKADLISY,0.7,WB,,3414,HFKADLISY,28.0,1092.5603,9,3.2,547.2892,46.07,,1,14175,F120180817_KP_THP1_W632_Filter.raw,1,,Q9NUW8|TYDP1_HUMAN,,,PEAKS DB,2,HFKADLISY,False,6490000.0,1.0,N
TMAFQNDVY,0.7,WB,,1138,TMAFQNDVY,32.22,1103.4594,9,3.7,552.739,53.01,,1,16955,F120180817_KP_THP1_W632_Filter.raw,2,,O00767|ACOD_HUMAN,Oxidation (M),M2:Oxidation (M):1000.00,PEAKS DB,2,TM(+15.99)AFQNDVY,False,2670000.0,2.0,N
RPIRLQVQY,0.7,WB,,2960,RPIRLQVQY,28.1,1171.6825,9,4.6,586.8512,37.21,,1,10630,F120180817_KP_THP1_W632_Filter.raw,1,,Q92900|RENT1_HUMAN,,,PEAKS DB,2,RPIRLQVQY,False,9670000.0,1.0,N
EAIQRTEAY,0.7,WB,,1166,EAIQRTEAY,32.31,1079.5247,9,4.8,1080.5371,28.06,,1,6965,F120180817_KP_THP1_W632_Filter.raw,2,,O15027|SC16A_HUMAN,,,PEAKS DB,1,EAIQRTEAY,False,31200000.0,2.0,N
WMYDYSYEKY,0.7,WB,,3903,WMYDYSYEKY,36.92,1462.5751,10,3.4,732.2973,58.19,,1,19025,F120180817_KP_THP1_W632_Filter.raw,1,,P35790|CHKA_HUMAN,Oxidation (M),M2:Oxidation (M):1000.00,PEAKS DB,2,WM(+15.99)YDYSYEKY,False,10700000.0,1.0,N
SPRSPSTTY,0.7,WB,,2145,SPRSPSTTY,25.01,994.4719,9,4.4,498.2454,23.4,,1,5116,F120180817_KP_THP1_W632_Filter.raw,1,,Q13111|CAF1A_HUMAN,,,PEAKS DB,2,SPRSPSTTY,False,723000.0,1.0,N
QEKDVFERY,0.7,WB,,2194,QEKDVFERY,18.06,1212.5774,9,-3.5,607.2938,51.93,,1,16523,F120180817_KP_THP1_W632_Filter.raw,2,,Q13618|CUL3_HUMAN,,,PEAKS DB,2,QEKDVFERY,False,72800000.0,2.0,N
NAAQTSVAY,0.7,WB,,1925,NAAQTSVAY,25.09,923.4348,9,4.2,462.7266,35.39,,1,9898,F120180817_KP_THP1_W632_Filter.raw,2,,P54136|SYRC_HUMAN,,,PEAKS DB,2,NAAQTSVAY,False,22400000.0,2.0,N
EMNPNYTEF,0.7,WB,,1862,EMNPNYTEF,29.88,1159.4492,9,4.5,580.7345,56.94,,1,18528,F120180817_KP_THP1_W632_Filter.raw,1,,P49841|GSK3B_HUMAN,Oxidation (M),M2:Oxidation (M):1000.00,PEAKS DB,2,EM(+15.99)NPNYTEF,False,4820000.0,1.0,N
ESIKSVVSY,0.7,WB,,1859,ESIKSVVSY,30.73,1010.5284,9,3.2,506.2731,43.64,,1,13199,F120180817_KP_THP1_W632_Filter.raw,2,,P49792|RBP2_HUMAN:P0DJD0|RGPD1_HUMAN:P0DJD1|RGPD2_HUMAN:Q7Z3J3|RGPD4_HUMAN:A6NKT7|RGPD3_HUMAN:Q99666|RGPD5_HUMAN:O14715|RGPD8_HUMAN,,,PEAKS DB,2,ESIKSVVSY,False,11600000.0,2.0,N
HARYTVLTY,0.7,WB,,2287,HARYTVLTY,21.52,1122.5822,9,4.3,562.3008,36.23,,1,10233,F120180817_KP_THP1_W632_Filter.raw,1,,Q14997|PSME4_HUMAN,,,PEAKS DB,2,HARYTVLTY,False,4690000.0,1.0,N
VPREATISY,0.7,WB,,1784,VPREATISY,31.25,1034.5397,9,4.3,1035.5514,36.98,,1,10537,F120180817_KP_THP1_W632_Filter.raw,2,,P42338|PK3CB_HUMAN,,,PEAKS DB,1,VPREATISY,False,46600000.0,2.0,N
HGKAIKVSY,0.7,WB,,1745,HGKAIKVSY,38.44,1001.5658,9,4.1,501.7922,22.39,,1,4717,F120180817_KP_THP1_W632_Filter.raw,2,,P35573|GDE_HUMAN,,,PEAKS DB,2,HGKAIKVSY,False,1730000.0,2.0,N
GPFPHHHSY,0.7,WB,,3715,GPFPHHHSY,28.77,1077.478,9,2.9,539.7479,22.05,,1,4582,F120180817_KP_THP1_W632_Filter.raw,1,,Q9Y6M1|IF2B2_HUMAN,,,PEAKS DB,2,GPFPHHHSY,False,479000.0,1.0,N
APYQPSAQSSY,0.7,WB,,4218,APYQPSAQSSY,37.55,1197.5302,11,4.6,599.7751,40.55,,1,11958,F120180817_KP_THP1_W632_Filter.raw,1,,O94855|SC24D_HUMAN,,,PEAKS DB,2,APYQPSAQSSY,False,2250000.0,1.0,N
NAISVTTSY,0.7,WB,,2543,NAISVTTSY,15.07,955.4498,9,5.2,956.462,62.86,,1,20897,F120180817_KP_THP1_W632_Filter.raw,1,,Q6PD62|CTR9_HUMAN,Deamidation (NQ),N1:Deamidation (NQ):1000.00,PEAKS DB,1,N(+.98)AISVTTSY,False,2780000.0,1.0,N
HAFGGNKASY,0.7,WB,,3970,HAFGGNKASY,41.25,1050.4883,10,3.6,1051.4994,22.51,,1,4765,F120180817_KP_THP1_W632_Filter.raw,2,,Q14562|DHX8_HUMAN,,,PEAKS DB,1,HAFGGNKASY,False,26300000.0,2.0,N
YPSPATTSY,0.7,WB,,1606,YPSPATTSY,17.07,985.4393,9,4.6,986.451,46.12,,1,14194,F120180817_KP_THP1_W632_Filter.raw,1,,P18146|EGR1_HUMAN,,,PEAKS DB,1,YPSPATTSY,False,1460000.0,1.0,N
APIDWGEEY,0.7,WB,,3122,APIDWGEEY,14.81,1078.4607,9,5.7,1079.4741,74.57,,1,25581,F120180817_KP_THP1_W632_Filter.raw,1,,Q96TA1|NIBL1_HUMAN,,,PEAKS DB,1,APIDWGEEY,False,2750000.0,1.0,N
YPRPPSKTY,0.7,WB,,1522,YPRPPSKTY,33.44,1107.5713,9,3.5,554.7949,26.4,,1,6304,F120180817_KP_THP1_W632_Filter.raw,1,,P10275|ANDR_HUMAN,,,PEAKS DB,2,YPRPPSKTY,False,15100000.0,1.0,N
YASSPGGVY,0.7,WB,,1502,YASSPGGVY,21.38,899.4025,9,4.9,900.4142,41.15,,1,12199,F120180817_KP_THP1_W632_Filter.raw,1,,P08670|VIME_HUMAN,,,PEAKS DB,1,YASSPGGVY,False,9220000.0,1.0,N
QLIDAQFNF,0.7,WB,,3816,QLIDAQFNF,20.7,1094.5397,9,2.8,1095.55,90.59,7150000.0,33,31359,F120180817_KP_THP1_BB72_Filter.raw,1,1.0,Q6PIY7|GLD2_HUMAN,,,PEAKS DB,1,QLIDAQFNF,False,,,N
TERELKVAY,0.7,WB,,3720,TERELKVAY,25.67,1107.5924,9,3.1,554.8052,30.13,1920000.0,33,7209,F120180817_KP_THP1_BB72_Filter.raw,1,1.0,Q63ZY3|KANK2_HUMAN,,,PEAKS DB,2,TERELKVAY,False,,,N
EVIKNFIQY,0.7,WB,,3622,EVIKNFIQY,28.35,1152.6179,9,4.0,577.3185,61.98,,1,20543,F120180817_KP_THP1_W632_Filter.raw,1,,Q9Y262|EIF3L_HUMAN,,,PEAKS DB,2,EVIKNFIQY,False,2910000.0,1.0,N
HAANQSYQY,0.7,WB,,1237,HAANQSYQY,30.64,1080.4624,9,3.6,541.2404,24.57,,1,5572,F120180817_KP_THP1_W632_Filter.raw,1,,O43707|ACTN4_HUMAN,,,PEAKS DB,2,HAANQSYQY,False,2040000.0,1.0,N
APHPRLSQY,0.7,WB,,1372,APHPRLSQY,33.08,1067.5511,9,3.9,534.7849,25.72,,1,6033,F120180817_KP_THP1_W632_Filter.raw,1,,O95149|SPN1_HUMAN,,,PEAKS DB,2,APHPRLSQY,False,5580000.0,1.0,N
HLYPNTPYAY,0.7,WB,,2175,HLYPNTPYAY,35.43,1237.5768,10,2.5,619.7972,49.95,2390000.0,33,15115,F120180817_KP_THP1_BB72_Filter.raw,1,1.0,P27695|APEX1_HUMAN,,,PEAKS DB,2,HLYPNTPYAY,False,,,N
YGFQEKEAF,0.7,WB,,2991,YGFQEKEAF,35.4,1117.5079,9,3.6,559.7632,48.59,,1,15184,F120180817_KP_THP1_W632_Filter.raw,1,,Q96BH1|RNF25_HUMAN,,,PEAKS DB,2,YGFQEKEAF,False,5400000.0,1.0,N
IGYMGQTAY,0.7,WB,,2949,IGYMGQTAY,23.66,1018.443,9,3.0,510.2303,47.22,,1,14637,F120180817_KP_THP1_W632_Filter.raw,2,,Q92841|DDX17_HUMAN,Oxidation (M),M4:Oxidation (M):1000.00,PEAKS DB,2,IGYM(+15.99)GQTAY,False,7640000.0,2.0,N
SMWIERTSF,0.7,WB,,2929,SMWIERTSF,19.65,1171.5332,9,5.1,586.7769,54.26,,1,17457,F120180817_KP_THP1_W632_Filter.raw,1,,Q92608|DOCK2_HUMAN,Oxidation (M),M2:Oxidation (M):1000.00,PEAKS DB,2,SM(+15.99)WIERTSF,False,735000.0,1.0,N
YGNPKNMAY,0.7,WB,,2924,YGNPKNMAY,34.13,1072.4647,9,4.5,537.2421,24.35,,1,5486,F120180817_KP_THP1_W632_Filter.raw,1,,Q92567|F168A_HUMAN,Oxidation (M),M7:Oxidation (M):1000.00,PEAKS DB,2,YGNPKNM(+15.99)AY,False,1280000.0,1.0,N
LPIPLQETY,0.7,WB,,2918,LPIPLQETY,25.04,1072.5804,9,4.0,1073.592,80.43,,1,27905,F120180817_KP_THP1_W632_Filter.raw,2,,Q92558|WASF1_HUMAN,,,PEAKS DB,1,LPIPLQETY,False,10400000.0,2.0,N
KQMEQISQFL,0.7,WB,,2317,KQMEQISQFL,31.54,1250.6329,10,3.2,626.3257,62.68,2650000.0,33,20194,F120180817_KP_THP1_BB72_Filter.raw,1,1.0,P37802|TAGL2_HUMAN,,,PEAKS DB,2,KQMEQISQFL,False,,,N
QGYPWRLAY,0.7,WB,,2831,QGYPWRLAY,28.54,1152.5715,9,4.2,577.2955,65.31,,1,21877,F120180817_KP_THP1_W632_Filter.raw,1,,Q8NI08|NCOA7_HUMAN,,,PEAKS DB,2,QGYPWRLAY,False,1320000.0,1.0,N
FVYKEEHPF,0.7,WB,,1373,FVYKEEHPF,25.73,1194.5709,9,6.6,598.2967,39.45,,1,11523,F120180817_KP_THP1_W632_Filter.raw,1,,O95166|GBRAP_HUMAN,,,PEAKS DB,2,FVYKEEHPF,False,1480000.0,1.0,N
TVKDDLSFAGY,0.8,WB,,4278,TVKDDLSFAGY,31.76,1214.5819,11,4.7,608.3011,62.85,,1,20893,F120180817_KP_THP1_W632_Filter.raw,1,,Q6IBS0|TWF2_HUMAN,,,PEAKS DB,2,TVKDDLSFAGY,False,1600000.0,1.0,N
MARDEKNYY,0.8,WB,,3648,MARDEKNYY,27.8,1188.5233,9,4.4,595.2715,23.46,,1,5141,F120180817_KP_THP1_W632_Filter.raw,1,,Q9Y3C1|NOP16_HUMAN,,,PEAKS DB,2,MARDEKNYY,False,1820000.0,1.0,N
KLQDFNVGDY,0.8,WB,,3806,KLQDFNVGDY,11.91,1197.5665,10,-6.9,599.7864,48.93,,1,15324,F120180817_KP_THP1_W632_Filter.raw,0,,,,,PEAKS DB,2,KLQDFNVGDY,False,0.0,0.0,N
SMAEVDAAM,0.8,WB,,2107,SMAEVDAAM,18.57,939.3677,9,3.0,940.3778,36.53,471000.0,33,9761,F120180817_KP_THP1_BB72_Filter.raw,1,1.0,P22626|ROA2_HUMAN,Oxidation (M),M9:Oxidation (M):27.25,PEAKS DB,1,SMAEVDAAM(+15.99),False,,,N
MARLPSVAF,0.8,WB,,2086,MARLPSVAF,21.88,990.532,9,5.0,496.2758,62.27,,1,20659,F120180817_KP_THP1_W632_Filter.raw,1,,Q04721|NOTC2_HUMAN,,,PEAKS DB,2,MARLPSVAF,False,889000.0,1.0,N
HSRNEGVATY,0.8,WB,,3901,HSRNEGVATY,34.12,1132.5261,10,4.5,567.2729,21.32,,1,4289,F120180817_KP_THP1_W632_Filter.raw,1,,P35222|CTNB1_HUMAN,,,PEAKS DB,2,HSRNEGVATY,False,7620000.0,1.0,N
MAAMPQTVY,0.8,WB,,2867,MAAMPQTVY,19.48,1026.4514,9,4.2,1027.463,44.44,,1,13520,F120180817_KP_THP1_W632_Filter.raw,1,,Q8WU79|SMAP2_HUMAN,Oxidation (M),M4:Oxidation (M):19.05,PEAKS DB,1,MAAM(+15.99)PQTVY,False,3360000.0,1.0,N
HLHMETSDF,0.8,WB,,3403,HLHMETSDF,32.86,1115.4706,9,4.2,558.7449,34.93,,1,9713,F120180817_KP_THP1_W632_Filter.raw,1,,Q9NU22|MDN1_HUMAN,,,PEAKS DB,2,HLHMETSDF,False,1180000.0,1.0,N
LSKTEFLSF,0.8,WB,,1720,LSKTEFLSF,34.4,1070.5648,9,4.5,1071.5769,67.37,,1,22702,F120180817_KP_THP1_W632_Filter.raw,2,,P31949|S10AB_HUMAN,,,PEAKS DB,1,LSKTEFLSF,False,49000000.0,2.0,N
MGRDPGVSF,0.8,WB,,1377,MGRDPGVSF,24.22,980.4385,9,4.3,491.2287,36.35,,1,10283,F120180817_KP_THP1_W632_Filter.raw,2,,O95229|ZWINT_HUMAN,Oxidation (M),M1:Oxidation (M):1000.00,PEAKS DB,2,M(+15.99)GRDPGVSF,False,21000000.0,2.0,N
VGRGRFTTY,0.8,WB,,1273,VGRGRFTTY,22.08,1055.5511,9,4.3,528.7851,26.62,,1,6389,F120180817_KP_THP1_W632_Filter.raw,1,,O60493|SNX3_HUMAN,,,PEAKS DB,2,VGRGRFTTY,False,5310000.0,1.0,N
LLLREELQAY,0.8,WB,,3971,LLLREELQAY,33.52,1246.6921,10,3.6,624.3556,63.08,,1,20984,F120180817_KP_THP1_W632_Filter.raw,1,,Q14674|ESPL1_HUMAN,,,PEAKS DB,2,LLLREELQAY,False,18200000.0,1.0,N
FPKPLPQEY,0.8,WB,,3052,FPKPLPQEY,28.47,1117.5807,9,5.0,559.8004,50.42,,1,15920,F120180817_KP_THP1_W632_Filter.raw,1,,Q96KR4|LMLN_HUMAN,,,PEAKS DB,2,FPKPLPQEY,False,1660000.0,1.0,N
ELYGNTFQLY,0.8,WB,,3982,ELYGNTFQLY,31.31,1246.5869,10,5.2,624.304,88.38,,1,31074,F120180817_KP_THP1_W632_Filter.raw,2,,Q15397|PUM3_HUMAN,,,PEAKS DB,2,ELYGNTFQLY,False,293000000.0,2.0,N
QGYPGQQQGY,0.8,WB,,3984,QGYPGQQQGY,25.14,1124.4886,10,4.4,1125.5009,37.77,,1,10854,F120180817_KP_THP1_W632_Filter.raw,1,,Q15532|SSXT_HUMAN,,,PEAKS DB,1,QGYPGQQQGY,False,8340000.0,1.0,N
SPKEKQLEY,0.8,WB,,1172,SPKEKQLEY,32.19,1120.5764,9,3.9,561.2977,23.63,,1,5208,F120180817_KP_THP1_W632_Filter.raw,1,,O15050|TRNK1_HUMAN,,,PEAKS DB,2,SPKEKQLEY,False,2050000.0,1.0,N
VGRFGQLTY,0.8,WB,,3095,VGRFGQLTY,22.23,1039.545,9,4.3,520.7819999999998,49.91,,1,15714,F120180817_KP_THP1_W632_Filter.raw,1,,Q96RP9|EFGM_HUMAN,,,PEAKS DB,2,VGRFGQLTY,False,2250000.0,1.0,N
EAREEKVVY,0.8,WB,,2784,EAREEKVVY,21.09,1121.5717,9,3.9,561.7953,24.47,,1,5533,F120180817_KP_THP1_W632_Filter.raw,2,,Q8N9Z2|CC71L_HUMAN,,,PEAKS DB,2,EAREEKVVY,False,20200000.0,2.0,N
HAIRLLLEY,0.8,WB,,1808,HAIRLLLEY,35.89,1126.6499,9,4.0,564.3345,56.52,,1,18363,F120180817_KP_THP1_W632_Filter.raw,1,,P46439|GSTM5_HUMAN:P09488|GSTM1_HUMAN:Q03013|GSTM4_HUMAN,,,PEAKS DB,2,HAIRLLLEY,False,6830000.0,1.0,N
QGYGYQQGY,0.8,WB,,3148,QGYGYQQGY,33.95,1062.4407,9,4.5,532.23,42.97,,1,12930,F120180817_KP_THP1_W632_Filter.raw,2,,Q99729|ROAA_HUMAN,,,PEAKS DB,2,QGYGYQQGY,False,20800000.0,2.0,N
DLKETNISY,0.8,WB,,1101,DLKETNISY,30.44,1081.5292,9,3.3,541.7736,46.04,,1,14162,F120180817_KP_THP1_W632_Filter.raw,2,,O00116|ADAS_HUMAN,,,PEAKS DB,2,DLKETNISY,False,14500000.0,2.0,N
HGIDPTGSY,0.8,WB,,2204,HGIDPTGSY,28.21,945.4192,9,4.5,473.719,34.11,,1,9386,F120180817_KP_THP1_W632_Filter.raw,1,,Q13885|TBB2A_HUMAN:Q9BVA1|TBB2B_HUMAN,,,PEAKS DB,2,HGIDPTGSY,False,512000.0,1.0,N
KYKKNVDMY,0.8,WB,,996,KYKKNVDMY,16.7,1187.6008,9,-0.7,1188.6073,26.24,,1,6238,F120180817_KP_THP1_W632_Filter.raw,0,,,,,PEAKS DB,1,KYKKNVDMY,False,0.0,0.0,N
TGYGGYEEY,0.8,WB,,1900,TGYGGYEEY,27.16,1037.3978,9,5.0,1038.4103,49.7,,1,15630,F120180817_KP_THP1_W632_Filter.raw,1,,P52597|HNRPF_HUMAN,,,PEAKS DB,1,TGYGGYEEY,False,9750000.0,1.0,N
RVIDVGSEW,0.8,WB,,2035,RVIDVGSEW,25.48,1059.5349,9,3.9,530.7768,55.35,,1,17894,F120180817_KP_THP1_W632_Filter.raw,1,,Q00403|TF2B_HUMAN,,,PEAKS DB,2,RVIDVGSEW,False,2280000.0,1.0,N
QGYPTPSSSY,0.8,WB,,3897,QGYPTPSSSY,37.76,1085.4666,10,3.4,1086.4775,45.01,,1,13747,F120180817_KP_THP1_W632_Filter.raw,2,,P32242|OTX1_HUMAN,,,PEAKS DB,1,QGYPTPSSSY,False,34100000.0,2.0,N
MFMKPGTLY,0.8,WB,,1694,MFMKPGTLY,28.13,1102.5192,9,3.9,552.269,51.14,,1,16204,F120180817_KP_THP1_W632_Filter.raw,1,,P29372|3MG_HUMAN,Oxidation (M),M1:Oxidation (M):30.83,PEAKS DB,2,M(+15.99)FMKPGTLY,False,1720000.0,1.0,N
YFRDGDLVTF,0.9,WB,,3908,YFRDGDLVTF,24.14,1231.5873,10,5.0,616.804,69.94,,1,23728,F120180817_KP_THP1_W632_Filter.raw,1,,P41226|UBA7_HUMAN,,,PEAKS DB,2,YFRDGDLVTF,False,2530000.0,1.0,N
KPIESFNEY,0.9,WB,,3722,KPIESFNEY,31.67,1125.5342,9,4.5,563.7769,42.23,,1,12631,F120180817_KP_THP1_W632_Filter.raw,2,,Q9Y6Y8|S23IP_HUMAN,,,PEAKS DB,2,KPIESFNEY,False,23300000.0,2.0,N
QERLVQAEY,0.9,WB,,1871,QERLVQAEY,31.18,1134.5669,9,4.3,568.2932,36.37,,1,10294,F120180817_KP_THP1_W632_Filter.raw,1,,P50897|PPT1_HUMAN,,,PEAKS DB,2,QERLVQAEY,False,5890000.0,1.0,N
VPREKSVTY,0.9,WB,,1910,VPREKSVTY,28.1,1077.5818,9,4.1,539.8004,22.79,,1,4878,F120180817_KP_THP1_W632_Filter.raw,1,,P52948|NUP98_HUMAN,,,PEAKS DB,2,VPREKSVTY,False,68900000.0,1.0,N
TPYDSSASY,0.9,WB,,2166,TPYDSSASY,31.59,989.3978,9,4.6,990.4095,40.37,,1,11889,F120180817_KP_THP1_W632_Filter.raw,1,,Q13422|IKZF1_HUMAN,,,PEAKS DB,1,TPYDSSASY,False,16400000.0,1.0,N
NVIRDAVTY,0.9,WB,,1983,NVIRDAVTY,24.91,1050.5345,9,4.4,526.2769,54.25,,1,17456,F120180817_KP_THP1_W632_Filter.raw,1,,P62805|H4_HUMAN,Deamidation (NQ),N1:Deamidation (NQ):1000.00,PEAKS DB,2,N(+.98)VIRDAVTY,False,1850000.0,1.0,N
TPISITSSY,0.9,WB,,2088,TPISITSSY,30.67,967.4862,9,4.5,968.4979,60.11,,1,19791,F120180817_KP_THP1_W632_Filter.raw,3,,Q04726|TLE3_HUMAN,,,PEAKS DB,1,TPISITSSY,False,303000000.0,3.0,N
EVFKERIGY,0.9,WB,,2582,EVFKERIGY,32.02,1139.5974,9,3.4,570.8079,38.21,,1,11027,F120180817_KP_THP1_W632_Filter.raw,1,,Q6ZNJ1|NBEL2_HUMAN,,,PEAKS DB,2,EVFKERIGY,False,12300000.0,1.0,N
FAAVAAAAY,0.9,WB,,1819,FAAVAAAAY,22.55,853.4333,9,4.2,854.4442,58.02,,1,18956,F120180817_KP_THP1_W632_Filter.raw,1,,P47974|TISD_HUMAN,,,PEAKS DB,1,FAAVAAAAY,False,4240000.0,1.0,N
YEKLINMTY,0.9,WB,,2897,YEKLINMTY,21.55,1189.5688,9,3.4,595.7937,43.58,,1,13176,F120180817_KP_THP1_W632_Filter.raw,1,,Q8WXG6|MADD_HUMAN,Oxidation (M),M7:Oxidation (M):1000.00,PEAKS DB,2,YEKLINM(+15.99)TY,False,605000.0,1.0,N
QARAALQTAY,0.9,WB,,4112,QARAALQTAY,28.86,1091.5723,10,4.5,546.7958,31.59,,1,8374,F120180817_KP_THP1_W632_Filter.raw,1,,Q9H2Y7|ZN106_HUMAN,,,PEAKS DB,2,QARAALQTAY,False,2390000.0,1.0,N
QAVAIFTVY,0.9,WB,,3260,QAVAIFTVY,27.98,1010.5436,9,4.2,1011.5552,87.46,,1,30706,F120180817_KP_THP1_W632_Filter.raw,2,,Q9H1C4|UN93B_HUMAN,,,PEAKS DB,1,QAVAIFTVY,False,212000000.0,2.0,N
DQRVIYYY,0.9,WB,,627,DQRVIYYY,26.82,1118.5397,8,4.0,560.2794,57.37,,1,18696,F120180817_KP_THP1_W632_Filter.raw,1,,Q9HC77|CENPJ_HUMAN,,,PEAKS DB,2,DQRVIYYY,False,3740000.0,1.0,N
HAGPPHNEY,0.9,WB,,3258,HAGPPHNEY,37.15,1020.4413,9,4.0,511.2299,20.06,,1,3784,F120180817_KP_THP1_W632_Filter.raw,1,,Q9H1B5|XYLT2_HUMAN,,,PEAKS DB,2,HAGPPHNEY,False,531000.0,1.0,N
KTLLMGQVY,0.9,WB,,980,KTLLMGQVY,13.46,1131.5399,9,-7.6,566.7729,55.44,,1,17932,F120180817_KP_THP1_W632_Filter.raw,0,,,Phosphorylation (STY),T2:Phosphorylation (STY):32.83,PEAKS DB,2,KT(+79.97)LLMGQVY,False,0.0,0.0,N
YPKANIVAY,0.9,WB,,3508,YPKANIVAY,36.2,1037.5546,9,5.0,1038.567,44.52,,1,13553,F120180817_KP_THP1_W632_Filter.raw,2,,Q9UBT2|SAE2_HUMAN,,,PEAKS DB,1,YPKANIVAY,False,183000000.0,2.0,N
ATNGLHVIY,0.9,WB,,992,ATNGLHVIY,17.21,987.5025,9,4.7,988.5144,37.99,,1,10942,F120180817_KP_THP1_W632_Filter.raw,1,,,Deamidation (NQ),N3:Deamidation (NQ):1000.00,PEAKS DB,1,ATN(+.98)GLHVIY,False,1580000.0,1.0,N
YARTINVY,0.9,WB,,351,YARTINVY,14.42,998.5185,8,2.8,500.2679,37.89,,1,10900,F120180817_KP_THP1_W632_Filter.raw,1,,O95168|NDUB4_HUMAN,,,PEAKS DB,2,YARTINVY,False,159000.0,1.0,N
KPRSNVISY,0.9,WB,,2700,KPRSNVISY,25.19,1142.5485,9,4.9,572.2843,31.21,,1,8220,F120180817_KP_THP1_W632_Filter.raw,1,,Q86Z02|HIPK1_HUMAN,Phosphorylation (STY),S4:Phosphorylation (STY):58.99,PEAKS DB,2,KPRS(+79.97)NVISY,False,9110000.0,1.0,N
HGFGNVHAY,0.9,WB,,3206,HGFGNVHAY,36.03,1000.4515,9,4.9,1001.4637,28.63,,1,7192,F120180817_KP_THP1_W632_Filter.raw,2,,Q9BWT1|CDCA7_HUMAN,,,PEAKS DB,1,HGFGNVHAY,False,26300000.0,2.0,N
LPFPIIQQY,0.9,WB,,3180,LPFPIIQQY,33.89,1117.6172,9,4.5,1118.6295,95.43,,1,33882,F120180817_KP_THP1_W632_Filter.raw,2,,Q9BTX1|NDC1_HUMAN,,,PEAKS DB,1,LPFPIIQQY,False,116000000.0,2.0,N
TPYEGQRSY,0.9,WB,,4484,TPYEGQRSY,17.87,1099.4934,9,4.1,550.7562,26.2,979000.0,33,5652,F120180817_KP_THP1_BB72_Filter.raw,1,1.0,Q92900|RENT1_HUMAN,,,PEAKS DB,2,TPYEGQRSY,False,,,N
APIQVFSTY,0.9,WB,,3101,APIQVFSTY,31.17,1024.5229,9,4.5,513.2711,75.84,,1,26085,F120180817_KP_THP1_W632_Filter.raw,2,,Q96SB3|NEB2_HUMAN,,,PEAKS DB,2,APIQVFSTY,False,75500000.0,2.0,N
HGRLTEEVY,0.9,WB,,1173,HGRLTEEVY,32.05,1102.5406,9,4.1,552.2798,28.36,,1,7082,F120180817_KP_THP1_W632_Filter.raw,1,,O15050|TRNK1_HUMAN,,,PEAKS DB,2,HGRLTEEVY,False,3200000.0,1.0,N
MAKADKVRY,0.9,WB,,1193,MAKADKVRY,17.4,1096.5698,9,3.8,549.2943,19.38,,1,3515,F120180817_KP_THP1_W632_Filter.raw,1,,O15347|HMGB3_HUMAN,Oxidation (M),M1:Oxidation (M):1000.00,PEAKS DB,2,M(+15.99)AKADKVRY,False,648000.0,1.0,N
RPIFGGTVY,0.9,WB,,1235,RPIFGGTVY,24.38,1008.5392,9,4.2,505.279,51.59,,1,16388,F120180817_KP_THP1_W632_Filter.raw,1,,O43663|PRC1_HUMAN,,,PEAKS DB,2,RPIFGGTVY,False,10000000.0,1.0,N
EQGRVHVVY,0.9,WB,,1386,EQGRVHVVY,34.17,1085.5618,9,4.5,1086.5739999999996,28.03,,1,6953,F120180817_KP_THP1_W632_Filter.raw,2,,O95450|ATS2_HUMAN,,,PEAKS DB,1,EQGRVHVVY,False,73000000.0,2.0,N
TGKYGSIQY,0.9,WB,,2794,TGKYGSIQY,27.13,1015.4974,9,4.1,508.7581,35.16,,1,9807,F120180817_KP_THP1_W632_Filter.raw,1,,Q8NCT1|ARRD4_HUMAN,,,PEAKS DB,2,TGKYGSIQY,False,1170000.0,1.0,N
EAAPPGELY,0.9,WB,,3201,EAAPPGELY,28.59,945.4443,9,4.1,946.4555,53.91,,1,17319,F120180817_KP_THP1_W632_Filter.raw,2,,Q9BW71|HIRP3_HUMAN,,,PEAKS DB,1,EAAPPGELY,False,27600000.0,2.0,N
EMIEAAKAVY,1.0,WB,,3921,EMIEAAKAVY,31.95,1139.5532,10,3.3,570.7858,38.01,,1,10950,F120180817_KP_THP1_W632_Filter.raw,1,,P49588|SYAC_HUMAN,Oxidation (M),M2:Oxidation (M):1000.00,PEAKS DB,2,EM(+15.99)IEAAKAVY,False,1210000.0,1.0,N
QGYAQTTQAY,1.0,WB,,3952,QGYAQTTQAY,33.22,1129.504,10,4.6,565.7619,37.12,,1,10593,F120180817_KP_THP1_W632_Filter.raw,1,,Q01844|EWS_HUMAN,,,PEAKS DB,2,QGYAQTTQAY,False,4170000.0,1.0,N
VQALIEQL,1.0,WB,,61,VQALIEQL,11.12,912.528,8,3.7,913.5387,38.05,497000.0,33,10367,F120180817_KP_THP1_BB72_Filter.raw,1,1.0,,,,PEAKS DB,1,VQALIEQL,False,,,N
TLPGHIQAVY,1.0,WB,,3816,TLPGHIQAVY,30.13,1097.5869,10,3.1,549.8024,48.46,,1,15133,F120180817_KP_THP1_W632_Filter.raw,1,,O14617|AP3D1_HUMAN,,,PEAKS DB,2,TLPGHIQAVY,False,5080000.0,1.0,N
LVSVASDAY,1.0,WB,,935,LVSVASDAY,12.47,923.46,9,3.0,924.47,43.88,1150000.0,33,12690,F120180817_KP_THP1_BB72_Filter.raw,1,1.0,,,,PEAKS DB,1,LVSVASDAY,False,,,N
RLYHEADKTYM,1.0,WB,,1522,RLYHEADKTYM,39.06,1425.671,11,3.1,476.2324,26.49,843000.0,33,5764,F120180817_KP_THP1_BB72_Filter.raw,1,1.0,O75663|TIPRL_HUMAN,,,PEAKS DB,3,RLYHEADKTYM,False,,,N
HGIDPTGTY,1.0,WB,,1797,HGIDPTGTY,29.31,959.4348,9,2.8,480.726,36.17,3660000.0,33,9616,F120180817_KP_THP1_BB72_Filter.raw,2,2.0,P07437|TBB5_HUMAN:P04350|TBB4A_HUMAN:P68371|TBB4B_HUMAN,,,PEAKS DB,2,HGIDPTGTY,False,,,N
VIFAGGQDRY,1.0,WB,,3393,VIFAGGQDRY,11.4,1124.5614,10,2.8,1125.5718,46.02,581000.0,33,13542,F120180817_KP_THP1_BB72_Filter.raw,1,1.0,Q15366|PCBP2_HUMAN,,,PEAKS DB,1,VIFAGGQDRY,False,,,N
HGKVSVEY,1.0,WB,,583,HGKVSVEY,27.52,917.4606,8,4.2,459.7395,23.79,,1,5268,F120180817_KP_THP1_W632_Filter.raw,1,,Q92979|NEP1_HUMAN,,,PEAKS DB,2,HGKVSVEY,False,1840000.0,1.0,N
QAHLELRTF,1.0,WB,,784,QAHLELRTF,15.61,1113.593,9,2.9,557.8054,40.79,,1,12054,F120180817_KP_THP1_W632_Filter.raw,1,,,,,PEAKS DB,2,QAHLELRTF,False,261000.0,1.0,N
NLREEFIGF,1.0,WB,,1229,NLREEFIGF,24.2,1123.5662,9,4.5,562.7929,72.53,,1,24764,F120180817_KP_THP1_W632_Filter.raw,1,,O43422|P52K_HUMAN,,,PEAKS DB,2,NLREEFIGF,False,2730000.0,1.0,N
HAHLDIEAF,1.0,WB,,1418,HAHLDIEAF,30.6,1051.5087,9,3.5,526.7634,46.51,,1,14350,F120180817_KP_THP1_W632_Filter.raw,2,,P00966|ASSY_HUMAN,,,PEAKS DB,2,HAHLDIEAF,False,24700000.0,2.0,N
YPAESVLAY,1.0,WB,,1574,YPAESVLAY,25.05,1011.4913,9,4.7,1012.5033,69.98,,1,23744,F120180817_KP_THP1_W632_Filter.raw,2,,P15559|NQO1_HUMAN,,,PEAKS DB,1,YPAESVLAY,False,33400000.0,2.0,N
APVPTGEVY,1.0,WB,,1681,APVPTGEVY,20.58,931.4651,9,4.4,932.4765,51.06,,1,16175,F120180817_KP_THP1_W632_Filter.raw,1,,P27824|CALX_HUMAN,,,PEAKS DB,1,APVPTGEVY,False,10400000.0,1.0,N
VGVGIRSSY,1.0,WB,,1727,VGVGIRSSY,34.71,936.5029,9,4.6,469.2609,36.2,,1,10221,F120180817_KP_THP1_W632_Filter.raw,1,,P33992|MCM5_HUMAN,,,PEAKS DB,2,VGVGIRSSY,False,3760000.0,1.0,N
SGNPIKVSF,1.0,WB,,1755,SGNPIKVSF,36.16,947.5076,9,4.0,474.763,49.84,,1,15687,F120180817_KP_THP1_W632_Filter.raw,2,,P35637|FUS_HUMAN,,,PEAKS DB,2,SGNPIKVSF,False,14400000.0,2.0,N
LERELKQLY,1.0,WB,,1955,LERELKQLY,23.67,1190.6659,9,5.0,596.3432,37.92,,1,10911,F120180817_KP_THP1_W632_Filter.raw,1,,P61160|ARP2_HUMAN,,,PEAKS DB,2,LERELKQLY,False,4680000.0,1.0,N
HLKWDDPYY,1.0,WB,,2102,HLKWDDPYY,21.12,1235.561,9,3.0,618.7897,47.56,,1,14771,F120180817_KP_THP1_W632_Filter.raw,1,,Q07960|RHG01_HUMAN,,,PEAKS DB,2,HLKWDDPYY,False,779000.0,1.0,N
EVNGLISMY,1.0,WB,,2297,EVNGLISMY,17.98,1040.4849,9,4.0,521.2518,66.47,,1,22340,F120180817_KP_THP1_W632_Filter.raw,2,,Q15029|U5S1_HUMAN,Oxidation (M),M8:Oxidation (M):1000.00,PEAKS DB,2,EVNGLISM(+15.99)Y,False,3280000.0,2.0,N
IPITETEAY,1.0,WB,,2393,IPITETEAY,31.45,1035.5125,9,3.5,1036.5233,57.54,,1,18762,F120180817_KP_THP1_W632_Filter.raw,2,,Q2M2Z5|KIZ_HUMAN,,,PEAKS DB,1,IPITETEAY,False,57800000.0,2.0,N
EANQWEVAY,1.0,WB,,2419,EANQWEVAY,27.47,1108.4825,9,4.2,555.2509,68.46,,1,23139,F120180817_KP_THP1_W632_Filter.raw,1,,Q53EP0|FND3B_HUMAN,,,PEAKS DB,2,EANQWEVAY,False,559000.0,1.0,N
SPMQRHSTY,1.0,WB,,2451,SPMQRHSTY,27.16,1105.4974,9,4.1,553.7582,20.4,,1,3921,F120180817_KP_THP1_W632_Filter.raw,1,,Q5M775|CYTSB_HUMAN,,,PEAKS DB,2,SPMQRHSTY,False,395000.0,1.0,N
HAHVDKVTY,1.0,WB,,2554,HAHVDKVTY,41.08,1068.5353,9,4.4,1069.5472,21.22,,1,4251,F120180817_KP_THP1_W632_Filter.raw,2,,Q6PK18|OGFD3_HUMAN,,,PEAKS DB,1,HAHVDKVTY,False,30900000.0,2.0,N
IPYQDRESY,1.0,WB,,3270,IPYQDRESY,32.04,1169.5353,9,3.7,585.7771,34.43,,1,9512,F120180817_KP_THP1_W632_Filter.raw,2,,Q9H2Y7|ZN106_HUMAN,,,PEAKS DB,2,IPYQDRESY,False,64100000.0,2.0,N
APIDWIEEY,1.0,WB,,3287,APIDWIEEY,19.51,1134.5233,9,4.0,1135.5352,95.51,,1,33916,F120180817_KP_THP1_W632_Filter.raw,1,,Q9H553|ALG2_HUMAN,,,PEAKS DB,1,APIDWIEEY,False,5100000.0,1.0,N
TGREQKVYY,1.0,WB,,3498,TGREQKVYY,25.39,1142.572,9,3.6,572.2953,23.69,,1,5232,F120180817_KP_THP1_W632_Filter.raw,1,,Q9UBB9|TFP11_HUMAN,,,PEAKS DB,2,TGREQKVYY,False,5930000.0,1.0,N
LDKELSESY,1.0,WB,,3545,LDKELSESY,26.77,1082.5132,9,4.5,542.2663,37.13,,1,10594,F120180817_KP_THP1_W632_Filter.raw,1,,Q9UK61|TASOR_HUMAN,,,PEAKS DB,2,LDKELSESY,False,3860000.0,1.0,N
YENTDTKVTY,1.0,WB,,3747,YENTDTKVTY,13.4,1232.556,10,-1.2,617.2845,29.76,,1,7646,F120180817_KP_THP1_W632_Filter.raw,1,,,,,PEAKS DB,2,YENTDTKVTY,False,537000.0,1.0,N
GFIGGNSGTY,1.0,WB,,3750,GFIGGNSGTY,12.31,971.4348,10,4.4,972.4464,39.96,,1,11725,F120180817_KP_THP1_W632_Filter.raw,1,,,,,PEAKS DB,1,GFIGGNSGTY,False,8330000.0,1.0,N
HLPSFQQSAF,1.0,WB,,3891,HLPSFQQSAF,31.54,1160.5614,10,4.3,581.2905,56.91,,1,18516,F120180817_KP_THP1_W632_Filter.raw,1,,P29375|KDM5A_HUMAN,,,PEAKS DB,2,HLPSFQQSAF,False,6110000.0,1.0,N
LPKDTSPGSAY,1.0,WB,,4302,LPKDTSPGSAY,33.4,1134.5557,11,4.1,568.2874,30.73,,1,8033,F120180817_KP_THP1_W632_Filter.raw,1,,Q99460|PSMD1_HUMAN,,,PEAKS DB,2,LPKDTSPGSAY,False,24600000.0,1.0,N
