PlainPeptide,%Rank_bestAllele,Binding Level,Control,Unnamed: 0,Peptide,-10lgP,Mass,Length,ppm,m/z,RT,Intensity Filter BB72,Fraction,Scan,Source File,#Feature,#Feature Filter BB72,Accession,PTM,AScore,Found By,charge,Peptide_orig,Alternative_IL_Explanation,Intensity Filter_w632_Unenriched,#Feature Filter_w632_Unenriched,PTM detected
YLKLVGQQY,0.01,SB,,2721,YLKLVGQQY,36.15,1110.6073,9,0.6,556.3113,58.3,,163,13848,F120180713_KP_THP1_w632_Filter_Unen_180722164222.raw,1,,Q9UJF2|NGAP_HUMAN,,,PEAKS DB,2,YLKLVGQQY,False,1350000.0,1.0,N
QQRQSLIEY,0.01,SB,,1828,QQRQSLIEY,17.17,1163.5935,9,0.7,582.8044,49.23,,163,10230,F120180713_KP_THP1_w632_Filter_Unen_180722164222.raw,1,,Q15051|IQCB1_HUMAN,,,PEAKS DB,2,QQRQSLIEY,False,4200000.0,1.0,N
ILKEILQEY,0.01,SB,,1201,ILKEILQEY,27.42,1147.6488,9,1.0,574.8323,76.41,,163,21090,F120180713_KP_THP1_w632_Filter_Unen_180722164222.raw,1,,P07332|FES_HUMAN,,,PEAKS DB,2,ILKEILQEY,False,950000.0,1.0,N
FQKASSIVY,0.01,SB,,1159,FQKASSIVY,20.98,1041.5494,9,0.9,521.7825,46.84,,163,9285,F120180713_KP_THP1_w632_Filter_Unen_180722164222.raw,1,,P01730|CD4_HUMAN,,,PEAKS DB,2,FQKASSIVY,False,1350000.0,1.0,N
YLYGQTTTY,0.01,SB,,1239,YLYGQTTTY,27.63,1108.5077,9,1.3,555.2618,59.35,,163,14269,F120180713_KP_THP1_w632_Filter_Unen_180722164222.raw,2,,P11388|TOP2A_HUMAN,,,PEAKS DB,2,YLYGQTTTY,False,30000000.0,2.0,N
LQRLENTQY,0.01,SB,,2336,LQRLENTQY,31.69,1163.5935,9,0.9,582.8046,39.65,,163,6613,F120180713_KP_THP1_w632_Filter_Unen_180722164222.raw,1,,Q96D70|R3HD4_HUMAN,,,PEAKS DB,2,LQRLENTQY,False,4360000.0,1.0,N
VQRPQVVEY,0.01,SB,,1466,VQRPQVVEY,18.99,1116.5928,9,0.6,559.304,43.75,,163,8092,F120180713_KP_THP1_w632_Filter_Unen_180722164222.raw,1,,P49116|NR2C2_HUMAN,,,PEAKS DB,2,VQRPQVVEY,False,154000.0,1.0,N
QQFPYGASY,0.01,SB,,2205,QQFPYGASY,23.73,1059.4661,9,0.7,530.7407,63.98,,163,16124,F120180713_KP_THP1_w632_Filter_Unen_180722164222.raw,1,,Q8NFD5|ARI1B_HUMAN,,,PEAKS DB,2,QQFPYGASY,False,738000.0,1.0,N
QLHASFQQY,0.02,SB,,2508,QLHASFQQY,32.08,1120.5302,9,1.5,561.2732,47.36,,163,9487,F120180713_KP_THP1_w632_Filter_Unen_180722164222.raw,1,,Q9H094|NBPF3_HUMAN,,,PEAKS DB,2,QLHASFQQY,False,697000.0,1.0,N
IQRLMSVAY,0.02,SB,,514,IQRLMSVAY,19.77,1095.5747,9,0.3,548.7948,47.67,,163,9609,F120180713_KP_THP1_w632_Filter_Unen_180722164222.raw,1,,,Oxidation (M),M5:Oxidation (M):1000.00,PEAKS DB,2,IQRLM(+15.99)SVAY,False,2000000.0,1.0,N
SLREDQQSF,0.02,SB,,2507,SLREDQQSF,17.91,1108.5149,9,0.7,555.2651,38.57,,163,6241,F120180713_KP_THP1_w632_Filter_Unen_180722164222.raw,1,,Q9GZY6|NTAL_HUMAN,,,PEAKS DB,2,SLREDQQSF,False,1130000.0,1.0,N
HLKKLKESY,0.02,SB,,1613,HLKKLKESY,22.54,1144.6604,9,1.3,573.3382,32.49,,163,4563,F120180713_KP_THP1_w632_Filter_Unen_180722164222.raw,3,,P63165|SUMO1_HUMAN,,,PEAKS DB,2,HLKKLKESY,False,1360000.0,3.0,N
GIREEEVSY,0.02,SB,,2624,GIREEEVSY,17.69,1080.5087,9,1.7,541.2625,42.0,,163,7431,F120180713_KP_THP1_w632_Filter_Unen_180722164222.raw,1,,Q9NV70|EXOC1_HUMAN,,,PEAKS DB,2,GIREEEVSY,False,623000.0,1.0,N
YLFEWRTQY,0.02,SB,,1243,YLFEWRTQY,17.34,1304.6189,9,2.2,653.3182,81.67,,163,23196,F120180713_KP_THP1_w632_Filter_Unen_180722164222.raw,1,,P11717|MPRI_HUMAN,,,PEAKS DB,2,YLFEWRTQY,False,2420000.0,1.0,N
LLREELQAY,0.02,SB,,1803,LLREELQAY,32.98,1133.608,9,0.6,567.8116,60.51,,163,14733,F120180713_KP_THP1_w632_Filter_Unen_180722164222.raw,1,,Q14674|ESPL1_HUMAN,,,PEAKS DB,2,LLREELQAY,False,26300000.0,1.0,N
ILKEEQELY,0.02,SB,,636,ILKEEQELY,19.89,1163.6074,9,0.7,582.8114,51.49,,163,11127,F120180713_KP_THP1_w632_Filter_Unen_180722164222.raw,1,,,,,PEAKS DB,2,ILKEEQELY,False,2220000.0,1.0,N
YLKRPGLTY,0.02,SB,,967,YLKRPGLTY,25.41,1109.6233,9,0.9,555.8194,45.17,,163,8638,F120180713_KP_THP1_w632_Filter_Unen_180722164222.raw,1,,O14802|RPC1_HUMAN,,,PEAKS DB,2,YLKRPGLTY,False,796000.0,1.0,N
VLKEEGVSF,0.02,SB,,1637,VLKEEGVSF,29.19,1006.5334,9,2.0,504.275,52.97,,163,11723,F120180713_KP_THP1_w632_Filter_Unen_180722164222.raw,1,,P78527|PRKDC_HUMAN,,,PEAKS DB,2,VLKEEGVSF,False,16600000.0,1.0,N
FQKVITEY,0.02,SB,,361,FQKVITEY,29.93,1026.5386,8,0.3,514.2767,50.34,,163,10670,F120180713_KP_THP1_w632_Filter_Unen_180722164222.raw,2,,Q7KZF4|SND1_HUMAN,,,PEAKS DB,2,FQKVITEY,False,38600000.0,2.0,N
HLKEDQTEY,0.02,SB,,1213,HLKEDQTEY,34.11,1161.5302,9,1.1,581.773,27.72,,163,3547,F120180713_KP_THP1_w632_Filter_Unen_180722164222.raw,2,,P08238|HS90B_HUMAN:Q58FF7|H90B3_HUMAN,,,PEAKS DB,2,HLKEDQTEY,False,21900000.0,2.0,N
FVKQELSAY,0.02,SB,,2169,FVKQELSAY,20.37,1083.5601,9,1.3,542.788,50.14,,163,10590,F120180713_KP_THP1_w632_Filter_Unen_180722164222.raw,1,,Q8N584|TT39C_HUMAN,,,PEAKS DB,2,FVKQELSAY,False,251000.0,1.0,N
SMFDLTSEY,0.02,SB,,2199,SMFDLTSEY,15.0,1107.443,9,0.9,1108.4513,73.97,,163,20118,F120180713_KP_THP1_w632_Filter_Unen_180722164222.raw,1,,Q8NF50|DOCK8_HUMAN,Oxidation (M),M2:Oxidation (M):1000.00,PEAKS DB,1,SM(+15.99)FDLTSEY,False,1140000.0,1.0,N
SQRLESVSF,0.02,SB,,1115,SQRLESVSF,23.62,1051.5298,9,0.4,526.7724,53.04,,163,11749,F120180713_KP_THP1_w632_Filter_Unen_180722164222.raw,1,,O94913|PCF11_HUMAN,,,PEAKS DB,2,SQRLESVSF,False,1910000.0,1.0,N
YLKNSVVAY,0.02,SB,,2327,YLKNSVVAY,29.2,1055.5651,9,0.9,528.7903,48.53,,163,9953,F120180713_KP_THP1_w632_Filter_Unen_180722164222.raw,1,,Q96BN2|TADA1_HUMAN,,,PEAKS DB,2,YLKNSVVAY,False,4250000.0,1.0,N
SMKEEGITF,0.02,SB,,1105,SMKEEGITF,13.16,1056.4797,9,1.4,529.2479,47.1,,163,9385,F120180713_KP_THP1_w632_Filter_Unen_180722164222.raw,1,,O75886|STAM2_HUMAN,Oxidation (M),M2:Oxidation (M):1000.00,PEAKS DB,2,SM(+15.99)KEEGITF,False,1840000.0,1.0,N
FQKILTLTY,0.02,SB,,1216,FQKILTLTY,39.04,1125.6433,9,1.5,563.8298,74.52,,163,20336,F120180713_KP_THP1_w632_Filter_Unen_180722164222.raw,1,,P08240|SRPRA_HUMAN,,,PEAKS DB,2,FQKILTLTY,False,7720000.0,1.0,N
YMIDPSGVSY,0.03,SB,,3011,YMIDPSGVSY,31.78,1130.4954,10,1.3,566.2557,75.78,,163,20839,F120180713_KP_THP1_w632_Filter_Unen_180722164222.raw,1,,P25788|PSA3_HUMAN,,,PEAKS DB,2,YMIDPSGVSY,False,9820000.0,1.0,N
YLYPDGRSY,0.03,SB,,727,YLYPDGRSY,15.74,1132.5189,9,0.5,567.2669999999998,49.96,,163,10519,F120180713_KP_THP1_w632_Filter_Unen_180722164222.raw,1,,,,,PEAKS DB,2,YLYPDGRSY,False,394000.0,1.0,N
MMIPSQISY,0.03,SB,,1678,MMIPSQISY,26.46,1084.4933,9,1.9,543.2549,70.39,,163,18692,F120180713_KP_THP1_w632_Filter_Unen_180722164222.raw,2,,Q04637|IF4G1_HUMAN,Oxidation (M),M2:Oxidation (M):0.00,PEAKS DB,2,MM(+15.99)IPSQISY,False,6280000.0,2.0,N
MLYKGQTAY,0.03,SB,,1147,MLYKGQTAY,21.07,1073.5216,9,0.3,537.7682,42.12,,163,7473,F120180713_KP_THP1_w632_Filter_Unen_180722164222.raw,1,,O95789|ZMYM6_HUMAN,,,PEAKS DB,2,MLYKGQTAY,False,813000.0,1.0,N
YLNEKAVSY,0.03,SB,,735,YLNEKAVSY,14.65,1085.5393,9,0.7,543.7773,43.24,,163,7895,F120180713_KP_THP1_w632_Filter_Unen_180722164222.raw,1,,,,,PEAKS DB,2,YLNEKAVSY,False,1370000.0,1.0,N
FQHLLRVAY,0.03,SB,,616,FQHLLRVAY,16.66,1145.6345,9,1.7,382.8861,65.09,,163,16570,F120180713_KP_THP1_w632_Filter_Unen_180722164222.raw,1,,,,,PEAKS DB,3,FQHLLRVAY,False,1130000.0,1.0,N
IMRELDVSY,0.03,SB,,1455,IMRELDVSY,22.15,1140.5485,9,1.0,571.2821,51.03,,163,10946,F120180713_KP_THP1_w632_Filter_Unen_180722164222.raw,1,,P46977|STT3A_HUMAN,Oxidation (M),M2:Oxidation (M):1000.00,PEAKS DB,2,IM(+15.99)RELDVSY,False,5110000.0,1.0,N
FLHESLVEY,0.04,SB,,2639,FLHESLVEY,26.25,1135.5549,9,2.0,568.7859,67.27,,163,17445,F120180713_KP_THP1_w632_Filter_Unen_180722164222.raw,1,,Q9NW08|RPC2_HUMAN,,,PEAKS DB,2,FLHESLVEY,False,14200000.0,1.0,N
IMKLDIEQY,0.04,SB,,1440,IMKLDIEQY,30.98,1167.5846,9,1.4,584.8004,57.79,,163,13642,F120180713_KP_THP1_w632_Filter_Unen_180722164222.raw,2,,P43304|GPDM_HUMAN,Oxidation (M),M2:Oxidation (M):1000.00,PEAKS DB,2,IM(+15.99)KLDIEQY,False,47200000.0,2.0,N
RARELLVSY,0.04,SB,,2833,RARELLVSY,26.58,1105.6244,9,1.0,553.82,54.12,,163,12175,F120180713_KP_THP1_w632_Filter_Unen_180722164222.raw,1,,Q9Y4W2|LAS1L_HUMAN,,,PEAKS DB,2,RARELLVSY,False,23200000.0,1.0,N
RLSESQLSF,0.04,SB,,3282,RLSESQLSF,22.14,1065.5454,9,0.3,533.7802,61.73,1280000.0,67,13827,F120180713_KP_THP1_BB72_Filter_Unen.raw,1,1.0,Q96PK6|RBM14_HUMAN,,,PEAKS DB,2,RLSESQLSF,False,,,N
MLAPLSTTY,0.04,SB,,1549,MLAPLSTTY,23.98,1011.4947,9,1.4,506.7553,66.76,,163,17242,F120180713_KP_THP1_w632_Filter_Unen_180722164222.raw,2,,P53985|MOT1_HUMAN,Oxidation (M),M1:Oxidation (M):1000.00,PEAKS DB,2,M(+15.99)LAPLSTTY,False,9590000.0,2.0,N
SQYPFPVTLY,0.04,SB,,3112,SQYPFPVTLY,35.19,1213.6019,10,1.0,607.8088,97.87,,163,29613,F120180713_KP_THP1_w632_Filter_Unen_180722164222.raw,1,,Q5R372|RBG1L_HUMAN,,,PEAKS DB,2,SQYPFPVTLY,False,4500000.0,1.0,N
VLKIELETY,0.04,SB,,1864,VLKIELETY,28.56,1106.6223,9,0.9,554.3189,69.4,,163,18297,F120180713_KP_THP1_w632_Filter_Unen_180722164222.raw,2,,Q16204|CCDC6_HUMAN,,,PEAKS DB,2,VLKIELETY,False,17400000.0,2.0,N
GLRLELTTY,0.04,SB,,2432,GLRLELTTY,23.4,1064.5865,9,1.6,533.3014,71.32,,163,19056,F120180713_KP_THP1_w632_Filter_Unen_180722164222.raw,1,,Q99720|SGMR1_HUMAN,,,PEAKS DB,2,GLRLELTTY,False,5600000.0,1.0,N
HLHPIQTSF,0.04,SB,,2225,HLHPIQTSF,34.37,1078.5559,9,0.9,540.2857,53.92,,163,12100,F120180713_KP_THP1_w632_Filter_Unen_180722164222.raw,1,,Q8TEM1|PO210_HUMAN,,,PEAKS DB,2,HLHPIQTSF,False,2180000.0,1.0,N
YVHETLTVY,0.04,SB,,2403,YVHETLTVY,30.82,1123.5549,9,1.3,562.7855,54.4,,163,12283,F120180713_KP_THP1_w632_Filter_Unen_180722164222.raw,1,,Q96SW2|CRBN_HUMAN,,,PEAKS DB,2,YVHETLTVY,False,7390000.0,1.0,N
QLRAQILAY,0.04,SB,,1507,QLRAQILAY,27.25,1074.6185,9,1.0,538.3171,63.48,,163,15926,F120180713_KP_THP1_w632_Filter_Unen_180722164222.raw,1,,P51531|SMCA2_HUMAN,,,PEAKS DB,2,QLRAQILAY,False,3280000.0,1.0,N
LVNQERTSY,0.04,SB,,2370,LVNQERTSY,23.24,1108.5513,9,1.0,555.2834,29.3,,163,3861,F120180713_KP_THP1_w632_Filter_Unen_180722164222.raw,1,,Q96P20|NLRP3_HUMAN,,,PEAKS DB,2,LVNQERTSY,False,521000.0,1.0,N
FLAPLVTEY,0.04,SB,,2369,FLAPLVTEY,26.52,1051.559,9,1.3,526.7874,93.31,,163,27808,F120180713_KP_THP1_w632_Filter_Unen_180722164222.raw,2,,Q96NL6|SCLT1_HUMAN,,,PEAKS DB,2,FLAPLVTEY,False,19300000.0,2.0,N
FMSEVIQAY,0.05,SB,,2290,FMSEVIQAY,24.39,1102.5005,9,1.2,552.2582,66.76,,163,17239,F120180713_KP_THP1_w632_Filter_Unen_180722164222.raw,1,,Q92797|SYMPK_HUMAN,Oxidation (M),M2:Oxidation (M):1000.00,PEAKS DB,2,FM(+15.99)SEVIQAY,False,526000.0,1.0,N
YLREEVKTF,0.05,SB,,2046,YLREEVKTF,23.48,1183.6237,9,0.7,592.8195,47.22,,163,9431,F120180713_KP_THP1_w632_Filter_Unen_180722164222.raw,2,,Q71RC2|LARP4_HUMAN,,,PEAKS DB,2,YLREEVKTF,False,14400000.0,2.0,N
QLRAQIMAY,0.05,SB,,1509,QLRAQIMAY,22.85,1108.5699,9,0.1,555.2923,47.84,,163,9674,F120180713_KP_THP1_w632_Filter_Unen_180722164222.raw,1,,P51532|SMCA4_HUMAN,Oxidation (M),M7:Oxidation (M):1000.00,PEAKS DB,2,QLRAQIM(+15.99)AY,False,2220000.0,1.0,N
LIKEDQVEY,0.05,SB,,1926,LIKEDQVEY,25.68,1135.576,9,0.0,568.7953,44.7,,163,8451,F120180713_KP_THP1_w632_Filter_Unen_180722164222.raw,1,,Q5JSL3|DOC11_HUMAN,,,PEAKS DB,2,LIKEDQVEY,False,11600000.0,1.0,N
FQYESKVFY,0.05,SB,,1693,FQYESKVFY,36.84,1209.5706,9,0.1,605.7926,63.71,,163,16017,F120180713_KP_THP1_w632_Filter_Unen_180722164222.raw,1,,Q04917|1433F_HUMAN,,,PEAKS DB,2,FQYESKVFY,False,81600000.0,1.0,N
FLRDKIASY,0.05,SB,,2013,FLRDKIASY,31.79,1111.6025,9,0.7,556.809,51.66,,163,11199,F120180713_KP_THP1_w632_Filter_Unen_180722164222.raw,1,,Q6PJG6|BRAT1_HUMAN,,,PEAKS DB,2,FLRDKIASY,False,7950000.0,1.0,N
FLKPDDIQY,0.05,SB,,1102,FLKPDDIQY,22.34,1137.5706,9,0.8,569.793,64.57,1630000.0,67,14961,F120180713_KP_THP1_BB72_Filter_Unen.raw,1,1.0,O75533|SF3B1_HUMAN,,,PEAKS DB,2,FLKPDDIQY,False,,,N
TLNERFTSY,0.05,SB,,2653,TLNERFTSY,31.64,1129.5404,9,0.7,565.7779,50.8,,163,10850,F120180713_KP_THP1_w632_Filter_Unen_180722164222.raw,1,,Q9NYF8|BCLF1_HUMAN,,,PEAKS DB,2,TLNERFTSY,False,1570000.0,1.0,N
YMIDAGTEF,0.05,SB,,734,YMIDAGTEF,18.35,1061.4375,9,1.1,531.7266,69.8,,163,18458,F120180713_KP_THP1_w632_Filter_Unen_180722164222.raw,1,,,Oxidation (M),M2:Oxidation (M):1000.00,PEAKS DB,2,YM(+15.99)IDAGTEF,False,3710000.0,1.0,N
LLREENEGY,0.05,SB,,569,LLREENEGY,13.83,1121.5353,9,1.1,561.7755,38.97,,163,6372,F120180713_KP_THP1_w632_Filter_Unen_180722164222.raw,1,,,,,PEAKS DB,2,LLREENEGY,False,1010000.0,1.0,N
TQYESKVFY,0.05,SB,,688,TQYESKVFY,16.29,1163.5498,9,1.0,582.7828,50.26,,163,10637,F120180713_KP_THP1_w632_Filter_Unen_180722164222.raw,1,,,,,PEAKS DB,2,TQYESKVFY,False,2610000.0,1.0,N
MLFNLGSAY,0.06,SB,,637,MLFNLGSAY,12.76,1030.4794,9,0.4,516.2472,86.91,,163,25278,F120180713_KP_THP1_w632_Filter_Unen_180722164222.raw,1,,,Oxidation (M),M1:Oxidation (M):1000.00,PEAKS DB,2,M(+15.99)LFNLGSAY,False,215000.0,1.0,N
FVKGWGAEY,0.07,SB,,1639,FVKGWGAEY,30.29,1055.5076,9,0.9,528.7615,57.75,,163,13627,F120180713_KP_THP1_w632_Filter_Unen_180722164222.raw,1,,P84022|SMAD3_HUMAN:Q15796|SMAD2_HUMAN:Q15797|SMAD1_HUMAN:Q99717|SMAD5_HUMAN:O15198|SMAD9_HUMAN,,,PEAKS DB,2,FVKGWGAEY,False,5700000.0,1.0,N
FIRDGELQY,0.07,SB,,2765,FIRDGELQY,25.63,1139.561,9,1.3,570.7885,56.52,,163,13132,F120180713_KP_THP1_w632_Filter_Unen_180722164222.raw,1,,Q9UNK9|ANGE1_HUMAN,,,PEAKS DB,2,FIRDGELQY,False,11900000.0,1.0,N
TVIDSQTHY,0.07,SB,,2810,TVIDSQTHY,25.07,1062.4982,9,1.0,532.2569,36.92,,163,5727,F120180713_KP_THP1_w632_Filter_Unen_180722164222.raw,1,,Q9Y3Q3|TMED3_HUMAN,,,PEAKS DB,2,TVIDSQTHY,False,22200000.0,1.0,N
HLRDYFEQY,0.07,SB,,646,HLRDYFEQY,17.03,1269.5778,9,1.0,635.7968,66.76,,163,17241,F120180713_KP_THP1_w632_Filter_Unen_180722164222.raw,1,,,,,PEAKS DB,2,HLRDYFEQY,False,2020000.0,1.0,N
EQKELQALY,0.07,SB,,1687,EQKELQALY,16.85,1120.5764,9,0.8,561.2959999999998,52.34,,163,11469,F120180713_KP_THP1_w632_Filter_Unen_180722164222.raw,1,,Q04637|IF4G1_HUMAN,,,PEAKS DB,2,EQKELQALY,False,5450000.0,1.0,N
LLADITSKY,0.07,SB,,1533,LLADITSKY,29.17,1022.5648,9,0.6,1023.5726,60.47,,163,14717,F120180713_KP_THP1_w632_Filter_Unen_180722164222.raw,2,,P52739|ZN131_HUMAN,,,PEAKS DB,1,LLADITSKY,False,26100000.0,2.0,N
YIFKERESF,0.07,SB,,2180,YIFKERESF,26.79,1217.608,9,1.0,609.8119,54.18,,163,12199,F120180713_KP_THP1_w632_Filter_Unen_180722164222.raw,2,,Q8N9N2|ASCC1_HUMAN,,,PEAKS DB,2,YIFKERESF,False,69200000.0,2.0,N
QVAPVANSY,0.07,SB,,1279,QVAPVANSY,27.18,947.4712,9,0.2,474.74300000000005,44.52,,163,8384,F120180713_KP_THP1_w632_Filter_Unen_180722164222.raw,1,,P15036|ETS2_HUMAN,,,PEAKS DB,2,QVAPVANSY,False,790000.0,1.0,N
EQRNLQVEY,0.07,SB,,1453,EQRNLQVEY,15.22,1177.5728,9,-0.3,589.7935,42.68,,163,7688,F120180713_KP_THP1_w632_Filter_Unen_180722164222.raw,1,,P46939|UTRO_HUMAN,,,PEAKS DB,2,EQRNLQVEY,False,370000.0,1.0,N
LLFEEYISY,0.07,SB,,2542,LLFEEYISY,22.9,1175.575,9,1.6,588.7957,103.74,,163,31918,F120180713_KP_THP1_w632_Filter_Unen_180722164222.raw,1,,Q9H583|HEAT1_HUMAN,,,PEAKS DB,2,LLFEEYISY,False,4200000.0,1.0,N
HLAPNHTTF,0.08,SB,,2405,HLAPNHTTF,21.85,1036.509,9,0.1,519.2618,37.37,,163,5867,F120180713_KP_THP1_w632_Filter_Unen_180722164222.raw,1,,Q96T21|SEBP2_HUMAN,,,PEAKS DB,2,HLAPNHTTF,False,1060000.0,1.0,N
TMHASILAY,0.08,SB,,971,TMHASILAY,26.24,1021.4902,9,1.1,511.7529,52.74,,163,11630,F120180713_KP_THP1_w632_Filter_Unen_180722164222.raw,1,,O14980|XPO1_HUMAN,Oxidation (M),M2:Oxidation (M):1000.00,PEAKS DB,2,TM(+15.99)HASILAY,False,2770000.0,1.0,N
VVAPITTGY,0.08,SB,,2563,VVAPITTGY,31.05,919.5015,9,1.2,920.5099,62.29,,163,15446,F120180713_KP_THP1_w632_Filter_Unen_180722164222.raw,2,,Q9HB71|CYBP_HUMAN,,,PEAKS DB,1,VVAPITTGY,False,127000000.0,2.0,N
ELRSLTQSY,0.08,SB,,1538,ELRSLTQSY,30.31,1095.556,9,0.6,548.7856,48.77,,163,10047,F120180713_KP_THP1_w632_Filter_Unen_180722164222.raw,1,,P52948|NUP98_HUMAN,,,PEAKS DB,2,ELRSLTQSY,False,3480000.0,1.0,N
YLNNSVMEY,0.08,SB,,1519,YLNNSVMEY,28.36,1147.4856,9,1.4,574.7509,52.95,,163,11714,F120180713_KP_THP1_w632_Filter_Unen_180722164222.raw,1,,P51946|CCNH_HUMAN,Oxidation (M),M7:Oxidation (M):1000.00,PEAKS DB,2,YLNNSVM(+15.99)EY,False,5610000.0,1.0,N
HVFPTFVAY,0.08,SB,,2030,HVFPTFVAY,23.91,1079.5439,9,1.2,540.7799,82.6,,163,23567,F120180713_KP_THP1_w632_Filter_Unen_180722164222.raw,1,,Q6UWJ1|TMCO3_HUMAN,,,PEAKS DB,2,HVFPTFVAY,False,322000.0,1.0,N
HQITVLHVY,0.08,SB,,2659,HQITVLHVY,33.99,1108.6029,9,0.7,555.3091,55.99,,163,12918,F120180713_KP_THP1_w632_Filter_Unen_180722164222.raw,1,,Q9NYP7|ELOV5_HUMAN,,,PEAKS DB,2,HQITVLHVY,False,1570000.0,1.0,N
QMSNITVTY,0.09,SB,,1591,QMSNITVTY,22.3,1071.4907,9,1.2,536.7533,52.98,,163,11724,F120180713_KP_THP1_w632_Filter_Unen_180722164222.raw,1,,P62318|SMD3_HUMAN,Oxidation (M),M2:Oxidation (M):1000.00,PEAKS DB,2,QM(+15.99)SNITVTY,False,1020000.0,1.0,N
TLRQERLSF,0.09,SB,,1834,TLRQERLSF,34.63,1148.6301,9,0.8,383.8843,50.79,,163,10846,F120180713_KP_THP1_w632_Filter_Unen_180722164222.raw,2,,Q15149|PLEC_HUMAN,,,PEAKS DB,3,TLRQERLSF,False,12300000.0,2.0,N
HLRDYFEEY,0.09,SB,,1321,HLRDYFEEY,29.97,1270.5618,9,1.7,636.2892,68.54,,163,17956,F120180713_KP_THP1_w632_Filter_Unen_180722164222.raw,1,,P22626|ROA2_HUMAN,,,PEAKS DB,2,HLRDYFEEY,False,6530000.0,1.0,N
EQRPGSILY,0.09,SB,,1946,EQRPGSILY,17.74,1061.5505,9,1.1,531.7831,50.13,,163,10583,F120180713_KP_THP1_w632_Filter_Unen_180722164222.raw,1,,Q5TBA9|FRY_HUMAN,,,PEAKS DB,2,EQRPGSILY,False,1020000.0,1.0,N
FLNKASAVY,0.09,SB,,1961,FLNKASAVY,25.98,1011.5389,9,0.7,506.7771,50.03,,163,10548,F120180713_KP_THP1_w632_Filter_Unen_180722164222.raw,1,,Q5VWZ2|LYPL1_HUMAN,,,PEAKS DB,2,FLNKASAVY,False,8300000.0,1.0,N
VVKPPGSSL,0.09,SB,,2271,VVKPPGSSL,31.26,882.5175,9,0.6,442.2663,38.29,,163,6150,F120180713_KP_THP1_w632_Filter_Unen_180722164222.raw,2,,Q92560|BAP1_HUMAN,,,PEAKS DB,2,VVKPPGSSL,False,11500000.0,2.0,N
ISREEMVSY,0.09,SB,,2068,ISREEMVSY,20.95,1112.5172,9,1.1,557.2665,45.42,,163,8731,F120180713_KP_THP1_w632_Filter_Unen_180722164222.raw,1,,Q7LDG7|GRP2_HUMAN,,,PEAKS DB,2,ISREEMVSY,False,7100000.0,1.0,N
TLFPFGSIAY,0.1,SB,,3226,TLFPFGSIAY,20.74,1114.5698,10,1.1,558.2928,109.26,,163,34068,F120180713_KP_THP1_w632_Filter_Unen_180722164222.raw,1,,Q9NX78|TM260_HUMAN,,,PEAKS DB,2,TLFPFGSIAY,False,1490000.0,1.0,N
ILGPPGSVY,0.1,SB,,1520,ILGPPGSVY,33.4,901.4909,9,1.2,902.4993,69.41,,163,18303,F120180713_KP_THP1_w632_Filter_Unen_180722164222.raw,2,,P51965|UB2E1_HUMAN:Q96LR5|UB2E2_HUMAN:Q969T4|UB2E3_HUMAN,,,PEAKS DB,1,ILGPPGSVY,False,214000000.0,2.0,N
FAFEHSEEY,0.1,SB,,2441,FAFEHSEEY,31.89,1157.4666,9,0.5,579.7408,55.45,,163,12702,F120180713_KP_THP1_w632_Filter_Unen_180722164222.raw,2,,Q9BQ70|TCF25_HUMAN,,,PEAKS DB,2,FAFEHSEEY,False,47200000.0,2.0,N
YMRLQLVRY,0.1,SB,,2442,YMRLQLVRY,27.86,1256.6699,9,0.5,419.8975,56.18,,163,12996,F120180713_KP_THP1_w632_Filter_Unen_180722164222.raw,1,,Q9BQA5|HINFP_HUMAN,Oxidation (M),M2:Oxidation (M):1000.00,PEAKS DB,3,YM(+15.99)RLQLVRY,False,588000.0,1.0,N
FLHEHKIVY,0.1,SB,,1866,FLHEHKIVY,33.69,1184.6342,9,0.7,593.3248,49.95,,163,10513,F120180713_KP_THP1_w632_Filter_Unen_180722164222.raw,2,,Q16512|PKN1_HUMAN,,,PEAKS DB,2,FLHEHKIVY,False,6730000.0,2.0,N
FVAEQKVEY,0.1,SB,,1688,FVAEQKVEY,36.8,1111.5549,9,0.1,556.7848,44.13,,163,8236,F120180713_KP_THP1_w632_Filter_Unen_180722164222.raw,1,,Q04637|IF4G1_HUMAN,,,PEAKS DB,2,FVAEQKVEY,False,53500000.0,1.0,N
EQILATAVY,0.2,SB,,2583,EQILATAVY,24.72,1006.5335,9,1.5,1007.5423,73.39,,163,19885,F120180713_KP_THP1_w632_Filter_Unen_180722164222.raw,2,,Q9NPJ6|MED4_HUMAN,,,PEAKS DB,1,EQILATAVY,False,23900000.0,2.0,N
FLFDGSPTY,0.2,SB,,1472,FLFDGSPTY,14.78,1045.4756,9,1.8,1046.4847,91.82,,163,27220,F120180713_KP_THP1_w632_Filter_Unen_180722164222.raw,1,,P49327|FAS_HUMAN,,,PEAKS DB,1,FLFDGSPTY,False,2610000.0,1.0,N
YLRDALPEY,0.2,SB,,1477,YLRDALPEY,19.16,1138.5658,9,0.9,570.2907,61.99,,163,15325,F120180713_KP_THP1_w632_Filter_Unen_180722164222.raw,1,,P49406|RM19_HUMAN,,,PEAKS DB,2,YLRDALPEY,False,861000.0,1.0,N
ILAIERESF,0.2,SB,,2540,ILAIERESF,28.99,1076.5865,9,1.9,539.3016,64.89,,163,16489,F120180713_KP_THP1_w632_Filter_Unen_180722164222.raw,1,,Q9H4A3|WNK1_HUMAN,,,PEAKS DB,2,ILAIERESF,False,20000000.0,1.0,N
HVIENSNAF,0.2,SB,,2511,HVIENSNAF,24.13,1029.4879,9,0.9,515.7517,44.18,,163,8254,F120180713_KP_THP1_w632_Filter_Unen_180722164222.raw,1,,Q9H0H5|RGAP1_HUMAN,,,PEAKS DB,2,HVIENSNAF,False,394000.0,1.0,N
ELAKQITSY,0.2,SB,,1501,ELAKQITSY,37.17,1051.5549,9,1.0,526.7853,46.61,,163,9193,F120180713_KP_THP1_w632_Filter_Unen_180722164222.raw,1,,P50990|TCPQ_HUMAN,,,PEAKS DB,2,ELAKQITSY,False,62600000.0,1.0,N
FLIDLKTRY,0.2,SB,,1518,FLIDLKTRY,22.14,1167.6652,9,1.7,584.8408,68.5,,163,17936,F120180713_KP_THP1_w632_Filter_Unen_180722164222.raw,2,,P51946|CCNH_HUMAN,,,PEAKS DB,2,FLIDLKTRY,False,770000.0,2.0,N
YLKANLIAF,0.2,SB,,2568,YLKANLIAF,27.5,1051.6066,9,2.1,526.8116,77.58,,163,21561,F120180713_KP_THP1_w632_Filter_Unen_180722164222.raw,1,,Q9HCI6|K1586_HUMAN,,,PEAKS DB,2,YLKANLIAF,False,5460000.0,1.0,N
TLHLERLAY,0.2,SB,,1624,TLHLERLAY,21.5,1114.6135,9,1.0,558.3146,59.17,,163,14195,F120180713_KP_THP1_w632_Filter_Unen_180722164222.raw,1,,P78395|PRAME_HUMAN,,,PEAKS DB,2,TLHLERLAY,False,1730000.0,1.0,N
GIIRVEESF,0.2,SB,,2498,GIIRVEESF,26.59,1048.5553,9,1.4,525.2856,66.37,,163,17085,F120180713_KP_THP1_w632_Filter_Unen_180722164222.raw,1,,Q9BZQ6|EDEM3_HUMAN,,,PEAKS DB,2,GIIRVEESF,False,640000.0,1.0,N
IMREEVSFF,0.2,SB,,521,IMREEVSFF,13.23,1172.5536,9,1.6,587.285,68.43,,163,17911,F120180713_KP_THP1_w632_Filter_Unen_180722164222.raw,1,,,Oxidation (M),M2:Oxidation (M):1000.00,PEAKS DB,2,IM(+15.99)REEVSFF,False,2680000.0,1.0,N
HVANTLSVY,0.2,SB,,2285,HVANTLSVY,30.11,1002.5134,9,1.3,502.2646,49.63,,163,10389,F120180713_KP_THP1_w632_Filter_Unen_180722164222.raw,1,,Q92643|GPI8_HUMAN,,,PEAKS DB,2,HVANTLSVY,False,921000.0,1.0,N
ELKAPGISY,0.2,SB,,2258,ELKAPGISY,23.54,976.5229,9,1.0,489.2692,54.41,,163,12288,F120180713_KP_THP1_w632_Filter_Unen_180722164222.raw,1,,Q8WYR1|PI3R5_HUMAN,,,PEAKS DB,2,ELKAPGISY,False,1770000.0,1.0,N
YVAHERLSY,0.2,SB,,2246,YVAHERLSY,21.21,1136.5614,9,0.8,569.2885,37.17,,163,5803,F120180713_KP_THP1_w632_Filter_Unen_180722164222.raw,1,,Q8WVJ9|TWST2_HUMAN:Q15672|TWST1_HUMAN,,,PEAKS DB,2,YVAHERLSY,False,2020000.0,1.0,N
AQFEHTILL,0.2,SB,,1795,AQFEHTILL,30.95,1070.576,9,0.5,536.2956,72.85,43400000.0,67,18254,F120180713_KP_THP1_BB72_Filter_Unen.raw,2,2.0,P50579|MAP2_HUMAN,,,PEAKS DB,2,AQFEHTILL,False,,,N
TIKSGDLEY,0.2,SB,,2342,TIKSGDLEY,25.72,1024.5077,9,1.3,513.2618,42.74,,163,7712,F120180713_KP_THP1_w632_Filter_Unen_180722164222.raw,1,,Q96EU7|C1GLC_HUMAN,,,PEAKS DB,2,TIKSGDLEY,False,11500000.0,1.0,N
TAIKIQSVY,0.2,SB,,2151,TAIKIQSVY,34.05,1021.5807,9,0.7,511.798,53.69,,163,12009,F120180713_KP_THP1_w632_Filter_Unen_180722164222.raw,1,,Q8IZT6|ASPM_HUMAN,,,PEAKS DB,2,TAIKIQSVY,False,2740000.0,1.0,N
WMAEQKISY,0.2,SB,,2119,WMAEQKISY,26.99,1154.543,9,0.8,578.2792,55.89,,163,12880,F120180713_KP_THP1_w632_Filter_Unen_180722164222.raw,1,,Q86X95|CIR1_HUMAN,,,PEAKS DB,2,WMAEQKISY,False,1770000.0,1.0,N
SLPDFGISY,0.2,SB,,2110,SLPDFGISY,19.63,997.4756,9,0.8,998.4837,90.87,,163,26845,F120180713_KP_THP1_w632_Filter_Unen_180722164222.raw,1,,Q86UX7|URP2_HUMAN,,,PEAKS DB,1,SLPDFGISY,False,73100000.0,1.0,N
SLKTPGTSL,0.2,SB,,2051,SLKTPGTSL,23.27,902.5073,9,-0.4,452.2607,41.97,,163,7421,F120180713_KP_THP1_w632_Filter_Unen_180722164222.raw,1,,Q76L83|ASXL2_HUMAN,,,PEAKS DB,2,SLKTPGTSL,False,352000.0,1.0,N
LLKLETNEF,0.2,SB,,2045,LLKLETNEF,25.7,1105.6019,9,1.2,553.8089,67.76,,163,17643,F120180713_KP_THP1_w632_Filter_Unen_180722164222.raw,1,,Q70UQ0|IKIP_HUMAN,,,PEAKS DB,2,LLKLETNEF,False,2190000.0,1.0,N
FVAEERVSF,0.2,SB,,2044,FVAEERVSF,31.37,1082.5396,9,1.4,542.2778,58.44,,163,13902,F120180713_KP_THP1_w632_Filter_Unen_180722164222.raw,2,,Q6ZS81|WDFY4_HUMAN,,,PEAKS DB,2,FVAEERVSF,False,50200000.0,2.0,N
KLYESELTLF,0.2,SB,,2630,KLYESELTLF,16.69,1241.6543,10,1.0,621.835,87.37,991000.0,67,24005,F120180713_KP_THP1_BB72_Filter_Unen.raw,1,1.0,Q6EKJ0|GTD2B_HUMAN:Q86UP8|GTD2A_HUMAN,,,PEAKS DB,2,KLYESELTLF,False,,,N
GIIRPGTAF,0.2,SB,,1836,GIIRPGTAF,29.61,930.5287,9,1.1,466.2721,60.68,,163,14802,F120180713_KP_THP1_w632_Filter_Unen_180722164222.raw,1,,Q15149|PLEC_HUMAN,,,PEAKS DB,2,GIIRPGTAF,False,473000.0,1.0,N
MQKLLLEY,0.2,SB,,453,MQKLLLEY,23.3,1052.5576,8,1.5,527.2869,62.74,,163,15625,F120180713_KP_THP1_w632_Filter_Unen_180722164222.raw,1,,Q9UJF2|NGAP_HUMAN,Oxidation (M),M1:Oxidation (M):1000.00,PEAKS DB,2,M(+15.99)QKLLLEY,False,630000.0,1.0,N
AAFPGASLY,0.2,SB,,1821,AAFPGASLY,33.02,895.4439,9,1.2,896.4523,76.93,,163,21298,F120180713_KP_THP1_w632_Filter_Unen_180722164222.raw,2,,Q15038|DAZP2_HUMAN,,,PEAKS DB,1,AAFPGASLY,False,155000000.0,2.0,N
TMAAIHESF,0.2,SB,,1695,TMAAIHESF,30.53,1021.4539,9,0.5,511.7345,40.38,,163,6849,F120180713_KP_THP1_w632_Filter_Unen_180722164222.raw,1,,Q05084|ICA69_HUMAN,Oxidation (M),M2:Oxidation (M):1000.00,PEAKS DB,2,TM(+15.99)AAIHESF,False,1550000.0,1.0,N
HAIQGTLSY,0.2,SB,,1690,HAIQGTLSY,29.96,988.4978,9,0.7,495.2565,45.66,,163,8826,F120180713_KP_THP1_w632_Filter_Unen_180722164222.raw,2,,Q04721|NOTC2_HUMAN,,,PEAKS DB,2,HAIQGTLSY,False,7690000.0,2.0,N
SLKVDNLTY,0.2,SB,,1663,SLKVDNLTY,26.76,1051.5549,9,0.9,526.7852,56.17,,163,12990,F120180713_KP_THP1_w632_Filter_Unen_180722164222.raw,1,,Q01130|SRSF2_HUMAN,,,PEAKS DB,2,SLKVDNLTY,False,4100000.0,1.0,N
SQHYHQGYY,0.2,SB,,1661,SQHYHQGYY,11.52,1181.489,9,1.1,591.7524,28.36,,163,3675,F120180713_KP_THP1_w632_Filter_Unen_180722164222.raw,1,,Q00839|HNRPU_HUMAN,,,PEAKS DB,2,SQHYHQGYY,False,382000.0,1.0,N
LSRLQVESY,0.2,SB,,553,LSRLQVESY,12.46,1093.5768,9,2.9,547.7972,49.79,,163,10452,F120180713_KP_THP1_w632_Filter_Unen_180722164222.raw,0,,,,,PEAKS DB,2,LSRLQVESY,False,0.0,0.0,N
HIKPDQFTY,0.2,SB,,658,HIKPDQFTY,12.76,1147.5662,9,0.8,574.7908,48.72,,163,10026,F120180713_KP_THP1_w632_Filter_Unen_180722164222.raw,1,,,,,PEAKS DB,2,HIKPDQFTY,False,300000.0,1.0,N
QMHLDRQQF,0.2,SB,,842,QMHLDRQQF,18.76,1217.5612,9,1.1,609.7885,32.0,,163,4432,F120180713_KP_THP1_w632_Filter_Unen_180722164222.raw,1,,,Oxidation (M),M2:Oxidation (M):1000.00,PEAKS DB,2,QM(+15.99)HLDRQQF,False,2040000.0,1.0,N
FLHPFPSESY,0.2,SB,,2896,FLHPFPSESY,11.6,1222.5658,10,1.8,612.2913,68.94,,163,18112,F120180713_KP_THP1_w632_Filter_Unen_180722164222.raw,1,,,,,PEAKS DB,2,FLHPFPSESY,False,365000.0,1.0,N
TLKVDNLTY,0.2,SB,,671,TLKVDNLTY,15.46,1065.5706,9,2.3,533.7938,56.83,,163,13255,F120180713_KP_THP1_w632_Filter_Unen_180722164222.raw,1,,,,,PEAKS DB,2,TLKVDNLTY,False,1830000.0,1.0,N
TLMLEHQAF,0.2,SB,,2823,TLMLEHQAF,17.03,1088.5325,9,0.8,545.2739,63.76,,163,16035,F120180713_KP_THP1_w632_Filter_Unen_180722164222.raw,1,,Q9Y4A5|TRRAP_HUMAN,,,PEAKS DB,2,TLMLEHQAF,False,815000.0,1.0,N
QQMWISKQEY,0.2,SB,,2981,QQMWISKQEY,20.88,1355.6179,10,0.8,678.8168,47.3,,163,9464,F120180713_KP_THP1_w632_Filter_Unen_180722164222.raw,2,,O96019|ACL6A_HUMAN:Q562R1|ACTBL_HUMAN:A5A3E0|POTEF_HUMAN:P60709|ACTB_HUMAN:P63261|ACTG_HUMAN:Q6S8J3|POTEE_HUMAN:P0CG39|POTEJ_HUMAN:P0CG38|POTEI_HUMAN,Oxidation (M),M3:Oxidation (M):1000.00,PEAKS DB,2,QQM(+15.99)WISKQEY,False,3740000.0,2.0,N
HVHSEFESF,0.2,SB,,1296,HVHSEFESF,29.9,1117.4828,9,1.5,559.7495,49.09,,163,10174,F120180713_KP_THP1_w632_Filter_Unen_180722164222.raw,1,,P17947|SPI1_HUMAN,,,PEAKS DB,2,HVHSEFESF,False,4580000.0,1.0,N
AAAAAQSVY,0.2,SB,,1199,AAAAAQSVY,12.76,850.4185,9,0.3,851.426,50.62,,163,10778,F120180713_KP_THP1_w632_Filter_Unen_180722164222.raw,1,,P07203|GPX1_HUMAN,,,PEAKS DB,1,AAAAAQSVY,False,329000.0,1.0,N
YVSDINSVY,0.2,SB,,2677,YVSDINSVY,34.14,1058.4921,9,0.9,530.2538,62.89,,163,15687,F120180713_KP_THP1_w632_Filter_Unen_180722164222.raw,1,,Q9P2D0|IBTK_HUMAN,,,PEAKS DB,2,YVSDINSVY,False,670000.0,1.0,N
AVHPSGVAL,0.2,SB,,1184,AVHPSGVAL,17.85,849.4708,9,1.4,850.4793,55.47,,163,12711,F120180713_KP_THP1_w632_Filter_Unen_180722164222.raw,1,,P05161|ISG15_HUMAN,,,PEAKS DB,1,AVHPSGVAL,False,455000.0,1.0,N
TAMPYLTSY,0.2,SB,,2839,TAMPYLTSY,18.03,1061.474,9,1.6,531.7451,61.86,,163,15274,F120180713_KP_THP1_w632_Filter_Unen_180722164222.raw,2,,Q9Y5A9|YTHD2_HUMAN,Oxidation (M),M3:Oxidation (M):1000.00,PEAKS DB,2,TAM(+15.99)PYLTSY,False,29600000.0,2.0,N
EQRSGDITY,0.2,SB,,895,EQRSGDITY,18.75,1067.4883,9,1.0,534.752,31.99,,163,4431,F120180713_KP_THP1_w632_Filter_Unen_180722164222.raw,1,,,,,PEAKS DB,2,EQRSGDITY,False,2360000.0,1.0,N
IVRLERETF,0.2,SB,,941,IVRLERETF,27.16,1161.6505,9,1.1,388.2245,50.42,,163,10699,F120180713_KP_THP1_w632_Filter_Unen_180722164222.raw,2,,O00267|SPT5H_HUMAN,,,PEAKS DB,3,IVRLERETF,False,3660000.0,2.0,N
HLRGNEVLY,0.2,SB,,1374,HLRGNEVLY,27.91,1099.5774,9,0.9,550.7964,46.17,,163,9030,F120180713_KP_THP1_w632_Filter_Unen_180722164222.raw,1,,P30876|RPB2_HUMAN,,,PEAKS DB,2,HLRGNEVLY,False,2530000.0,1.0,N
DQREGGQVY,0.2,SB,,1348,DQREGGQVY,11.75,1050.473,9,0.8,526.2442,28.25,,163,3654,F120180713_KP_THP1_w632_Filter_Unen_180722164222.raw,1,,P28065|PSB9_HUMAN,,,PEAKS DB,2,DQREGGQVY,False,544000.0,1.0,N
ELRGEGLEY,0.2,SB,,886,ELRGEGLEY,12.09,1064.5138,9,0.5,533.2645,43.65,,163,8054,F120180713_KP_THP1_w632_Filter_Unen_180722164222.raw,1,,,,,PEAKS DB,2,ELRGEGLEY,False,1200000.0,1.0,N
FLQESNVLY,0.2,SB,,1415,FLQESNVLY,26.03,1111.5549,9,1.4,556.7855,77.54,,163,21544,F120180713_KP_THP1_w632_Filter_Unen_180722164222.raw,1,,P40763|STAT3_HUMAN,,,PEAKS DB,2,FLQESNVLY,False,4650000.0,1.0,N
FMKRDLTEF,0.2,SB,,2640,FMKRDLTEF,24.06,1201.5801,9,1.1,601.798,50.24,,163,10628,F120180713_KP_THP1_w632_Filter_Unen_180722164222.raw,1,,Q9NW68|BSDC1_HUMAN,Oxidation (M),M2:Oxidation (M):1000.00,PEAKS DB,2,FM(+15.99)KRDLTEF,False,2540000.0,1.0,N
EIREELEQY,0.2,SB,,1139,EIREELEQY,17.85,1207.572,9,1.9,604.7944,53.42,,163,11903,F120180713_KP_THP1_w632_Filter_Unen_180722164222.raw,1,,O95602|RPA1_HUMAN,,,PEAKS DB,2,EIREELEQY,False,5760000.0,1.0,N
NLKEELQVF,0.2,SB,,789,NLKEELQVF,13.98,1118.5972,9,1.0,560.3064,74.29,,163,20247,F120180713_KP_THP1_w632_Filter_Unen_180722164222.raw,1,,,,,PEAKS DB,2,NLKEELQVF,False,507000.0,1.0,N
QERPSVTSY,0.2,SB,,2729,QERPSVTSY,26.06,1065.509,9,1.0,533.7623,33.63,,163,4824,F120180713_KP_THP1_w632_Filter_Unen_180722164222.raw,1,,Q9UJX3|APC7_HUMAN,,,PEAKS DB,2,QERPSVTSY,False,9160000.0,1.0,N
TLKEDWIAY,0.2,SB,,1148,TLKEDWIAY,23.44,1137.5706,9,1.6,569.7935,70.05,,163,18557,F120180713_KP_THP1_w632_Filter_Unen_180722164222.raw,1,,O95819|M4K4_HUMAN,,,PEAKS DB,2,TLKEDWIAY,False,21400000.0,1.0,N
TAIDDMEAY,0.3,SB,,2811,TAIDDMEAY,29.99,1043.4117,9,1.0,522.7137,47.41,,163,9507,F120180713_KP_THP1_w632_Filter_Unen_180722164222.raw,1,,Q9Y3Z3|SAMH1_HUMAN,Oxidation (M),M6:Oxidation (M):1000.00,PEAKS DB,2,TAIDDM(+15.99)EAY,False,2420000.0,1.0,N
EQIKEVITF,0.3,SB,,1667,EQIKEVITF,28.13,1105.6019,9,1.5,553.8091,67.28,,163,17451,F120180713_KP_THP1_w632_Filter_Unen_180722164222.raw,1,,Q01518|CAP1_HUMAN,,,PEAKS DB,2,EQIKEVITF,False,2980000.0,1.0,N
TSFPHESTF,0.3,SB,,2115,TSFPHESTF,30.48,1051.4611,9,0.7,526.7382,49.55,,163,10356,F120180713_KP_THP1_w632_Filter_Unen_180722164222.raw,0,,Q86WP2|GPBP1_HUMAN,,,PEAKS DB,2,TSFPHESTF,False,0.0,0.0,N
EMMKVVQVY,0.3,SB,,2773,EMMKVVQVY,11.88,1125.5563,9,1.4,563.7862,62.22,,163,15417,F120180713_KP_THP1_w632_Filter_Unen_180722164222.raw,1,,Q9UPN9|TRI33_HUMAN,,,PEAKS DB,2,EMMKVVQVY,False,461000.0,1.0,N
EQRLILQY,0.3,SB,,467,EQRLILQY,27.01,1061.5869,8,1.0,531.8013,62.63,,163,15584,F120180713_KP_THP1_w632_Filter_Unen_180722164222.raw,1,,Q9Y4B6|VPRBP_HUMAN,,,PEAKS DB,2,EQRLILQY,False,3760000.0,1.0,N
MAHSFGESY,0.3,SB,,2079,MAHSFGESY,19.39,1027.4069,9,1.2,514.7113,42.24,,163,7520,F120180713_KP_THP1_w632_Filter_Unen_180722164222.raw,1,,Q7Z403|TMC6_HUMAN,,,PEAKS DB,2,MAHSFGESY,False,528000.0,1.0,N
NMNDLVSEY,0.3,SB,,1204,NMNDLVSEY,11.93,1083.4542,9,1.7,542.7353,71.15,,163,18988,F120180713_KP_THP1_w632_Filter_Unen_180722164222.raw,1,,P07437|TBB5_HUMAN:Q13885|TBB2A_HUMAN:Q9BVA1|TBB2B_HUMAN,,,PEAKS DB,2,NMNDLVSEY,False,261000.0,1.0,N
YMNPYQLNAY,0.3,SB,,3146,YMNPYQLNAY,34.23,1291.5543,10,1.9,646.7856,68.09,,163,17774,F120180713_KP_THP1_w632_Filter_Unen_180722164222.raw,1,,Q86YQ8|CPNE8_HUMAN,Oxidation (M),M2:Oxidation (M):1000.00,PEAKS DB,2,YM(+15.99)NPYQLNAY,False,3130000.0,1.0,N
HLYEGDNLY,0.3,SB,,2748,HLYEGDNLY,27.37,1122.4982,9,4.9,562.2591,55.72,,163,12811,F120180713_KP_THP1_w632_Filter_Unen_180722164222.raw,1,,Q9ULT0|TTC7A_HUMAN,,,PEAKS DB,2,HLYEGDNLY,False,403000.0,1.0,N
AFIHISTAY,0.3,SB,,2363,AFIHISTAY,29.56,1021.5233,9,1.3,511.7696,66.65,,163,17199,F120180713_KP_THP1_w632_Filter_Unen_180722164222.raw,1,,Q96K12|FACR2_HUMAN,,,PEAKS DB,2,AFIHISTAY,False,5480000.0,1.0,N
WVKLEKTTY,0.3,SB,,2737,WVKLEKTTY,31.34,1166.6335,9,0.9,584.3246,46.68,,163,9222,F120180713_KP_THP1_w632_Filter_Unen_180722164222.raw,1,,Q9UKK9|NUDT5_HUMAN,,,PEAKS DB,2,WVKLEKTTY,False,6190000.0,1.0,N
ELHRLQVSY,0.3,SB,,1169,ELHRLQVSY,28.43,1143.6036,9,0.6,572.8094,47.2,,163,9424,F120180713_KP_THP1_w632_Filter_Unen_180722164222.raw,1,,P04150|GCR_HUMAN,,,PEAKS DB,2,ELHRLQVSY,False,2190000.0,1.0,N
TAMPKLLSY,0.3,SB,,1869,TAMPKLLSY,30.74,1038.542,9,0.8,520.2787,53.93,,163,12105,F120180713_KP_THP1_w632_Filter_Unen_180722164222.raw,1,,Q16533|SNPC1_HUMAN,Oxidation (M),M3:Oxidation (M):1000.00,PEAKS DB,2,TAM(+15.99)PKLLSY,False,1670000.0,1.0,N
HLIDDYGNTY,0.3,SB,,3241,HLIDDYGNTY,37.21,1209.5302,10,1.4,605.7732,57.82,,163,13655,F120180713_KP_THP1_w632_Filter_Unen_180722164222.raw,1,,Q9Y223|GLCNE_HUMAN,,,PEAKS DB,2,HLIDDYGNTY,False,1140000.0,1.0,N
MLHQDHITF,0.3,SB,,1776,MLHQDHITF,28.91,1156.5336,9,0.7,579.2745,45.61,,163,8807,F120180713_KP_THP1_w632_Filter_Unen_180722164222.raw,2,,Q14204|DYHC1_HUMAN,Oxidation (M),M1:Oxidation (M):1000.00,PEAKS DB,2,M(+15.99)LHQDHITF,False,2840000.0,2.0,N
YSFGAMVAY,0.3,SB,,1900,YSFGAMVAY,22.5,1023.4371,9,1.5,512.7266,71.62,,163,19177,F120180713_KP_THP1_w632_Filter_Unen_180722164222.raw,1,,Q4LDE5|SVEP1_HUMAN,Oxidation (M),M6:Oxidation (M):1000.00,PEAKS DB,2,YSFGAM(+15.99)VAY,False,879000.0,1.0,N
LSHEESVSF,0.3,SB,,1054,LSHEESVSF,32.47,1033.4716,9,0.2,517.7432,44.75,,163,8470,F120180713_KP_THP1_w632_Filter_Unen_180722164222.raw,1,,O60381|HBP1_HUMAN,,,PEAKS DB,2,LSHEESVSF,False,6630000.0,1.0,N
ALQRLVNLY,0.3,SB,,2312,ALQRLVNLY,26.68,1088.6342,9,1.8,545.3253,69.93,,163,18509,F120180713_KP_THP1_w632_Filter_Unen_180722164222.raw,1,,Q92974|ARHG2_HUMAN,,,PEAKS DB,2,ALQRLVNLY,False,409000.0,1.0,N
PLYPGASEY,0.3,SB,,2129,PLYPGASEY,12.26,995.46,9,4.6,996.4719,60.11,,163,14573,F120180713_KP_THP1_w632_Filter_Unen_180722164222.raw,0,,Q86Z02|HIPK1_HUMAN,,,PEAKS DB,1,PLYPGASEY,False,0.0,0.0,N
KLFQGQLVL,0.3,SB,,1143,KLFQGQLVL,23.16,1044.6332,9,0.6,523.3242,82.8,14300000.0,67,22200,F120180713_KP_THP1_BB72_Filter_Unen.raw,1,1.0,O94782|UBP1_HUMAN,,,PEAKS DB,2,KLFQGQLVL,False,,,N
HMHNRFVVY,0.3,SB,,645,HMHNRFVVY,11.98,1217.5764,9,0.7,406.8664,49.22,,163,10228,F120180713_KP_THP1_w632_Filter_Unen_180722164222.raw,1,,,Oxidation (M),M2:Oxidation (M):1000.00,PEAKS DB,3,HM(+15.99)HNRFVVY,False,1110000.0,1.0,N
FLREEYGTF,0.3,SB,,2644,FLREEYGTF,20.08,1160.5502,9,0.9,581.2829,64.72,,163,16423,F120180713_KP_THP1_w632_Filter_Unen_180722164222.raw,1,,Q9NX78|TM260_HUMAN,,,PEAKS DB,2,FLREEYGTF,False,1140000.0,1.0,N
WLYQEYNAY,0.3,SB,,2291,WLYQEYNAY,24.73,1248.5452,9,1.3,625.2806,81.74,,163,23221,F120180713_KP_THP1_w632_Filter_Unen_180722164222.raw,1,,Q92797|SYMPK_HUMAN,,,PEAKS DB,2,WLYQEYNAY,False,1270000.0,1.0,N
EVIPTHTVY,0.3,SB,,2326,EVIPTHTVY,12.38,1057.5444,9,0.3,529.7797,49.95,,163,10512,F120180713_KP_THP1_w632_Filter_Unen_180722164222.raw,1,,Q96BN2|TADA1_HUMAN,,,PEAKS DB,2,EVIPTHTVY,False,2430000.0,1.0,N
ELADIKQAY,0.3,SB,,2254,ELADIKQAY,27.48,1049.5393,9,1.0,525.7775,48.54,,163,9957,F120180713_KP_THP1_w632_Filter_Unen_180722164222.raw,1,,Q8WXX5|DNJC9_HUMAN,,,PEAKS DB,2,ELADIKQAY,False,1530000.0,1.0,N
EQRMITVVY,0.3,SB,,894,EQRMITVVY,14.83,1153.5801,9,1.1,577.798,50.39,,163,10690,F120180713_KP_THP1_w632_Filter_Unen_180722164222.raw,1,,,Oxidation (M),M4:Oxidation (M):1000.00,PEAKS DB,2,EQRM(+15.99)ITVVY,False,2750000.0,1.0,N
FSREELTGY,0.3,SB,,2221,FSREELTGY,30.72,1100.5138,9,1.4,551.265,51.48,,163,11125,F120180713_KP_THP1_w632_Filter_Unen_180722164222.raw,1,,Q8TDF6|GRP4_HUMAN,,,PEAKS DB,2,FSREELTGY,False,2140000.0,1.0,N
EVAPAGASY,0.3,SB,,2666,EVAPAGASY,20.75,863.4025,9,0.6,432.7088,40.42,,163,6863,F120180713_KP_THP1_w632_Filter_Unen_180722164222.raw,1,,Q9NZM5|GSCR2_HUMAN,,,PEAKS DB,2,EVAPAGASY,False,487000.0,1.0,N
TSFHATTTY,0.3,SB,,687,TSFHATTTY,15.0,1027.4611,9,1.1,1028.4695,43.13,,163,7857,F120180713_KP_THP1_w632_Filter_Unen_180722164222.raw,1,,,,,PEAKS DB,1,TSFHATTTY,False,6340000.0,1.0,N
IQRTPKIQVY,0.3,SB,,3052,IQRTPKIQVY,20.69,1244.7241,10,0.7,623.3698,45.02,,163,8580,F120180713_KP_THP1_w632_Filter_Unen_180722164222.raw,1,,P61769|B2MG_HUMAN,,,PEAKS DB,2,IQRTPKIQVY,False,843000.0,1.0,N
TVFREVVSF,0.3,SB,,2209,TVFREVVSF,25.13,1082.576,9,4.8,542.2979,75.35,,163,20667,F120180713_KP_THP1_w632_Filter_Unen_180722164222.raw,1,,Q8NFI3|ENASE_HUMAN,,,PEAKS DB,2,TVFREVVSF,False,646000.0,1.0,N
TIRNDLVTY,0.3,SB,,676,TIRNDLVTY,11.57,1093.5768,9,1.1,547.7963,60.14,,163,14586,F120180713_KP_THP1_w632_Filter_Unen_180722164222.raw,1,,,,,PEAKS DB,2,TIRNDLVTY,False,347000.0,1.0,N
HLYPLIETQY,0.3,SB,,3240,HLYPLIETQY,40.19,1275.6499,10,1.1,638.8329,75.48,,163,20719,F120180713_KP_THP1_w632_Filter_Unen_180722164222.raw,1,,Q9UPZ6|THS7A_HUMAN,,,PEAKS DB,2,HLYPLIETQY,False,37700000.0,1.0,N
HLQFPGAVY,0.3,SB,,1561,HLQFPGAVY,33.4,1030.5236,9,2.1,516.2701,69.61,,163,18383,F120180713_KP_THP1_w632_Filter_Unen_180722164222.raw,1,,P55211|CASP9_HUMAN,,,PEAKS DB,2,HLQFPGAVY,False,4790000.0,1.0,N
SAAPFAQRY,0.3,SB,,827,SAAPFAQRY,16.09,1009.4981,9,0.6,505.7567,43.1,,163,7845,F120180713_KP_THP1_w632_Filter_Unen_180722164222.raw,1,,,,,PEAKS DB,2,SAAPFAQRY,False,770000.0,1.0,N
GVSGALATY,0.3,SB,,662,GVSGALATY,16.7,837.4232,9,1.2,838.4315,67.41,,163,17500,F120180713_KP_THP1_w632_Filter_Unen_180722164222.raw,1,,,,,PEAKS DB,1,GVSGALATY,False,2720000.0,1.0,N
WLKVIKEAY,0.3,SB,,2168,WLKVIKEAY,29.16,1148.6593,9,0.3,575.3371,62.67,,163,15599,F120180713_KP_THP1_w632_Filter_Unen_180722164222.raw,1,,Q8N556|AFAP1_HUMAN,,,PEAKS DB,2,WLKVIKEAY,False,604000.0,1.0,N
FLNDSYLKY,0.3,SB,,2164,FLNDSYLKY,20.5,1161.5706,9,1.7,581.7935,68.06,,163,17762,F120180713_KP_THP1_w632_Filter_Unen_180722164222.raw,1,,Q8N3U4|STAG2_HUMAN,,,PEAKS DB,2,FLNDSYLKY,False,835000.0,1.0,N
KLLQLQEVF,0.3,SB,,1664,KLLQLQEVF,15.13,1116.6543,9,0.1,559.3345,86.69,3850000.0,67,23737,F120180713_KP_THP1_BB72_Filter_Unen.raw,1,1.0,P42575|CASP2_HUMAN,,,PEAKS DB,2,KLLQLQEVF,False,,,N
SGRKDQVAY,0.4,SB,,952,SGRKDQVAY,12.32,1022.5145,9,1.2,512.2651,24.5,,163,2993,F120180713_KP_THP1_w632_Filter_Unen_180722164222.raw,1,,O00629|IMA3_HUMAN,,,PEAKS DB,2,SGRKDQVAY,False,474000.0,1.0,N
IMKIDIEKF,0.4,SB,,2052,IMKIDIEKF,18.45,1151.626,9,1.0,384.883,56.18,,163,12994,F120180713_KP_THP1_w632_Filter_Unen_180722164222.raw,1,,Q7KZ85|SPT6H_HUMAN,Oxidation (M),M2:Oxidation (M):1000.00,PEAKS DB,3,IM(+15.99)KIDIEKF,False,989000.0,1.0,N
FIMPIEVHF,0.4,SB,,2070,FIMPIEVHF,30.03,1147.5736,9,0.7,574.7945,83.88,1100000.0,67,22620,F120180713_KP_THP1_BB72_Filter_Unen.raw,1,1.0,Q03111|ENL_HUMAN,Oxidation (M),M3:Oxidation (M):1000.00,PEAKS DB,2,FIM(+15.99)PIEVHF,False,,,N
RQFDDTENW,0.4,SB,,803,RQFDDTENW,14.0,1210.489,9,-4.0,1211.4915,52.66,,163,11597,F120180713_KP_THP1_w632_Filter_Unen_180722164222.raw,1,,,Deamidation (NQ),N8:Deamidation (NQ):13.13,PEAKS DB,1,RQFDDTEN(+.98)W,False,1950000.0,1.0,N
SMISSIVNSTY,0.4,SB,,3321,SMISSIVNSTY,21.37,1216.5646,11,1.1,609.2902,68.96,,163,18122,F120180713_KP_THP1_w632_Filter_Unen_180722164222.raw,1,,Q01826|SATB1_HUMAN:Q9UPW6|SATB2_HUMAN,Oxidation (M),M2:Oxidation (M):1000.00,PEAKS DB,2,SM(+15.99)ISSIVNSTY,False,410000.0,1.0,N
TLFGNNKLTTF,0.4,SB,,3316,TLFGNNKLTTF,22.42,1254.6608,11,1.8,628.3388,75.63,,163,20780,F120180713_KP_THP1_w632_Filter_Unen_180722164222.raw,1,,P52948|NUP98_HUMAN,,,PEAKS DB,2,TLFGNNKLTTF,False,932000.0,1.0,N
KQYGNEVFL,0.4,SB,,1798,KQYGNEVFL,29.46,1096.5553,9,0.8,549.2853,60.95,23500000.0,67,13516,F120180713_KP_THP1_BB72_Filter_Unen.raw,1,1.0,P50990|TCPQ_HUMAN,,,PEAKS DB,2,KQYGNEVFL,False,,,N
ELYHQSVVY,0.4,SB,,887,ELYHQSVVY,15.43,1136.5502,9,0.9,569.2829,51.43,,163,11104,F120180713_KP_THP1_w632_Filter_Unen_180722164222.raw,1,,,,,PEAKS DB,2,ELYHQSVVY,False,899000.0,1.0,N
FVIEEKHGF,0.4,SB,,1100,FVIEEKHGF,15.51,1104.5603,9,0.5,553.2877,49.33,,163,10268,F120180713_KP_THP1_w632_Filter_Unen_180722164222.raw,1,,O75844|FACE1_HUMAN,,,PEAKS DB,2,FVIEEKHGF,False,1190000.0,1.0,N
YGKLEAVQY,0.4,SB,,1158,YGKLEAVQY,25.12,1069.5444,9,0.9,535.78,49.69,,163,10413,F120180713_KP_THP1_w632_Filter_Unen_180722164222.raw,1,,P01040|CYTA_HUMAN,,,PEAKS DB,2,YGKLEAVQY,False,11200000.0,1.0,N
QSFTGSRTY,0.4,SB,,2505,QSFTGSRTY,15.93,1045.4829,9,1.3,523.7494,32.99,,163,4684,F120180713_KP_THP1_w632_Filter_Unen_180722164222.raw,1,,Q9GZY6|NTAL_HUMAN,,,PEAKS DB,2,QSFTGSRTY,False,597000.0,1.0,N
YPQPPSQSY,0.4,SB,,1310,YPQPPSQSY,24.57,1065.4767,9,0.9,533.7461,47.88,,163,9689,F120180713_KP_THP1_w632_Filter_Unen_180722164222.raw,1,,P20073|ANXA7_HUMAN,,,PEAKS DB,2,YPQPPSQSY,False,1180000.0,1.0,N
LLAQPGEAL,0.4,SB,,573,LLAQPGEAL,16.16,910.5123,9,3.1,456.2649,65.72,,163,16825,F120180713_KP_THP1_w632_Filter_Unen_180722164222.raw,1,,,,,PEAKS DB,2,LLAQPGEAL,False,305000.0,1.0,N
VSAGIQTSF,0.4,SB,,1294,VSAGIQTSF,13.02,908.4603,9,1.6,455.2382,61.59,,163,15168,F120180713_KP_THP1_w632_Filter_Unen_180722164222.raw,1,,P17844|DDX5_HUMAN,,,PEAKS DB,2,VSAGIQTSF,False,287000.0,1.0,N
WSIEHVEQY,0.4,SB,,2749,WSIEHVEQY,17.44,1189.5404,9,0.7,595.7779,62.57,,163,15561,F120180713_KP_THP1_w632_Filter_Unen_180722164222.raw,1,,Q9ULT8|HECD1_HUMAN,,,PEAKS DB,2,WSIEHVEQY,False,874000.0,1.0,N
VGIDLGTTY,0.4,SB,,1238,VGIDLGTTY,12.23,937.4756,9,1.8,938.4846,75.04,,163,20545,F120180713_KP_THP1_w632_Filter_Unen_180722164222.raw,1,,P11142|HSP7C_HUMAN:P11021|GRP78_HUMAN,,,PEAKS DB,1,VGIDLGTTY,False,34600000.0,1.0,N
QARIEIESF,0.4,SB,,1234,QARIEIESF,31.16,1091.561,9,1.3,1092.5697,61.79,,163,15248,F120180713_KP_THP1_w632_Filter_Unen_180722164222.raw,2,,P11021|GRP78_HUMAN,,,PEAKS DB,1,QARIEIESF,False,179000000.0,2.0,N
KQTQAPSAL,0.4,SB,,508,KQTQAPSAL,16.73,942.5134,9,0.6,472.2643,24.76,,163,3036,F120180713_KP_THP1_w632_Filter_Unen_180722164222.raw,1,,,,,PEAKS DB,2,KQTQAPSAL,False,111000.0,1.0,N
AGHLSTAQY,0.4,SB,,1679,AGHLSTAQY,26.96,946.4508,9,1.3,474.2333,30.89,,163,4189,F120180713_KP_THP1_w632_Filter_Unen_180722164222.raw,1,,Q04637|IF4G1_HUMAN,,,PEAKS DB,2,AGHLSTAQY,False,1450000.0,1.0,N
YGYRQSVTY,0.4,SB,,1208,YGYRQSVTY,16.91,1135.5298,9,0.4,568.7724,42.81,,163,7738,F120180713_KP_THP1_w632_Filter_Unen_180722164222.raw,1,,P08174|DAF_HUMAN,,,PEAKS DB,2,YGYRQSVTY,False,520000.0,1.0,N
ILRTDNISF,0.4,SB,,1325,ILRTDNISF,23.11,1077.5818,9,1.3,539.7989,63.59,,163,15967,F120180713_KP_THP1_w632_Filter_Unen_180722164222.raw,1,,P23458|JAK1_HUMAN,,,PEAKS DB,2,ILRTDNISF,False,3800000.0,1.0,N
MQYPGRSLVF,0.4,SB,,3213,MQYPGRSLVF,38.21,1212.5961,10,0.1,607.3054,63.43,,163,15903,F120180713_KP_THP1_w632_Filter_Unen_180722164222.raw,1,,Q9GZR7|DDX24_HUMAN,Oxidation (M),M1:Oxidation (M):1000.00,PEAKS DB,2,M(+15.99)QYPGRSLVF,False,1930000.0,1.0,N
YPKKLVQTY,0.4,SB,,1324,YPKKLVQTY,40.14,1138.6387,9,0.8,570.3271,40.8,,163,7002,F120180713_KP_THP1_w632_Filter_Unen_180722164222.raw,1,,P23258|TBG1_HUMAN:Q9NRH3|TBG2_HUMAN,,,PEAKS DB,2,YPKKLVQTY,False,20100000.0,1.0,N
TSIKSLLAY,0.4,SB,,1421,TSIKSLLAY,28.56,994.5699,9,1.3,498.2929,71.32,,163,19059,F120180713_KP_THP1_w632_Filter_Unen_180722164222.raw,1,,P41218|MNDA_HUMAN,,,PEAKS DB,2,TSIKSLLAY,False,410000.0,1.0,N
FANLPNQVY,0.4,SB,,1862,FANLPNQVY,32.35,1064.5291,9,0.1,533.2719,70.93,,163,18904,F120180713_KP_THP1_w632_Filter_Unen_180722164222.raw,1,,Q16181|SEPT7_HUMAN,,,PEAKS DB,2,FANLPNQVY,False,1290000.0,1.0,N
FMNTELAAF,0.4,SB,,1379,FMNTELAAF,19.52,1058.4742,9,1.1,530.245,77.7,,163,21608,F120180713_KP_THP1_w632_Filter_Unen_180722164222.raw,1,,P31949|S10AB_HUMAN,Oxidation (M),M2:Oxidation (M):1000.00,PEAKS DB,2,FM(+15.99)NTELAAF,False,2720000.0,1.0,N
ELAKQVIEY,0.4,SB,,1462,ELAKQVIEY,24.67,1091.5862,9,1.4,546.8011,53.38,,163,11887,F120180713_KP_THP1_w632_Filter_Unen_180722164222.raw,1,,P48556|PSMD8_HUMAN,,,PEAKS DB,2,ELAKQVIEY,False,5150000.0,1.0,N
MARYEREQY,0.4,SB,,2438,MARYEREQY,13.59,1244.5608,9,0.4,415.8611,29.7,,163,3938,F120180713_KP_THP1_w632_Filter_Unen_180722164222.raw,1,,Q9BQ04|RBM4B_HUMAN:Q9BWF3|RBM4_HUMAN,,,PEAKS DB,3,MARYEREQY,False,562000.0,1.0,N
QGYGQQNQY,0.4,SB,,1402,QGYGQQNQY,33.48,1084.4574,9,1.3,543.2367,32.33,,163,4523,F120180713_KP_THP1_w632_Filter_Unen_180722164222.raw,1,,P35637|FUS_HUMAN,,,PEAKS DB,2,QGYGQQNQY,False,7910000.0,1.0,N
LAQTTRTAY,0.5,WB,,1500,LAQTTRTAY,20.61,1023.5349,9,1.0,512.7753,28.26,,163,3659,F120180713_KP_THP1_w632_Filter_Unen_180722164222.raw,1,,P50990|TCPQ_HUMAN,,,PEAKS DB,2,LAQTTRTAY,False,1410000.0,1.0,N
QGRSTGEAF,0.5,WB,,1377,QGRSTGEAF,11.43,951.441,9,0.8,476.7281,28.13,,163,3627,F120180713_KP_THP1_w632_Filter_Unen_180722164222.raw,1,,P31943|HNRH1_HUMAN:P55795|HNRH2_HUMAN,,,PEAKS DB,2,QGRSTGEAF,False,2310000.0,1.0,N
NVYDFKTTY,0.5,WB,,2578,NVYDFKTTY,30.17,1149.5342,9,0.8,575.7748,57.53,,163,13537,F120180713_KP_THP1_w632_Filter_Unen_180722164222.raw,1,,Q9NP77|SSU72_HUMAN,,,PEAKS DB,2,NVYDFKTTY,False,12000000.0,1.0,N
QGKDLLIAY,0.5,WB,,1365,QGKDLLIAY,17.97,1019.5651,9,0.4,510.79,62.56,,163,15557,F120180713_KP_THP1_w632_Filter_Unen_180722164222.raw,1,,P30101|PDIA3_HUMAN,,,PEAKS DB,2,QGKDLLIAY,False,8060000.0,1.0,N
GFADIITVY,0.5,WB,,622,GFADIITVY,16.22,997.512,9,1.5,998.5208,100.51,,163,30659,F120180713_KP_THP1_w632_Filter_Unen_180722164222.raw,1,,,,,PEAKS DB,1,GFADIITVY,False,6200000.0,1.0,N
FFRAEELEY,0.5,WB,,860,FFRAEELEY,13.35,1202.5608,9,5.6,602.2909999999998,68.61,,163,17982,F120180713_KP_THP1_w632_Filter_Unen_180722164222.raw,1,,,,,PEAKS DB,2,FFRAEELEY,False,3220000.0,1.0,N
VGYPGRQYY,0.5,WB,,2224,VGYPGRQYY,36.07,1101.5243,9,1.5,551.7703,45.72,,163,8851,F120180713_KP_THP1_w632_Filter_Unen_180722164222.raw,1,,Q8TEB9|RHBL4_HUMAN,,,PEAKS DB,2,VGYPGRQYY,False,34900000.0,1.0,N
YIHVELIGY,0.5,WB,,1146,YIHVELIGY,27.95,1105.5808,9,1.3,553.7984,78.14,,163,21786,F120180713_KP_THP1_w632_Filter_Unen_180722164222.raw,2,,O95714|HERC2_HUMAN,,,PEAKS DB,2,YIHVELIGY,False,4750000.0,2.0,N
ESRQITQVY,0.5,WB,,1596,ESRQITQVY,24.78,1122.5669,9,1.0,562.2913,40.41,,163,6860,F120180713_KP_THP1_w632_Filter_Unen_180722164222.raw,1,,P62714|PP2AB_HUMAN:P67775|PP2AA_HUMAN:O00743|PPP6_HUMAN:P60510|PP4C_HUMAN,,,PEAKS DB,2,ESRQITQVY,False,6280000.0,1.0,N
WARPLSVSF,0.5,WB,,2537,WARPLSVSF,12.94,1061.5658,9,-0.8,531.7897,74.62,,163,20375,F120180713_KP_THP1_w632_Filter_Unen_180722164222.raw,1,,Q9H488|OFUT1_HUMAN,,,PEAKS DB,2,WARPLSVSF,False,290000.0,1.0,N
EVSKIVQTY,0.5,WB,,1257,EVSKIVQTY,27.72,1065.5706,9,0.5,533.7928,44.22,,163,8269,F120180713_KP_THP1_w632_Filter_Unen_180722164222.raw,1,,P12814|ACTN1_HUMAN,,,PEAKS DB,2,EVSKIVQTY,False,6610000.0,1.0,N
MGKPSILTY,0.5,WB,,2485,MGKPSILTY,21.4,1024.5262,9,0.8,513.2708,51.85,,163,11271,F120180713_KP_THP1_w632_Filter_Unen_180722164222.raw,1,,Q9BXW7|CECR5_HUMAN,Oxidation (M),M1:Oxidation (M):1000.00,PEAKS DB,2,M(+15.99)GKPSILTY,False,6880000.0,1.0,N
FGRPVIVAY,0.5,WB,,1171,FGRPVIVAY,22.7,1020.5756,9,1.5,511.2958,64.42,,163,16300,F120180713_KP_THP1_w632_Filter_Unen_180722164222.raw,1,,P04843|RPN1_HUMAN,,,PEAKS DB,2,FGRPVIVAY,False,6920000.0,1.0,N
QAYPEYLITY,0.5,WB,,2979,QAYPEYLITY,15.49,1259.6074,10,0.9,630.8116,86.85,,163,25253,F120180713_KP_THP1_w632_Filter_Unen_180722164222.raw,1,,O95271|TNKS1_HUMAN:Q9H2K2|TNKS2_HUMAN,,,PEAKS DB,2,QAYPEYLITY,False,400000.0,1.0,N
LAKQITSY,0.5,WB,,296,LAKQITSY,21.12,922.5123,8,0.8,462.2638,37.81,,163,6010,F120180713_KP_THP1_w632_Filter_Unen_180722164222.raw,1,,P50990|TCPQ_HUMAN,,,PEAKS DB,2,LAKQITSY,False,2140000.0,1.0,N
MAKENMVTF,0.5,WB,,2020,MAKENMVTF,23.47,1101.4835,9,0.9,551.7495,36.63,,163,5640,F120180713_KP_THP1_w632_Filter_Unen_180722164222.raw,1,,Q6T4P5|PLPR3_HUMAN,Oxidation (M),M1:Oxidation (M):1000.00;M6:Oxidation (M):1000.00,PEAKS DB,2,M(+15.99)AKENM(+15.99)VTF,False,8200000.0,1.0,N
GQSELTLLL,0.5,WB,,2740,GQSELTLLL,16.91,972.5491,9,1.3,973.5577,97.66,3650000.0,67,28085,F120180713_KP_THP1_BB72_Filter_Unen.raw,1,1.0,Q7L1Q6|BZW1_HUMAN,,,PEAKS DB,1,GQSELTLLL,False,,,N
FLNEKARLSY,0.5,WB,,2893,FLNEKARLSY,14.11,1319.6274,10,0.8,440.8834,54.92,,163,12491,F120180713_KP_THP1_w632_Filter_Unen_180722164222.raw,1,,,Phosphorylation (STY),S9:Phosphorylation (STY):0.00,PEAKS DB,3,FLNEKARLS(+79.97)Y,False,334000.0,1.0,N
HLITFETEVY,0.5,WB,,3033,HLITFETEVY,35.95,1250.6183,10,0.8,626.3169,78.66,,163,21992,F120180713_KP_THP1_w632_Filter_Unen_180722164222.raw,1,,P40763|STAT3_HUMAN,,,PEAKS DB,2,HLITFETEVY,False,5610000.0,1.0,N
RPREIINTY,0.6,WB,,2571,RPREIINTY,24.31,1160.6301,9,0.6,387.8842,43.47,,163,7982,F120180713_KP_THP1_w632_Filter_Unen_180722164222.raw,2,,Q9HCS7|SYF1_HUMAN,,,PEAKS DB,3,RPREIINTY,False,4740000.0,2.0,N
FIFREGDGVYY,0.6,WB,,3341,FIFREGDGVYY,14.98,1364.64,11,1.5,683.3283,76.67,,163,21195,F120180713_KP_THP1_w632_Filter_Unen_180722164222.raw,1,,Q8N7H5|PAF1_HUMAN,,,PEAKS DB,2,FIFREGDGVYY,False,923000.0,1.0,N
SSKPWPDATY,0.6,WB,,3242,SSKPWPDATY,37.67,1150.5294,10,0.9,576.2725,50.91,,163,10895,F120180713_KP_THP1_w632_Filter_Unen_180722164222.raw,1,,Q9Y2W1|TR150_HUMAN,,,PEAKS DB,2,SSKPWPDATY,False,19300000.0,1.0,N
MMNVSKISF,0.6,WB,,2384,MMNVSKISF,14.56,1071.5093,9,1.1,536.7625,60.42,,163,14699,F120180713_KP_THP1_w632_Filter_Unen_180722164222.raw,1,,Q96QD8|S38A2_HUMAN,Oxidation (M),M1:Oxidation (M):0.00,PEAKS DB,2,M(+15.99)MNVSKISF,False,493000.0,1.0,N
TVIDEVRTGTY,0.6,WB,,3350,TVIDEVRTGTY,14.54,1252.6299,11,1.6,627.3232,57.3,,163,13447,F120180713_KP_THP1_w632_Filter_Unen_180722164222.raw,1,,Q9BQE3|TBA1C_HUMAN:P68363|TBA1B_HUMAN:Q71U36|TBA1A_HUMAN,,,PEAKS DB,2,TVIDEVRTGTY,False,326000.0,1.0,N
QEYLFQEQY,0.6,WB,,1565,QEYLFQEQY,23.33,1246.5505,9,1.7,624.2836,76.55,,163,21146,F120180713_KP_THP1_w632_Filter_Unen_180722164222.raw,1,,P57772|SELB_HUMAN,,,PEAKS DB,2,QEYLFQEQY,False,776000.0,1.0,N
YGRDNLLTY,0.6,WB,,724,YGRDNLLTY,12.57,1113.5454,9,-5.5,557.7769,58.69,,163,14005,F120180713_KP_THP1_w632_Filter_Unen_180722164222.raw,1,,,,,PEAKS DB,2,YGRDNLLTY,False,2930000.0,1.0,N
WVKLERIQF,0.6,WB,,1778,WVKLERIQF,21.65,1217.692,9,1.4,609.8541,72.15,,163,19390,F120180713_KP_THP1_w632_Filter_Unen_180722164222.raw,2,,Q14204|DYHC1_HUMAN,,,PEAKS DB,2,WVKLERIQF,False,1980000.0,2.0,N
RPISPGLSY,0.6,WB,,1865,RPISPGLSY,30.14,1068.5005,9,1.6,535.2584,58.66,,163,13991,F120180713_KP_THP1_w632_Filter_Unen_180722164222.raw,2,,Q16204|CCDC6_HUMAN,Phosphorylation (STY),S4:Phosphorylation (STY):42.89,PEAKS DB,2,RPIS(+79.97)PGLSY,False,9560000.0,2.0,N
VERENVIEY,0.6,WB,,745,VERENVIEY,12.16,1149.5665,9,1.0,575.7911,46.18,,163,9032,F120180713_KP_THP1_w632_Filter_Unen_180722164222.raw,1,,,,,PEAKS DB,2,VERENVIEY,False,692000.0,1.0,N
DQFLQLSQY,0.6,WB,,1134,DQFLQLSQY,29.4,1140.5452,9,1.3,571.2806,88.55,,163,25920,F120180713_KP_THP1_w632_Filter_Unen_180722164222.raw,1,,O95479|G6PE_HUMAN,,,PEAKS DB,2,DQFLQLSQY,False,1430000.0,1.0,N
YANAKGIGY,0.6,WB,,478,YANAKGIGY,20.55,955.4763,9,1.4,478.7461,35.87,,163,5426,F120180713_KP_THP1_w632_Filter_Unen_180722164222.raw,1,,A1KXE4|F168B_HUMAN,,,PEAKS DB,2,YANAKGIGY,False,358000.0,1.0,N
EQLEKAITY,0.6,WB,,1465,EQLEKAITY,13.14,1093.5656,9,4.0,547.7922,48.5,,163,9941,F120180713_KP_THP1_w632_Filter_Unen_180722164222.raw,1,,P48595|SPB10_HUMAN,,,PEAKS DB,2,EQLEKAITY,False,4530000.0,1.0,N
KLVDFVIHF,0.6,WB,,1895,KLVDFVIHF,32.94,1116.6332,9,1.7,559.3248,93.2,646000.0,67,26321,F120180713_KP_THP1_BB72_Filter_Unen.raw,1,1.0,P59998|ARPC4_HUMAN,,,PEAKS DB,2,KLVDFVIHF,False,,,N
EMITQLLAY,0.6,WB,,1697,EMITQLLAY,20.08,1096.5475,9,0.9,549.2815,88.41,,163,25865,F120180713_KP_THP1_w632_Filter_Unen_180722164222.raw,1,,Q06203|PUR1_HUMAN,Oxidation (M),M2:Oxidation (M):1000.00,PEAKS DB,2,EM(+15.99)ITQLLAY,False,325000.0,1.0,N
TAADIFKQY,0.6,WB,,2163,TAADIFKQY,35.03,1055.5287,9,1.4,528.7723,60.67,,163,14797,F120180713_KP_THP1_w632_Filter_Unen_180722164222.raw,1,,Q8N3U4|STAG2_HUMAN,,,PEAKS DB,2,TAADIFKQY,False,1560000.0,1.0,N
RLGPAGASL,0.6,WB,,1343,RLGPAGASL,23.28,840.4817,9,1.0,421.2485,49.4,1810000.0,67,8953,F120180713_KP_THP1_BB72_Filter_Unen.raw,1,1.0,P0CG40|SP9_HUMAN:Q8IXZ3|SP8_HUMAN,,,PEAKS DB,2,RLGPAGASL,False,,,N
VFMHVSTAY,0.6,WB,,2247,VFMHVSTAY,20.7,1053.4954,9,1.1,527.7556,58.28,,163,13838,F120180713_KP_THP1_w632_Filter_Unen_180722164222.raw,1,,Q8WVX9|FACR1_HUMAN,,,PEAKS DB,2,VFMHVSTAY,False,857000.0,1.0,N
YMKSEDPLF,0.6,WB,,1354,YMKSEDPLF,30.73,1144.511,9,1.6,573.2637,54.71,,163,12408,F120180713_KP_THP1_w632_Filter_Unen_180722164222.raw,1,,P28340|DPOD1_HUMAN,Oxidation (M),M2:Oxidation (M):1000.00,PEAKS DB,2,YM(+15.99)KSEDPLF,False,2380000.0,1.0,N
HLVAVFNEY,0.6,WB,,1504,HLVAVFNEY,31.89,1090.5447,9,1.4,546.2804,73.69,,163,20008,F120180713_KP_THP1_w632_Filter_Unen_180722164222.raw,1,,P50995|ANX11_HUMAN,,,PEAKS DB,2,HLVAVFNEY,False,11600000.0,1.0,N
LGIKATSVY,0.6,WB,,2060,LGIKATSVY,22.11,950.5436,9,0.7,476.2794,52.06,,163,11356,F120180713_KP_THP1_w632_Filter_Unen_180722164222.raw,1,,Q7L273|KCTD9_HUMAN,,,PEAKS DB,2,LGIKATSVY,False,1850000.0,1.0,N
YPRPPSKTY,0.7,WB,,1233,YPRPPSKTY,27.85,1107.5713,9,1.1,554.7935,31.18,,163,4251,F120180713_KP_THP1_w632_Filter_Unen_180722164222.raw,1,,P10275|ANDR_HUMAN,,,PEAKS DB,2,YPRPPSKTY,False,2860000.0,1.0,N
EAIQRTEAY,0.7,WB,,974,EAIQRTEAY,19.58,1079.5247,9,1.3,540.7703,31.29,,163,4272,F120180713_KP_THP1_w632_Filter_Unen_180722164222.raw,1,,O15027|SC16A_HUMAN,,,PEAKS DB,2,EAIQRTEAY,False,2430000.0,1.0,N
ESIKSVVSY,0.7,WB,,1487,ESIKSVVSY,31.66,1010.5284,9,1.3,506.2721,50.21,,163,10618,F120180713_KP_THP1_w632_Filter_Unen_180722164222.raw,1,,P49792|RBP2_HUMAN:P0DJD0|RGPD1_HUMAN:P0DJD1|RGPD2_HUMAN:A6NKT7|RGPD3_HUMAN:Q7Z3J3|RGPD4_HUMAN:O14715|RGPD8_HUMAN:Q99666|RGPD5_HUMAN,,,PEAKS DB,2,ESIKSVVSY,False,4860000.0,1.0,N
VPREATISY,0.7,WB,,1430,VPREATISY,28.32,1034.5397,9,1.2,518.2777,43.49,,163,7989,F120180713_KP_THP1_w632_Filter_Unen_180722164222.raw,1,,P42338|PK3CB_HUMAN,,,PEAKS DB,2,VPREATISY,False,17200000.0,1.0,N
HLYPNTPYAY,0.7,WB,,3013,HLYPNTPYAY,40.44,1237.5768,10,2.2,619.7971,59.8,,163,14449,F120180713_KP_THP1_w632_Filter_Unen_180722164222.raw,2,,P27695|APEX1_HUMAN,,,PEAKS DB,2,HLYPNTPYAY,False,192000000.0,2.0,N
RPIRLQVQY,0.7,WB,,2304,RPIRLQVQY,19.26,1171.6825,9,-0.2,391.568,53.05,,163,11754,F120180713_KP_THP1_w632_Filter_Unen_180722164222.raw,1,,Q92900|RENT1_HUMAN,,,PEAKS DB,3,RPIRLQVQY,False,196000.0,1.0,N
HARYTVLTY,0.7,WB,,661,HARYTVLTY,17.98,1122.5822,9,1.1,562.299,52.95,,163,11711,F120180713_KP_THP1_w632_Filter_Unen_180722164222.raw,1,,,,,PEAKS DB,2,HARYTVLTY,False,1140000.0,1.0,N
WMYDYSYEKY,0.7,WB,,3030,WMYDYSYEKY,37.91,1462.5751,10,1.4,732.2958,62.57,,163,15558,F120180713_KP_THP1_w632_Filter_Unen_180722164222.raw,1,,P35790|CHKA_HUMAN,Oxidation (M),M2:Oxidation (M):1000.00,PEAKS DB,2,WM(+15.99)YDYSYEKY,False,9450000.0,1.0,N
IGYMGQTAY,0.7,WB,,2295,IGYMGQTAY,25.72,1018.443,9,0.5,510.229,50.32,,163,10661,F120180713_KP_THP1_w632_Filter_Unen_180722164222.raw,2,,Q92841|DDX17_HUMAN,Oxidation (M),M4:Oxidation (M):1000.00,PEAKS DB,2,IGYM(+15.99)GQTAY,False,1970000.0,2.0,N
YGFQEKEAF,0.7,WB,,2324,YGFQEKEAF,34.21,1117.5079,9,1.5,559.7621,54.99,,163,12519,F120180713_KP_THP1_w632_Filter_Unen_180722164222.raw,1,,Q96BH1|RNF25_HUMAN,,,PEAKS DB,2,YGFQEKEAF,False,2420000.0,1.0,N
LPIPLQETY,0.7,WB,,2269,LPIPLQETY,31.1,1072.5804,9,1.1,537.2981,83.27,,163,23832,F120180713_KP_THP1_w632_Filter_Unen_180722164222.raw,1,,Q92558|WASF1_HUMAN,,,PEAKS DB,2,LPIPLQETY,False,1760000.0,1.0,N
AQSELDIYL,0.7,WB,,3665,AQSELDIYL,16.33,1050.5233,9,0.7,1051.5314,87.36,24800000.0,67,24000,F120180713_KP_THP1_BB72_Filter_Unen.raw,2,2.0,Q9NTJ3|SMC4_HUMAN,,,PEAKS DB,1,AQSELDIYL,False,,,N
NAISVTTSY,0.7,WB,,2009,NAISVTTSY,34.22,954.4658,9,1.5,955.4745,55.44,,163,12699,F120180713_KP_THP1_w632_Filter_Unen_180722164222.raw,2,,Q6PD62|CTR9_HUMAN,,,PEAKS DB,1,NAISVTTSY,False,76100000.0,2.0,N
TERELKVAY,0.7,WB,,1967,TERELKVAY,28.01,1107.5924,9,0.3,554.8036,38.22,,163,6126,F120180713_KP_THP1_w632_Filter_Unen_180722164222.raw,1,,Q63ZY3|KANK2_HUMAN,,,PEAKS DB,2,TERELKVAY,False,40000000.0,1.0,N
HFKADLISY,0.7,WB,,2621,HFKADLISY,30.12,1092.5603,9,1.2,547.2881,61.55,,163,15150,F120180713_KP_THP1_w632_Filter_Unen_180722164222.raw,0,,Q9NUW8|TYDP1_HUMAN,,,PEAKS DB,2,HFKADLISY,False,0.0,0.0,N
MGRDPGVSF,0.8,WB,,1123,MGRDPGVSF,23.71,964.4436,9,0.7,483.2294,48.83,,163,10070,F120180713_KP_THP1_w632_Filter_Unen_180722164222.raw,1,,O95229|ZWINT_HUMAN,,,PEAKS DB,2,MGRDPGVSF,False,2240000.0,1.0,N
HSRNEGVATY,0.8,WB,,3028,HSRNEGVATY,13.21,1132.5261,10,1.3,567.2711,26.58,,163,3326,F120180713_KP_THP1_w632_Filter_Unen_180722164222.raw,1,,P35222|CTNB1_HUMAN,,,PEAKS DB,2,HSRNEGVATY,False,568000.0,1.0,N
DLKETNISY,0.8,WB,,932,DLKETNISY,23.87,1081.5292,9,0.9,541.7723,49.21,,163,10222,F120180713_KP_THP1_w632_Filter_Unen_180722164222.raw,1,,O00116|ADAS_HUMAN,,,PEAKS DB,2,DLKETNISY,False,5480000.0,1.0,N
QGYPGQQQGY,0.8,WB,,3097,QGYPGQQQGY,39.34,1124.4886,10,0.7,563.252,40.44,,163,6872,F120180713_KP_THP1_w632_Filter_Unen_180722164222.raw,1,,Q15532|SSXT_HUMAN,,,PEAKS DB,2,QGYPGQQQGY,False,4660000.0,1.0,N
ELYGNTFQLY,0.8,WB,,3095,ELYGNTFQLY,36.13,1246.5869,10,1.5,624.3017,90.33,,163,26631,F120180713_KP_THP1_w632_Filter_Unen_180722164222.raw,1,,Q15397|PUM3_HUMAN,,,PEAKS DB,2,ELYGNTFQLY,False,89900000.0,1.0,N
LLLREELQAY,0.8,WB,,3081,LLLREELQAY,33.09,1246.6921,10,1.1,624.354,73.82,,163,20058,F120180713_KP_THP1_w632_Filter_Unen_180722164222.raw,1,,Q14674|ESPL1_HUMAN,,,PEAKS DB,2,LLLREELQAY,False,9130000.0,1.0,N
LSKTEFLSF,0.8,WB,,1380,LSKTEFLSF,29.8,1070.5648,9,1.3,536.2904,74.46,,163,20312,F120180713_KP_THP1_w632_Filter_Unen_180722164222.raw,1,,P31949|S10AB_HUMAN,,,PEAKS DB,2,LSKTEFLSF,False,21100000.0,1.0,N
TVKDDLSFAGY,0.8,WB,,3337,TVKDDLSFAGY,31.97,1214.5819,11,1.9,608.2994,68.15,,163,17799,F120180713_KP_THP1_w632_Filter_Unen_180722164222.raw,1,,Q6IBS0|TWF2_HUMAN,,,PEAKS DB,2,TVKDDLSFAGY,False,873000.0,1.0,N
QGYPTPSSSY,0.8,WB,,3024,QGYPTPSSSY,32.72,1085.4666,10,0.9,1086.4749,47.33,,163,9476,F120180713_KP_THP1_w632_Filter_Unen_180722164222.raw,2,,P32242|OTX1_HUMAN,,,PEAKS DB,1,QGYPTPSSSY,False,12500000.0,2.0,N
HFYSGSPTSY,0.8,WB,,3151,HFYSGSPTSY,20.09,1144.4825,10,1.0,573.2491,48.26,,163,9845,F120180713_KP_THP1_w632_Filter_Unen_180722164222.raw,1,,Q8IY67|RAVR1_HUMAN,,,PEAKS DB,2,HFYSGSPTSY,False,517000.0,1.0,N
MARLPSVAF,0.8,WB,,1689,MARLPSVAF,23.48,990.532,9,1.5,496.274,70.8,,163,18851,F120180713_KP_THP1_w632_Filter_Unen_180722164222.raw,1,,Q04721|NOTC2_HUMAN,,,PEAKS DB,2,MARLPSVAF,False,203000.0,1.0,N
FQNKKRVLL,0.8,WB,,1589,FQNKKRVLL,24.7,1144.708,9,0.4,382.5768,42.61,,163,7659,F120180713_KP_THP1_w632_Filter_Unen_180722164222.raw,1,,P62280|RS11_HUMAN,,,PEAKS DB,3,FQNKKRVLL,False,909000.0,1.0,N
HAIRLLLEY,0.8,WB,,1450,HAIRLLLEY,33.78,1126.6499,9,1.5,564.3331,77.58,,163,21559,F120180713_KP_THP1_w632_Filter_Unen_180722164222.raw,1,,P46439|GSTM5_HUMAN:P09488|GSTM1_HUMAN:Q03013|GSTM4_HUMAN,,,PEAKS DB,2,HAIRLLLEY,False,2290000.0,1.0,N
IGFGKMETY,0.8,WB,,1647,IGFGKMETY,15.79,1060.4899,9,0.9,531.2527,47.37,,163,9491,F120180713_KP_THP1_w632_Filter_Unen_180722164222.raw,1,,Q00537|CDK17_HUMAN,Oxidation (M),M6:Oxidation (M):1000.00,PEAKS DB,2,IGFGKM(+15.99)ETY,False,1870000.0,1.0,N
IFREGDGVY,0.8,WB,,2176,IFREGDGVY,23.32,1054.5083,9,-0.4,528.2612,50.18,,163,10606,F120180713_KP_THP1_w632_Filter_Unen_180722164222.raw,1,,Q8N7H5|PAF1_HUMAN,,,PEAKS DB,2,IFREGDGVY,False,917000.0,1.0,N
HGIDPTGSY,0.8,WB,,1751,HGIDPTGSY,28.17,945.4192,9,1.4,473.7175,39.41,,163,6533,F120180713_KP_THP1_w632_Filter_Unen_180722164222.raw,1,,Q13885|TBB2A_HUMAN:Q9BVA1|TBB2B_HUMAN,,,PEAKS DB,2,HGIDPTGSY,False,256000.0,1.0,N
TPYEGQRSY,0.9,WB,,2303,TPYEGQRSY,25.01,1099.4934,9,1.2,550.7546,29.23,,163,3845,F120180713_KP_THP1_w632_Filter_Unen_180722164222.raw,1,,Q92900|RENT1_HUMAN,,,PEAKS DB,2,TPYEGQRSY,False,7140000.0,1.0,N
FPFSSHSSY,0.9,WB,,610,FPFSSHSSY,15.15,1057.4504,9,1.5,529.7333,57.01,,163,13327,F120180713_KP_THP1_w632_Filter_Unen_180722164222.raw,1,,,,,PEAKS DB,2,FPFSSHSSY,False,972000.0,1.0,N
YFRDGDLVTF,0.9,WB,,3035,YFRDGDLVTF,11.84,1231.5873,10,1.5,616.8018,77.17,,163,21397,F120180713_KP_THP1_w632_Filter_Unen_180722164222.raw,1,,P41226|UBA7_HUMAN,,,PEAKS DB,2,YFRDGDLVTF,False,791000.0,1.0,N
LPFPIIQQY,0.9,WB,,2464,LPFPIIQQY,36.32,1117.6172,9,1.0,559.8164,98.47,,163,29852,F120180713_KP_THP1_w632_Filter_Unen_180722164222.raw,2,,Q9BTX1|NDC1_HUMAN,,,PEAKS DB,2,LPFPIIQQY,False,51300000.0,2.0,N
HGFGNVHAY,0.9,WB,,2480,HGFGNVHAY,35.0,1000.4515,9,0.4,501.2332,38.65,,163,6270,F120180713_KP_THP1_w632_Filter_Unen_180722164222.raw,1,,Q9BWT1|CDCA7_HUMAN,,,PEAKS DB,2,HGFGNVHAY,False,7680000.0,1.0,N
IPKGEELTY,0.9,WB,,517,IPKGEELTY,12.26,1048.5441,9,0.7,525.2797,45.81,,163,8886,F120180713_KP_THP1_w632_Filter_Unen_180722164222.raw,1,,,,,PEAKS DB,2,IPKGEELTY,False,631000.0,1.0,N
APISLHVSY,0.9,WB,,2499,APISLHVSY,33.15,985.5233,9,1.8,493.7698,60.03,,163,14541,F120180713_KP_THP1_w632_Filter_Unen_180722164222.raw,1,,Q9BZZ2|SN_HUMAN,,,PEAKS DB,2,APISLHVSY,False,1410000.0,1.0,N
TPISITSSY,0.9,WB,,1691,TPISITSSY,31.1,967.4862,9,0.9,968.4943,63.32,,163,15859,F120180713_KP_THP1_w632_Filter_Unen_180722164222.raw,3,,Q04726|TLE3_HUMAN,,,PEAKS DB,1,TPISITSSY,False,105000000.0,3.0,N
YLLKLLKAF,0.9,WB,,726,YLLKLLKAF,14.6,1107.7056,9,0.3,554.8602,85.99,,163,24912,F120180713_KP_THP1_w632_Filter_Unen_180722164222.raw,1,,,,,PEAKS DB,2,YLLKLLKAF,False,216000.0,1.0,N
APIQVFSTY,0.9,WB,,2398,APIQVFSTY,24.0,1024.5229,9,1.0,513.2693,79.22,,163,22215,F120180713_KP_THP1_w632_Filter_Unen_180722164222.raw,2,,Q96SB3|NEB2_HUMAN,,,PEAKS DB,2,APIQVFSTY,False,25600000.0,2.0,N
FERINTVQY,0.9,WB,,2322,FERINTVQY,20.01,1168.5876,9,0.7,585.3015,51.76,,163,11236,F120180713_KP_THP1_w632_Filter_Unen_180722164222.raw,1,,Q96AP4|ZUFSP_HUMAN,,,PEAKS DB,2,FERINTVQY,False,2030000.0,1.0,N
QIFKEALQL,0.9,WB,,839,QIFKEALQL,13.81,1088.6229,9,1.8,545.3197,81.28,,163,23037,F120180713_KP_THP1_w632_Filter_Unen_180722164222.raw,1,,,,,PEAKS DB,2,QIFKEALQL,False,238000.0,1.0,N
QERLVQAEY,0.9,WB,,1498,QERLVQAEY,19.11,1134.5669,9,0.2,568.2908,44.14,,163,8238,F120180713_KP_THP1_w632_Filter_Unen_180722164222.raw,1,,P50897|PPT1_HUMAN,,,PEAKS DB,2,QERLVQAEY,False,3510000.0,1.0,N
DLKEALISY,0.9,WB,,905,DLKEALISY,19.82,1050.5597,9,1.5,526.2879,74.28,,163,20243,F120180713_KP_THP1_w632_Filter_Unen_180722164222.raw,1,,,,,PEAKS DB,2,DLKEALISY,False,2420000.0,1.0,N
KPIESFNEY,0.9,WB,,2871,KPIESFNEY,31.95,1125.5342,9,0.6,563.7747,49.14,,163,10193,F120180713_KP_THP1_w632_Filter_Unen_180722164222.raw,1,,Q9Y6Y8|S23IP_HUMAN:O94830|DDHD2_HUMAN,,,PEAKS DB,2,KPIESFNEY,False,12000000.0,1.0,N
FMVDNEAIY,0.9,WB,,2443,FMVDNEAIY,25.84,1116.4797,9,1.7,559.2481,71.04,,163,18945,F120180713_KP_THP1_w632_Filter_Unen_180722164222.raw,1,,Q9BQE3|TBA1C_HUMAN:P68363|TBA1B_HUMAN:Q71U36|TBA1A_HUMAN:P68366|TBA4A_HUMAN:Q9NY65|TBA8_HUMAN:Q13748|TBA3C_HUMAN:Q6PEY2|TBA3E_HUMAN,Oxidation (M),M2:Oxidation (M):1000.00,PEAKS DB,2,FM(+15.99)VDNEAIY,False,1020000.0,1.0,N
VPREKSVTY,0.9,WB,,1541,VPREKSVTY,20.73,1077.5818,9,1.2,539.7988,28.1,,163,3621,F120180713_KP_THP1_w632_Filter_Unen_180722164222.raw,1,,P52948|NUP98_HUMAN,,,PEAKS DB,2,VPREKSVTY,False,2480000.0,1.0,N
DLKALNTSY,0.9,WB,,1300,DLKALNTSY,29.16,1023.5237,9,0.3,512.7693,53.97,,163,12117,F120180713_KP_THP1_w632_Filter_Unen_180722164222.raw,1,,P18146|EGR1_HUMAN,,,PEAKS DB,2,DLKALNTSY,False,754000.0,1.0,N
EVFKERIGY,0.9,WB,,2042,EVFKERIGY,27.8,1139.5974,9,0.8,570.8065,47.64,,163,9595,F120180713_KP_THP1_w632_Filter_Unen_180722164222.raw,1,,Q6ZNJ1|NBEL2_HUMAN:Q6ZS30|NBEL1_HUMAN,,,PEAKS DB,2,EVFKERIGY,False,6550000.0,1.0,N
NVIRDAVTY,0.9,WB,,1948,NVIRDAVTY,23.36,1049.5505,9,2.7,525.7839,54.65,290000.0,67,11012,F120180713_KP_THP1_BB72_Filter_Unen.raw,1,1.0,P62805|H4_HUMAN,,,PEAKS DB,2,NVIRDAVTY,False,,,N
YPKANIVAY,0.9,WB,,3798,YPKANIVAY,26.58,1037.5546,9,-0.4,519.7844,54.13,628000.0,67,10802,F120180713_KP_THP1_BB72_Filter_Unen.raw,1,1.0,Q9UBT2|SAE2_HUMAN,,,PEAKS DB,2,YPKANIVAY,False,,,N
EAAPPGELY,0.9,WB,,916,EAAPPGELY,15.59,945.4443,9,1.0,946.4526,56.15,,163,12984,F120180713_KP_THP1_w632_Filter_Unen_180722164222.raw,1,,,,,PEAKS DB,1,EAAPPGELY,False,4120000.0,1.0,N
LGHSSLISY,0.9,WB,,1376,LGHSSLISY,28.68,975.5025,9,0.6,488.7588,54.9,,163,12481,F120180713_KP_THP1_w632_Filter_Unen_180722164222.raw,1,,P31629|ZEP2_HUMAN,,,PEAKS DB,2,LGHSSLISY,False,926000.0,1.0,N
EQGRVHVVY,0.9,WB,,1132,EQGRVHVVY,30.73,1085.5618,9,0.8,543.7886,36.62,,163,5639,F120180713_KP_THP1_w632_Filter_Unen_180722164222.raw,1,,O95450|ATS2_HUMAN,,,PEAKS DB,2,EQGRVHVVY,False,7940000.0,1.0,N
FGRKDVVEY,0.9,WB,,2520,FGRKDVVEY,20.93,1111.5662,9,0.1,556.7904,43.22,,163,7888,F120180713_KP_THP1_w632_Filter_Unen_180722164222.raw,1,,Q9H2K2|TNKS2_HUMAN,,,PEAKS DB,2,FGRKDVVEY,False,707000.0,1.0,N
RPIFGGTVY,0.9,WB,,1033,RPIFGGTVY,21.14,1008.5392,9,0.6,505.2772,63.04,,163,15749,F120180713_KP_THP1_w632_Filter_Unen_180722164222.raw,1,,O43663|PRC1_HUMAN,,,PEAKS DB,2,RPIFGGTVY,False,1310000.0,1.0,N
QARAALQTAY,0.9,WB,,3217,QARAALQTAY,26.08,1091.5723,10,2.7,546.7949,37.81,,163,6007,F120180713_KP_THP1_w632_Filter_Unen_180722164222.raw,1,,Q9H2Y7|ZN106_HUMAN,,,PEAKS DB,2,QARAALQTAY,False,942000.0,1.0,N
QAVAIFTVY,0.9,WB,,2516,QAVAIFTVY,30.13,1010.5436,9,0.4,1011.5513,90.94,,163,26872,F120180713_KP_THP1_w632_Filter_Unen_180722164222.raw,2,,Q9H1C4|UN93B_HUMAN,,,PEAKS DB,1,QAVAIFTVY,False,86000000.0,2.0,N
HGIDPTGTY,1.0,WB,,1290,HGIDPTGTY,34.52,959.4348,9,1.0,480.7252,43.04,979000.0,67,6664,F120180713_KP_THP1_BB72_Filter_Unen.raw,1,1.0,P07437|TBB5_HUMAN:P04350|TBB4A_HUMAN:P68371|TBB4B_HUMAN,,,PEAKS DB,2,HGIDPTGTY,False,,,N
EFMPWVSQY,1.0,WB,,485,EFMPWVSQY,18.43,1201.5114,9,1.4,601.7638,84.61,,163,24368,F120180713_KP_THP1_w632_Filter_Unen_180722164222.raw,1,,A5YKK6|CNOT1_HUMAN,Oxidation (M),M3:Oxidation (M):1000.00,PEAKS DB,2,EFM(+15.99)PWVSQY,False,4910000.0,1.0,N
HAHVDKVTY,1.0,WB,,2014,HAHVDKVTY,24.46,1068.5353,9,1.1,535.2755,28.98,,163,3793,F120180713_KP_THP1_w632_Filter_Unen_180722164222.raw,1,,Q6PK18|OGFD3_HUMAN,,,PEAKS DB,2,HAHVDKVTY,False,905000.0,1.0,N
NVIHNLATY,1.0,WB,,1907,NVIHNLATY,35.36,1043.54,9,0.8,522.7777,56.14,,163,12978,F120180713_KP_THP1_w632_Filter_Unen_180722164222.raw,1,,Q53FV1|ORML2_HUMAN,,,PEAKS DB,2,NVIHNLATY,False,3050000.0,1.0,N
QQVKCYLQL,1.0,WB,,4041,QQVKCYLQL,12.87,1121.5903,9,6.8,561.8063,61.06,1360000.0,67,13558,F120180713_KP_THP1_BB72_Filter_Unen.raw,1,1.0,Q9Y4A5|TRRAP_HUMAN,,,PEAKS DB,2,QQVKCYLQL,False,,,N
QLGPVGGVF,1.0,WB,,1475,QLGPVGGVF,16.08,872.4756,9,2.1,873.4847,81.54,,163,23142,F120180713_KP_THP1_w632_Filter_Unen_180722164222.raw,1,,P49327|FAS_HUMAN,,,PEAKS DB,1,QLGPVGGVF,False,1190000.0,1.0,N
HLKWDDPYY,1.0,WB,,1700,HLKWDDPYY,17.12,1235.561,9,0.8,618.7883,62.21,,163,15416,F120180713_KP_THP1_w632_Filter_Unen_180722164222.raw,1,,Q07960|RHG01_HUMAN,,,PEAKS DB,2,HLKWDDPYY,False,528000.0,1.0,N
HLPSFQQSAF,1.0,WB,,3015,HLPSFQQSAF,37.93,1160.5614,10,0.7,581.2884,66.46,,163,17122,F120180713_KP_THP1_w632_Filter_Unen_180722164222.raw,1,,P29375|KDM5A_HUMAN,,,PEAKS DB,2,HLPSFQQSAF,False,5280000.0,1.0,N
TGREQKVYY,1.0,WB,,691,TGREQKVYY,13.68,1142.572,9,0.8,572.2938,28.81,,163,3759,F120180713_KP_THP1_w632_Filter_Unen_180722164222.raw,1,,,,,PEAKS DB,2,TGREQKVYY,False,242000.0,1.0,N
TLPGHIQAVY,1.0,WB,,2959,TLPGHIQAVY,20.79,1097.5869,10,0.5,549.8009999999998,56.17,,163,12993,F120180713_KP_THP1_w632_Filter_Unen_180722164222.raw,1,,O14617|AP3D1_HUMAN,,,PEAKS DB,2,TLPGHIQAVY,False,3880000.0,1.0,N
NLREEFIGF,1.0,WB,,1024,NLREEFIGF,23.05,1123.5662,9,1.0,562.7909,82.97,,163,23712,F120180713_KP_THP1_w632_Filter_Unen_180722164222.raw,1,,O43422|P52K_HUMAN,,,PEAKS DB,2,NLREEFIGF,False,1370000.0,1.0,N
IPYQDRESY,1.0,WB,,2524,IPYQDRESY,31.44,1169.5353,9,1.1,585.7756,38.95,,163,6366,F120180713_KP_THP1_w632_Filter_Unen_180722164222.raw,1,,Q9H2Y7|ZN106_HUMAN,,,PEAKS DB,2,IPYQDRESY,False,15200000.0,1.0,N
HAHLDIEAF,1.0,WB,,1157,HAHLDIEAF,27.98,1051.5087,9,1.0,526.7621,63.46,,163,15915,F120180713_KP_THP1_w632_Filter_Unen_180722164222.raw,1,,P00966|ASSY_HUMAN,,,PEAKS DB,2,HAHLDIEAF,False,9520000.0,1.0,N
LDKELSESY,1.0,WB,,2731,LDKELSESY,16.76,1082.5132,9,0.4,542.2641,41.42,,163,7208,F120180713_KP_THP1_w632_Filter_Unen_180722164222.raw,1,,Q9UK61|TASOR_HUMAN,,,PEAKS DB,2,LDKELSESY,False,1580000.0,1.0,N
LERELKQLY,1.0,WB,,1575,LERELKQLY,18.45,1190.6659,9,0.6,397.8961,49.16,,163,10202,F120180713_KP_THP1_w632_Filter_Unen_180722164222.raw,2,,P61160|ARP2_HUMAN,,,PEAKS DB,3,LERELKQLY,False,3180000.0,2.0,N
YPAESVLAY,1.0,WB,,1281,YPAESVLAY,27.29,1011.4913,9,0.8,506.7533,73.34,,163,19867,F120180713_KP_THP1_w632_Filter_Unen_180722164222.raw,2,,P15559|NQO1_HUMAN,,,PEAKS DB,2,YPAESVLAY,False,16800000.0,2.0,N
LFKEDFINY,1.0,WB,,2655,LFKEDFINY,25.4,1187.5862,9,1.5,594.8013,75.06,,163,20550,F120180713_KP_THP1_w632_Filter_Unen_180722164222.raw,1,,Q9NYH9|UTP6_HUMAN,,,PEAKS DB,2,LFKEDFINY,False,4100000.0,1.0,N
VGVGIRSSY,1.0,WB,,1386,VGVGIRSSY,31.69,936.5029,9,1.0,469.2592,43.52,,163,8003,F120180713_KP_THP1_w632_Filter_Unen_180722164222.raw,1,,P33992|MCM5_HUMAN,,,PEAKS DB,2,VGVGIRSSY,False,3940000.0,1.0,N
SGNPIKVSF,1.0,WB,,1404,SGNPIKVSF,38.83,947.5076,9,1.3,474.7617,56.78,,163,13235,F120180713_KP_THP1_w632_Filter_Unen_180722164222.raw,1,,P35637|FUS_HUMAN,,,PEAKS DB,2,SGNPIKVSF,False,8110000.0,1.0,N
IPITETEAY,1.0,WB,,1883,IPITETEAY,33.05,1035.5125,9,1.2,1036.521,60.59,,163,14766,F120180713_KP_THP1_w632_Filter_Unen_180722164222.raw,2,,Q2M2Z5|KIZ_HUMAN,,,PEAKS DB,1,IPITETEAY,False,19800000.0,2.0,N
LPKDTSPGSAY,1.0,WB,,3347,LPKDTSPGSAY,24.91,1134.5557,11,0.9,568.2856,35.17,,163,5219,F120180713_KP_THP1_w632_Filter_Unen_180722164222.raw,1,,Q99460|PSMD1_HUMAN,,,PEAKS DB,2,LPKDTSPGSAY,False,4920000.0,1.0,N
